selling_price,km_driven,brand,car_age,km_per_year,fuel_Diesel,fuel_Electric,fuel_LPG,fuel_Petrol,seller_type_Individual,seller_type_Trustmark Dealer,transmission_Manual,owner_Fourth & Above Owner,owner_Second Owner,owner_Test Drive Car,owner_Third Owner,brand_tier_Luxury,brand_tier_Mid-range,brand_tier_Premium
60000,0.0334267448202893,7,1.4025658447878866,-0.5377190561252768,False,False,False,True,True,False,True,False,False,False,False,False,False,False
135000,-0.42758713097034695,7,1.4025658447878866,-0.8722649982000663,False,False,False,True,True,False,True,False,False,False,False,False,False,False
600000,0.7249475585062437,5,0.22641758268964243,0.6074574378999642,True,False,False,False,True,False,True,False,False,False,False,False,True,False
250000,-0.5197899061284742,9,-0.9497306794086018,0.022645396849995635,False,False,False,True,True,False,True,False,False,False,False,False,False,False
450000,1.670026003877048,4,-0.24404172214965525,2.1508137874575772,True,False,False,False,True,False,True,False,True,False,False,False,True,False
140000,1.301214903244539,7,1.4025658447878866,0.3822822845803943,False,False,False,True,True,False,True,False,False,False,False,False,False,False
550000,-1.0038544757086423,5,-0.7145010269889529,-0.8722649982000663,False,False,False,True,True,False,True,False,False,False,False,False,True,False
240000,-0.19708019307502883,12,-0.24404172214965525,-0.06631341047443691,False,False,False,True,True,False,True,False,True,False,False,False,False,False
850000,-1.0038544757086423,5,-0.4792713745693041,-0.9559014837187637,False,False,False,True,True,False,True,False,False,False,False,False,True,False
365000,0.2178322951365438,7,-0.9497306794086018,1.2270107883192378,False,False,False,False,True,False,True,False,False,False,False,False,False,False
260000,-0.7733475378133242,1,-0.4792713745693041,-0.6548101358514531,False,False,False,True,True,False,True,False,False,False,False,False,False,False
250000,0.7249475585062437,12,-0.24404172214965525,1.0285642181339647,False,False,False,True,True,False,True,False,False,False,False,False,False,False
1650000,-1.0038544757086423,13,-1.1849603318282507,-0.6333036110037881,False,False,False,True,False,False,False,False,False,False,False,False,False,True
585000,-1.0269051694981741,7,-0.4792713745693041,-0.9860106185054948,False,False,False,True,False,False,True,False,False,False,False,False,False,False
1195000,-1.4648683514992786,5,-1.4201899842478996,-1.457720396830948,True,False,False,False,False,False,True,False,False,False,False,False,True,False
390000,-0.8194489253923878,1,-0.008812069730006403,-0.8806286467519361,True,False,False,False,True,False,True,False,True,False,False,False,False,False
1964999,-0.9347023943400469,9,-0.24404172214965525,-0.9422155133611586,True,False,False,False,False,False,False,False,False,False,False,True,False,False
1425000,-0.22013088686456064,9,-0.008812069730006403,-0.22826405970609642,True,False,False,False,False,False,False,False,False,False,False,True,False,False
975000,-1.4763936983940444,7,-1.1849603318282507,-1.5150711297580546,True,False,False,False,False,False,False,False,False,False,False,False,False,False
1190000,2.4744952171317083,0,0.4616472351092913,2.0743678673172403,True,False,False,False,False,False,False,False,False,False,False,True,False,False
930000,-1.2458867604987263,4,-1.1849603318282507,-1.084940632804754,False,False,False,True,False,False,True,False,False,False,False,False,True,False
525000,-1.2343614136039605,12,-1.1849603318282507,-1.063434107957089,False,False,False,True,True,False,True,False,False,False,False,False,False,False
1735000,-0.42758713097034695,0,-0.008812069730006403,-0.45408257060657936,True,False,False,False,False,False,False,False,False,False,False,True,False,False
1375000,-0.8010083703607623,9,0.22641758268964243,-0.9257923489320327,True,False,False,False,False,False,False,False,True,False,False,True,False,False
450000,1.4256886497080108,11,0.4616472351092913,1.095820986748481,True,False,False,False,False,False,False,False,True,False,False,False,True,False
900000,-0.42758713097034695,13,-0.7145010269889529,-0.0359001430130925,False,False,False,True,True,False,False,False,False,False,False,False,False,True
1300000,0.26393368271560746,13,-0.4792713745693041,0.7001009295514444,True,False,False,False,True,False,True,False,False,False,False,False,False,True
1400000,-1.3496148825516194,9,-1.4201899842478996,-1.2068109402748557,False,False,False,True,True,False,True,False,False,False,False,True,False,False
850000,1.1629107405073482,9,0.6968768875289402,0.680028173026957,False,False,False,True,False,False,False,False,False,False,False,True,False,False
229999,-0.19708019307502883,5,-0.24404172214965525,-0.06631341047443691,False,False,False,True,True,False,True,True,False,False,False,False,True,False
1550000,0.16712076879957383,9,-0.008812069730006403,0.19326382730813838,True,False,False,False,False,False,False,False,True,False,False,True,False,False
1250000,0.2178322951365438,0,0.9321065399485889,-0.2408095325339011,True,False,False,False,False,False,False,False,False,False,True,True,False,False
625000,-0.6580940688656651,5,0.22641758268964243,-0.7821949368722383,True,False,False,False,True,False,True,False,False,False,False,False,True,False
1050000,-0.42758713097034695,6,-0.24404172214965525,-0.3400328176265377,True,False,False,False,True,False,True,False,False,False,False,False,True,False
560000,0.12562951997841657,4,-0.24404172214965525,0.3168937595385036,True,False,False,False,True,False,True,False,True,False,False,False,True,False
290000,-0.10487741791690158,7,-0.24404172214965525,0.043174352386403124,False,False,False,True,True,False,True,False,True,False,False,False,False,False
275000,-0.19708019307502883,7,0.22641758268964243,-0.31897747861483755,False,False,False,True,True,False,True,False,True,False,False,False,False,False
411000,1.18596143429688,6,0.9321065399485889,0.5495552556177892,True,False,False,False,True,False,True,False,True,False,False,False,True,False
150000,0.24088298892607563,5,0.9321065399485889,-0.2219913232921942,False,False,False,True,True,False,True,False,False,False,True,False,True,False
500000,-1.2343614136039605,5,-1.4201899842478996,-0.9559014837187637,False,False,False,True,True,False,True,False,False,False,False,False,True,False
100000,0.26393368271560746,7,1.6377954972075355,-0.44087680973520627,False,False,False,True,True,False,True,False,False,False,False,False,False,False
725000,-1.1536839853405991,7,-0.9497306794086018,-1.0123561114438844,True,False,False,False,False,False,True,False,False,False,False,False,False,False
401000,-1.3450047437937132,7,-1.1849603318282507,-1.2698967464946733,False,False,False,True,False,False,True,False,False,False,False,False,False,False
750000,-0.911651700550515,5,-1.1849603318282507,-0.4612514122224677,True,False,False,False,False,False,True,False,False,False,False,False,True,False
310000,-0.9347023943400469,7,-1.1849603318282507,-0.5042644619177978,False,False,False,True,False,False,True,False,False,False,False,False,False,False
665000,-0.5197899061284742,7,-0.7145010269889529,-0.1697185198430083,True,False,False,False,False,False,True,False,False,False,False,False,False,False
465000,0.0334267448202893,5,-0.24404172214965525,0.20740599667766357,True,False,False,False,False,False,True,False,False,False,False,False,True,False
160000,-0.19708019307502883,7,0.22641758268964243,-0.31897747861483755,False,False,False,True,True,False,True,False,True,False,False,False,False,False
250000,-0.7733475378133242,6,3.990092021404024,-1.3452437438920102,True,False,False,False,True,False,True,False,True,False,False,False,True,False
675000,0.4944406206109256,4,-0.24404172214965525,0.7548448109818645,True,False,False,False,False,False,True,False,False,False,False,False,True,False
300000,0.26393368271560746,7,-0.008812069730006403,0.2986457990616971,False,False,False,True,False,False,True,False,False,False,False,False,False,False
70000,0.26393368271560746,12,1.8730251496271844,-0.5042644619177978,True,False,False,False,True,False,True,False,False,False,False,False,False,False
240000,0.10949403432574428,5,-0.24404172214965525,0.2977334010378567,False,False,False,True,False,False,True,False,True,False,False,False,True,False
525000,0.5405420081899892,13,-0.24404172214965525,0.8095886924122847,True,False,False,False,False,False,True,False,False,False,False,False,False,True
151000,-0.041165300282635646,7,0.9321065399485889,-0.4522509315737199,False,False,False,True,False,False,True,False,True,False,False,False,False,False
140000,0.7249475585062437,7,0.9321065399485889,0.17319107078365092,False,False,False,True,True,False,True,False,False,False,False,False,False,False
280000,3.563834124514915,1,0.6968768875289402,2.770774376207119,True,False,False,False,True,False,True,False,True,False,False,False,False,False
350000,3.563834124514915,13,0.4616472351092913,3.0907318211781303,True,False,False,False,True,False,True,False,False,False,False,False,False,True
570000,-0.19708019307502883,6,-0.9497306794086018,0.5495552556177892,True,False,False,False,True,False,True,False,False,False,False,False,True,False
300000,-0.8655503129714515,5,-1.1849603318282507,-0.37522531283180766,False,False,False,True,True,False,True,False,False,False,False,False,True,False
100000,-0.681144762655197,12,1.4025658447878866,-1.0562652663412007,True,False,False,False,True,False,True,False,False,False,False,False,False,False
500000,1.18596143429688,13,0.9321065399485889,0.5495552556177892,True,False,False,False,True,False,True,False,False,False,True,False,False,True
125000,2.2462933486153434,12,-0.24404172214965525,2.835112305337828,True,False,False,False,True,False,True,True,False,False,False,False,False,False
130000,0.9554544964015619,7,1.6377954972075355,0.03453058163423169,False,False,False,True,True,False,True,False,False,False,True,False,False,False
925000,-0.7733475378133242,3,-0.9497306794086018,-0.3913552064675564,True,False,False,False,True,False,True,False,False,False,False,False,True,False
750000,-0.19708019307502883,7,-1.1849603318282507,0.8721531283327645,True,False,False,False,True,False,True,False,False,False,False,False,False,False
200000,-0.3353843558122197,4,1.4025658447878866,-0.8053558097851085,False,False,False,True,True,False,False,False,True,False,False,False,True,False
248000,-0.1279281117064334,5,0.6968768875289402,-0.44404619234433573,False,False,False,True,True,False,True,False,True,False,False,False,True,False
450000,1.18596143429688,11,-0.24404172214965525,1.5760030324381662,True,False,False,False,True,False,True,False,True,False,False,False,True,False
80000,1.18596143429688,5,1.8730251496271844,0.09791823381682327,False,False,False,True,True,False,True,False,False,False,True,False,True,False
650000,0.1717309075574802,8,-0.24404172214965525,0.37163764096892377,False,False,False,True,True,False,True,False,True,False,False,False,True,False
450000,0.26393368271560746,5,-0.4792713745693041,0.7001009295514444,True,False,False,False,True,False,True,False,False,False,False,False,True,False
650000,-1.0038544757086423,5,-1.4201899842478996,-0.45408257060657936,True,False,False,False,True,False,True,False,False,False,False,False,True,False
495000,-1.3044816241117163,4,-0.7145010269889529,-1.3085798158540067,False,False,False,True,False,False,True,False,False,False,False,False,True,False
371000,-1.1191079446563015,4,-0.4792713745693041,-1.106447157652419,False,False,False,True,False,False,True,False,False,False,False,False,True,False
1025000,-1.3726655763411513,5,-0.9497306794086018,-1.3699020870363157,False,False,False,True,False,False,True,False,False,False,False,False,True,False
2675000,-1.430292310814981,9,-0.9497306794086018,-1.4639931332448504,True,False,False,False,False,False,False,False,False,False,False,True,False,False
750000,0.0334267448202893,6,-0.4792713745693041,0.39900958168413386,True,False,False,False,True,False,True,False,False,False,False,False,True,False
600000,1.18596143429688,10,-0.008812069730006403,1.3022836252860654,True,False,False,False,True,False,True,False,False,False,False,False,True,False
80000,-0.24318158065409246,5,1.4025658447878866,-0.7384466213701505,False,False,False,True,False,False,True,False,True,False,False,False,True,False
325000,-0.14636866673805884,6,-0.008812069730006403,-0.14797303360814712,True,False,False,False,False,False,True,False,False,False,False,False,True,False
1470000,-0.7963982316028559,0,-0.24404172214965525,-0.7779838690698984,True,False,False,False,False,False,False,False,True,False,False,True,False,False
350000,-0.35843504960175154,2,-0.4792713745693041,-0.11284570969029412,True,False,False,False,True,False,True,False,True,False,False,False,False,False
2675000,-0.4506378247598788,0,-0.008812069730006403,-0.47917351626218857,True,False,False,False,False,False,False,False,False,False,False,True,False,False
210000,-1.2343614136039605,9,-0.9497306794086018,-1.1440835761358328,False,False,False,True,False,False,True,False,True,False,False,False,False,False
450000,-0.42758713097034695,14,-0.008812069730006403,-0.45408257060657936,False,False,False,True,True,False,True,False,False,False,False,False,True,False
1150000,-0.35843504960175154,0,-0.008812069730006403,-0.3788097336397517,True,False,False,False,False,False,False,False,False,False,False,True,False,False
210000,-0.11640276481166749,4,0.9321065399485889,-0.5136735665386513,False,False,False,True,False,False,False,False,False,False,False,False,True,False
2675000,-1.354225021309526,9,-1.1849603318282507,-1.2871019663728054,False,False,False,True,False,False,False,False,False,False,False,True,False,False
2675000,-1.2804628011830241,9,-0.9497306794086018,-1.2193564131026604,True,False,False,False,True,False,False,False,False,False,False,True,False,False
1975000,-1.0960572508667696,9,-1.1849603318282507,-0.8053558097851085,True,False,False,False,False,False,False,False,False,False,False,True,False,False
175000,-0.9076639305249261,7,1.167336192368238,-1.1919393891909782,False,False,False,True,False,False,True,False,False,False,False,False,False,False
2500000,-0.47368851854941063,9,0.22641758268964243,-0.5969079535692781,True,False,False,False,False,False,False,False,False,False,False,True,False,False
628000,1.18596143429688,6,-0.9497306794086018,2.8077403646226187,True,False,False,False,True,False,True,False,False,False,False,False,True,False
600000,0.7249475585062437,5,0.6968768875289402,0.2986457990616971,True,False,False,False,True,False,True,False,False,False,False,False,True,False
399000,-0.8886010067609833,8,-0.9497306794086018,-0.5795372988846255,False,False,False,True,True,False,True,False,False,False,False,False,True,False
750000,0.4252885392423301,6,-1.1849603318282507,2.033505470106677,True,False,False,False,True,False,True,False,False,False,False,False,True,False
750000,-1.2343614136039605,5,-1.4201899842478996,-0.9559014837187637,False,False,False,True,True,False,True,False,False,False,False,False,True,False
315000,-1.2113107198144286,10,-0.9497306794086018,-1.106447157652419,False,False,False,True,True,False,True,False,False,False,False,False,True,False
600000,-0.19708019307502883,6,0.22641758268964243,-0.31897747861483755,True,False,False,False,True,False,True,False,False,False,False,False,True,False
100000,-0.19708019307502883,7,0.6968768875289402,-0.5042644619177978,False,False,False,True,True,False,True,True,False,False,False,False,False,False
250000,0.9554544964015619,7,0.4616472351092913,0.6570878798561143,False,False,False,True,True,False,True,False,False,False,True,False,False,False
350000,-1.0038544757086423,10,-0.9497306794086018,-0.7677193913016946,False,False,False,True,True,False,True,False,False,False,False,False,True,False
780000,-0.19708019307502883,5,-0.7145010269889529,0.2986457990616971,True,False,False,False,True,False,True,False,False,False,False,False,True,False
434000,0.24895073175241175,7,-0.24404172214965525,0.46333364236487756,True,False,False,False,True,False,True,False,True,False,False,False,False,False
690000,0.26393368271560746,5,-0.7145010269889529,0.967737683211276,False,False,False,True,True,False,False,False,False,False,False,False,True,False
555000,0.4944406206109256,6,-0.24404172214965525,0.7548448109818645,True,False,False,False,True,False,True,False,True,False,False,False,True,False
120000,0.4944406206109256,7,1.4025658447878866,-0.2031731140504873,False,False,False,True,True,False,True,False,True,False,False,False,False,False
500000,1.18596143429688,7,-0.24404172214965525,1.5760030324381662,True,False,False,False,True,False,True,False,True,False,False,False,False,False
165000,-0.19708019307502883,1,-0.008812069730006403,-0.2031731140504873,True,False,False,False,True,False,True,False,True,False,False,False,False,False
95000,-0.42758713097034695,7,2.108254802046833,-0.9917456917982055,False,False,False,True,True,False,True,False,False,False,False,False,False,False
550000,-1.1191079446563015,7,-1.1849603318282507,-0.8483688594804384,False,False,False,True,True,False,True,False,False,False,False,False,False,False
100000,0.9554544964015619,7,1.4025658447878866,0.13137282802430228,True,False,False,False,True,False,True,True,False,False,False,False,False,False
100000,-0.42758713097034695,12,0.22641758268964243,-0.550586207743538,False,False,False,True,True,False,True,False,True,False,False,False,False,False
500000,0.7249475585062437,13,0.22641758268964243,0.6074574378999642,True,False,False,False,True,False,True,False,False,False,False,False,False,True
800000,0.0334267448202893,7,-0.7145010269889529,0.6331917411364864,True,False,False,False,True,False,True,False,True,False,False,False,False,False
840000,0.0334267448202893,5,-0.7145010269889529,0.6331917411364864,True,False,False,False,True,False,True,False,True,False,False,False,True,False
490000,-0.42758713097034695,4,-0.7145010269889529,-0.0359001430130925,False,False,False,True,True,False,True,False,False,False,False,False,True,False
125000,0.28698437650513925,12,0.6968768875289402,-0.08273657490356306,True,False,False,False,True,False,True,False,True,False,False,False,False,False
400000,1.18596143429688,1,0.22641758268964243,1.070674896157365,True,False,False,False,True,False,True,False,False,False,True,False,False,False
1000000,-1.4971393228046233,1,-0.4792713745693041,-1.6002369681548083,True,False,False,False,False,False,True,False,False,False,False,False,False,False
530000,-1.2511423186827397,3,-0.4792713745693041,-1.2789122817108145,False,False,False,True,False,False,True,False,False,False,False,False,True,False
840000,-0.4457280269827085,3,-0.9497306794086018,0.14357120943720425,True,False,False,False,False,False,True,False,False,False,False,False,True,False
229999,-0.6580940688656651,5,-0.4792713745693041,-0.5042644619177978,False,False,False,True,True,False,True,False,False,False,False,False,True,False
40000,-0.6580940688656651,7,3.5196327165647263,-1.2625685972873206,False,False,False,True,True,False,True,True,False,False,False,False,False,False
130000,0.26393368271560746,1,0.22641758268964243,0.1442399796425635,False,False,False,True,True,False,True,False,False,False,False,False,False,False
200000,0.0334267448202893,5,-0.4792713745693041,0.39900958168413386,False,False,False,True,True,False,True,False,False,False,False,False,True,False
120000,0.0334267448202893,12,0.4616472351092913,-0.2031731140504873,True,False,False,False,True,False,True,False,False,False,False,False,False,False
75000,-0.2662322744436243,5,2.343484454466482,-0.9285295430035536,False,False,False,True,True,False,True,False,False,False,False,False,True,False
250000,1.18596143429688,12,-0.7145010269889529,2.3059214515104345,True,False,False,False,True,False,True,False,False,False,False,False,False,False
100000,-0.8886010067609833,7,1.8730251496271844,-1.2569928315860743,False,False,False,True,True,False,True,False,False,False,False,False,False,False
280000,-1.5054375725688547,5,-0.008812069730006403,-1.6273351894628663,False,False,False,True,True,False,True,False,True,False,False,False,True,False
540000,-1.4648683514992786,5,-0.4792713745693041,-1.5580841794533848,False,False,False,True,True,False,True,False,False,False,False,False,True,False
700000,-1.3496148825516194,5,-1.1849603318282507,-1.2784993564337392,False,False,False,True,True,False,True,False,False,False,False,False,True,False
525000,0.7249475585062437,7,-0.4792713745693041,1.3022836252860654,True,False,False,False,True,False,True,False,False,False,False,False,False,False
430000,0.26393368271560746,5,-0.7145010269889529,0.967737683211276,True,False,False,False,True,False,True,False,False,False,False,False,True,False
65000,0.0334267448202893,5,2.578714106886131,-0.7922648816169645,False,False,False,True,True,False,True,False,False,False,False,False,True,False
800000,-0.7733475378133242,7,-1.1849603318282507,-0.2031731140504873,True,False,False,False,True,False,True,False,False,False,False,False,False,False
75000,1.047657271559689,5,1.4025658447878866,0.19828201643926005,False,False,False,True,True,False,True,False,True,False,False,False,True,False
210000,-0.340639913996233,5,1.167336192368238,-0.7562602088269799,False,False,False,True,True,False,True,False,False,False,False,False,True,False
195000,1.6469753100875162,6,0.22641758268964243,1.533892354414766,True,False,False,False,True,False,True,False,True,False,False,False,True,False
400000,1.18596143429688,1,-0.4792713745693041,1.9044663210206867,True,False,False,False,True,False,True,False,False,False,False,False,False,False
170000,-0.19708019307502883,5,0.22641758268964243,-0.31897747861483755,False,False,False,True,True,False,True,False,False,False,False,False,True,False
225000,-1.0038544757086423,10,-0.7145010269889529,-0.8722649982000663,False,False,False,True,True,False,True,False,False,False,False,False,True,False
210000,0.4944406206109256,7,-0.24404172214965525,0.7548448109818645,False,False,True,False,True,False,True,False,False,False,False,False,False,False
240000,1.18596143429688,7,-1.6554196366675484,5.517562495428414,False,False,False,True,True,False,True,False,False,False,False,False,False,False
300000,2.4537495927211297,1,-0.4792713745693041,3.560468734290895,True,False,False,False,True,False,True,False,False,False,False,False,False,False
99000,0.7249475585062437,1,0.4616472351092913,0.442022631379464,False,False,False,True,True,False,True,False,False,False,True,False,False,False
620000,-0.7502968440237924,4,-0.24404172214965525,-0.7232399876394783,False,False,False,True,True,False,True,False,False,False,False,False,True,False
500000,-0.8886010067609833,4,-0.008812069730006403,-0.9559014837187637,True,False,False,False,True,False,True,False,False,False,False,False,True,False
2550000,-0.6580940688656651,9,0.6968768875289402,-0.9057195924075453,False,False,False,True,True,False,False,False,True,False,False,True,False,False
260000,0.0334267448202893,4,-0.008812069730006403,0.047736342505604754,False,False,False,True,True,False,True,False,True,False,False,False,True,False
550000,-0.19708019307502883,7,-0.9497306794086018,0.5495552556177892,False,False,False,True,True,False,True,False,False,False,False,False,False,False
150000,2.0042610638252594,12,0.4616472351092913,1.6356347604248735,True,False,False,False,True,False,True,False,False,False,False,False,False,False
350000,-0.42758713097034695,5,0.4616472351092913,-0.6333036110037881,False,False,False,True,True,False,False,False,True,False,False,False,True,False
320000,-0.6580940688656651,1,-0.7145010269889529,-0.37044608508788207,False,False,False,True,True,False,True,False,False,False,False,False,False,False
400000,0.7249475585062437,7,-0.4792713745693041,1.3022836252860654,True,False,False,False,True,False,True,False,False,False,True,False,False,False
175000,0.26393368271560746,7,0.22641758268964243,0.1442399796425635,False,False,False,True,True,False,True,False,False,False,True,False,False,False
120000,0.4944406206109256,1,0.4616472351092913,0.22695738290281348,False,False,False,True,True,False,True,False,True,False,False,False,False,False
320000,0.4944406206109256,10,-0.008812069730006403,0.5495552556177892,True,False,False,False,True,False,True,False,True,False,False,False,True,False
70000,0.9554544964015619,5,1.6377954972075355,0.03453058163423169,False,False,False,True,True,False,True,False,False,False,True,False,True,False
810000,-1.2343614136039605,7,-1.4201899842478996,-0.9559014837187637,False,False,False,True,True,False,True,False,False,False,False,False,False,False
95000,0.7249475585062437,7,1.4025658447878866,-0.0359001430130925,False,False,False,True,True,False,True,False,True,False,False,False,False,False
282000,-0.6580940688656651,7,-1.6554196366675484,0.7001009295514444,False,False,False,False,True,False,True,False,False,False,False,False,False,False
80000,-0.19708019307502883,7,2.108254802046833,-0.8483688594804384,False,False,False,True,True,False,True,False,True,False,False,False,False,False
72000,-1.0038544757086423,12,-0.008812069730006403,-1.0813562119968096,False,False,False,True,True,False,True,False,False,False,False,False,False,False
600000,-1.0038544757086423,5,-0.7145010269889529,-0.8722649982000663,False,False,False,True,True,False,True,False,False,False,False,False,True,False
640000,-1.049955863287706,11,-0.4792713745693041,-1.0161197532922257,False,False,False,True,True,False,True,False,False,False,False,False,True,False
380000,-1.0694336995398603,7,-1.1849603318282507,-0.7556757373870022,False,False,False,True,True,False,True,False,False,False,False,False,False,False
650000,0.0334267448202893,7,-1.1849603318282507,1.3022836252860654,False,False,False,True,True,False,True,False,False,False,False,False,False,False
150000,-0.19708019307502883,7,0.9321065399485889,-0.5795372988846255,False,False,False,True,True,False,True,False,True,False,False,False,False,False
280000,0.9554544964015619,5,0.9321065399485889,0.36137316320072,False,False,False,True,True,False,True,False,True,False,False,False,True,False
430000,-0.8886010067609833,12,-1.1849603318282507,-0.4182383625271378,False,False,False,True,True,False,True,False,False,False,False,False,False,False
800000,-1.2343614136039605,6,-1.4201899842478996,-0.9559014837187637,True,False,False,False,True,False,True,False,False,False,False,False,True,False
75000,0.7249475585062437,7,2.343484454466482,-0.3400328176265377,True,False,False,False,True,False,True,False,True,False,False,False,False,False
650000,0.0334267448202893,14,-0.7145010269889529,0.6331917411364864,True,False,False,False,True,False,False,False,False,False,False,False,True,False
390000,-1.0269051694981741,7,-0.9497306794086018,-0.8053558097851085,False,False,False,True,True,False,True,False,False,False,False,False,False,False
100000,1.18596143429688,4,1.8730251496271844,0.09791823381682327,False,False,False,True,True,False,True,False,True,False,False,False,True,False
1500000,-0.7733475378133242,9,-0.008812069730006403,-0.8304467554407177,True,False,False,False,True,False,False,False,False,False,False,True,False,False
175000,0.2265915587765659,7,1.4025658447878866,-0.39754430639594,False,False,False,True,True,False,True,False,False,False,False,False,False,False
434999,0.9554544964015619,10,0.22641758268964243,0.8390661670286645,True,False,False,False,True,False,True,False,True,False,False,False,True,False
170000,0.4944406206109256,3,0.6968768875289402,0.09791823381682327,True,False,False,False,True,False,True,False,False,False,True,False,True,False
190000,0.4944406206109256,3,0.4616472351092913,0.22695738290281348,True,False,False,False,True,False,True,False,False,False,True,False,True,False
250000,1.8774822479828344,7,0.9321065399485889,1.1141015328689965,True,False,False,False,True,False,True,False,False,False,True,False,False,False
229999,3.563834124514915,6,0.9321065399485889,2.4908116118574846,True,False,False,False,True,False,True,False,False,False,True,False,True,False
140000,0.0334267448202893,7,1.6377954972075355,-0.5993459401916854,False,False,False,True,True,False,True,False,False,False,True,False,False,False
600000,0.27227803386741795,7,-0.9497306794086018,1.3159080087770614,True,False,False,False,True,False,True,False,False,False,False,False,False,False
280000,0.9554544964015619,5,0.22641758268964243,0.8390661670286645,False,False,False,True,True,False,True,False,False,False,True,False,True,False
150000,-0.19708019307502883,1,0.22641758268964243,-0.31897747861483755,True,False,False,False,True,False,True,False,False,False,False,False,False,False
650000,-0.42758713097034695,1,-0.4792713745693041,-0.2031731140504873,True,False,False,False,True,False,False,False,False,False,False,False,False,False
210000,-0.6580940688656651,8,-0.24404172214965525,-0.613752224778638,False,False,False,True,True,False,True,False,True,False,False,False,True,False
2675000,-0.6580940688656651,9,-0.9497306794086018,-0.2031731140504873,True,False,False,False,True,False,False,False,False,False,False,True,False,False
425000,-1.1191079446563015,1,-0.008812069730006403,-1.2068109402748557,True,False,False,False,False,False,True,False,False,False,False,False,False,False
265000,-0.3123336620226879,5,-0.24404172214965525,-0.2031731140504873,False,False,False,True,False,False,True,False,False,False,False,False,True,False
890000,-1.5539362323020296,2,-1.1849603318282507,-1.659767028933145,False,False,False,True,False,False,True,False,False,False,False,False,False,False
365000,-0.3123336620226879,10,-0.008812069730006403,-0.3286278423285334,False,False,False,True,False,False,True,False,False,False,False,False,True,False
350000,-0.5889419874970697,3,-0.24404172214965525,-0.5316364026330079,False,False,False,True,False,False,True,False,False,False,False,False,True,False
685000,-0.19708019307502883,7,-0.7145010269889529,0.2986457990616971,True,False,False,False,True,False,True,False,False,False,False,False,False,False
940000,-1.5190374819046784,11,-1.1849603318282507,-1.5946452716944155,True,False,False,False,False,False,True,False,False,False,False,False,True,False
1000000,-0.6580940688656651,6,-0.9497306794086018,-0.2031731140504873,True,False,False,False,True,False,True,False,False,False,False,False,True,False
1150000,-1.2343614136039605,6,-1.4201899842478996,-0.9559014837187637,False,False,False,True,False,False,True,False,False,False,False,False,True,False
450000,1.0928827327747506,7,-0.7145010269889529,2.170831800100634,True,False,False,False,True,False,True,False,True,False,False,False,False,False
590000,-0.08182672412736977,8,-0.4792713745693041,0.24846390775047855,True,False,False,False,False,False,True,False,False,False,False,False,True,False
800000,-0.6580940688656651,7,-0.9497306794086018,-0.2031731140504873,True,False,False,False,True,False,True,False,False,False,False,False,False,False
385000,-0.24318158065409246,5,0.22641758268964243,-0.3652992244405775,True,False,False,False,False,False,True,False,False,False,False,False,True,False
2000000,-1.2343614136039605,9,-0.008812069730006403,-1.332265668552902,True,False,False,False,True,False,False,False,False,False,False,True,False,False
235000,-0.3353843558122197,5,0.22641758268964243,-0.45794271609205767,False,False,False,True,False,False,True,False,False,False,False,False,True,False
640000,-0.2892829682331561,14,-0.9497306794086018,0.39900958168413386,True,False,False,False,False,False,True,False,False,False,False,False,True,False
52000,1.18596143429688,7,1.6377954972075355,0.19299971209071093,False,False,False,True,True,False,True,False,False,False,True,False,False,False
80000,0.4944406206109256,7,0.9321065399485889,-0.014991021633418186,False,False,True,False,True,False,True,False,True,False,False,False,False,False
140000,0.0334267448202893,7,0.22641758268964243,-0.08736874948613703,False,False,False,True,True,False,True,False,True,False,False,False,False,False
120000,0.4944406206109256,5,1.167336192368238,-0.11461683526598422,False,False,False,True,True,False,True,False,True,False,False,False,True,False
89999,3.3296759567233387,6,1.167336192368238,2.0638676228327926,True,False,False,False,True,False,True,False,False,False,False,False,True,False
180000,1.18596143429688,1,0.22641758268964243,1.070674896157365,True,False,False,False,True,False,True,False,False,False,False,False,False,False
1500000,-1.1191079446563015,6,-0.9497306794086018,-0.9559014837187637,True,False,False,False,True,False,True,False,False,False,False,False,True,False
700000,-1.3496148825516194,5,-0.9497306794086018,-1.332265668552902,False,False,False,True,True,False,True,False,False,False,False,False,True,False
285000,0.26393368271560746,7,0.22641758268964243,0.1442399796425635,True,False,False,False,True,False,True,False,True,False,False,False,False,False
390000,0.4944406206109256,5,-0.4792713745693041,1.001192277418755,False,False,False,True,True,False,True,False,False,False,False,False,True,False
125000,0.26393368271560746,7,1.167336192368238,-0.2917293928349904,False,False,False,True,True,False,True,False,False,False,False,False,False,False
225000,-0.19708019307502883,7,1.167336192368238,-0.6459545079730028,False,False,False,True,True,False,True,False,True,False,False,False,False,False
175000,1.6239246162979846,5,0.4616472351092913,1.2807771004384008,False,False,False,True,True,False,True,False,True,False,False,False,True,False
1075000,2.1079891858781528,13,0.4616472351092913,1.7324141222393665,True,False,False,False,True,False,True,False,True,False,False,False,False,True
300000,1.8774822479828344,4,-0.24404172214965525,2.3971612538944673,True,False,False,False,True,False,True,False,False,False,False,False,True,False
700000,2.177141267246748,13,0.6968768875289402,1.5632294601044012,True,False,False,False,True,False,True,True,False,False,False,False,False,True
90000,1.18596143429688,12,0.9321065399485889,0.5495552556177892,True,False,False,False,False,False,True,False,False,False,False,False,False,False
120000,1.18596143429688,12,0.4616472351092913,0.8721531283327645,True,False,False,False,True,False,True,False,True,False,False,False,False,False
220000,0.7249475585062437,1,0.22641758268964243,0.6074574378999642,True,False,False,False,True,False,True,False,True,False,False,False,False,False
300000,1.6469753100875162,12,-0.4792713745693041,2.506649016755308,True,False,False,False,False,False,True,False,False,False,False,False,False,False
180000,0.4252885392423301,11,0.6968768875289402,0.03769996424336116,True,False,False,False,False,False,True,False,True,False,False,False,True,False
170000,0.0334267448202893,7,-0.008812069730006403,0.047736342505604754,False,False,False,True,True,False,True,False,False,False,False,False,False,False
300000,-0.42758713097034695,3,-0.4792713745693041,-0.2031731140504873,False,False,False,True,True,False,True,False,True,False,False,False,True,False
1050000,0.0334267448202893,13,-0.24404172214965525,0.20740599667766357,True,False,False,False,True,False,True,False,False,False,False,False,False,True
465000,-1.0038544757086423,5,-1.1849603318282507,-0.6333036110037881,True,False,False,False,True,False,True,False,False,False,False,False,True,False
130000,0.26393368271560746,1,0.4616472351092913,0.011892134426163232,True,False,False,False,True,False,True,False,True,False,False,False,False,False
434999,-1.3496148825516194,9,-1.1849603318282507,-1.2784993564337392,False,False,False,True,True,False,True,False,False,False,False,False,False,False
500000,-0.8424996191819196,5,-1.1849603318282507,-0.3322122631364775,False,False,False,True,True,False,True,False,False,False,False,False,True,False
200000,-1.3496148825516194,7,-1.1849603318282507,-1.2784993564337392,False,False,False,True,True,False,True,False,False,False,False,False,False,False
625000,-0.3814857433912833,7,-0.9497306794086018,0.24846390775047855,False,False,False,True,False,False,True,False,False,False,False,False,False,False
110000,1.18596143429688,3,1.6377954972075355,0.19299971209071093,True,False,False,False,True,False,True,False,False,False,True,False,True,False
800000,-1.3210320222526002,5,-1.4201899842478996,-1.144585395048945,False,False,False,True,True,False,True,False,False,False,False,False,True,False
490000,-0.05877603033783795,5,-0.9497306794086018,0.7753737665182721,True,False,False,False,False,False,True,False,False,False,False,False,True,False
880000,-0.10487741791690158,7,-0.9497306794086018,0.7001009295514444,True,False,False,False,False,False,True,False,False,False,False,False,False,False
290000,-0.4506378247598788,5,-0.008812069730006403,-0.47917351626218857,False,False,False,True,True,False,True,False,False,False,False,False,True,False
115999,0.7249475585062437,12,1.6377954972075355,-0.12393854882224754,True,False,False,False,True,False,True,False,True,False,False,False,False,False
360000,-0.9692784350243446,10,-1.1849603318282507,-0.568784036460793,False,False,False,True,True,False,True,False,False,False,False,False,True,False
65000,0.7249475585062437,7,2.578714106886131,-0.3995370365726463,False,False,False,True,True,False,True,False,True,False,False,False,False,False
685000,0.07952813239935293,7,-0.9497306794086018,1.001192277418755,True,False,False,False,False,False,True,False,False,False,False,False,False,False
300000,-0.42758713097034695,4,0.9321065399485889,-0.7677193913016946,False,False,False,True,True,False,True,False,False,False,False,False,True,False
680000,-0.5658912937075379,5,-0.9497306794086018,-0.05262744011683201,True,False,False,False,False,False,True,False,False,False,False,False,True,False
1000000,-0.19708019307502883,7,-0.9497306794086018,0.5495552556177892,True,False,False,False,True,False,True,False,True,False,False,False,False,False
100000,1.18596143429688,12,2.578714106886131,-0.13771847320976763,True,False,False,False,True,False,True,False,False,False,False,False,False,False
160000,1.4164683721921982,6,0.6968768875289402,0.9008284947963179,True,False,False,False,True,False,True,False,False,False,False,False,True,False
450000,0.0334267448202893,7,-0.9497306794086018,0.9259194404519273,True,False,False,False,True,False,True,False,False,False,False,False,False,False
600000,-1.1191079446563015,7,-0.24404172214965525,-1.161191039082839,False,False,False,True,True,False,True,False,False,False,False,False,False,False
180000,-0.19708019307502883,5,0.9321065399485889,-0.5795372988846255,True,False,False,False,True,False,True,False,True,False,False,False,True,False
100000,2.914763468511766,7,1.4025658447878866,1.5531930818421578,False,False,False,True,True,False,True,False,False,False,False,False,False,False
120000,0.4944406206109256,7,0.6968768875289402,0.09791823381682327,False,False,False,True,True,False,True,False,True,False,False,False,False,False
130000,0.26393368271560746,5,1.6377954972075355,-0.44087680973520627,False,False,False,True,True,False,True,False,False,False,True,False,True,False
160000,1.9927357169304936,7,0.4616472351092913,1.6248814980010409,False,False,False,True,True,False,True,False,False,False,False,False,False,False
860000,-0.7733475378133242,6,-1.4201899842478996,0.047736342505604754,True,False,False,False,True,False,True,False,False,False,False,False,True,False
650000,-1.1191079446563015,5,-1.1849603318282507,-0.8483688594804384,False,False,False,True,True,False,True,False,True,False,False,False,True,False
100000,0.26393368271560746,7,0.6968768875289402,-0.10280933142805053,False,False,False,True,True,False,True,False,True,False,False,False,False,False
282000,-1.1191079446563015,7,-0.9497306794086018,-0.9559014837187637,False,False,False,True,True,False,True,False,False,False,False,False,False,False
300000,-0.42758713097034695,5,0.9321065399485889,-0.7677193913016946,False,False,False,True,True,False,True,False,False,False,False,False,True,False
270000,0.9554544964015619,5,0.6968768875289402,0.4993733643065706,False,False,False,True,True,False,True,False,True,False,False,False,True,False
550000,-0.911651700550515,5,-0.008812069730006403,-0.9809924293743729,True,False,False,False,True,False,True,False,False,False,False,False,True,False
450000,1.18596143429688,6,-0.008812069730006403,1.3022836252860654,True,False,False,False,True,False,True,False,False,False,False,False,True,False
430000,0.0334267448202893,6,0.4616472351092913,-0.2031731140504873,True,False,False,False,True,False,True,False,True,False,False,False,True,False
350000,-0.6580940688656651,7,-0.008812069730006403,-0.7049920271626715,False,False,False,True,True,False,True,False,False,False,False,False,False,False
350000,-1.1191079446563015,4,-0.9497306794086018,-0.9559014837187637,False,False,False,True,True,False,True,False,False,False,False,False,True,False
229999,-0.42758713097034695,13,-0.008812069730006403,-0.45408257060657936,False,False,False,True,True,False,True,False,True,False,False,False,False,True
110000,-0.42758713097034695,7,-0.008812069730006403,-0.45408257060657936,False,False,False,True,True,False,True,False,False,False,False,False,False,False
395000,-0.4506378247598788,7,0.22641758268964243,-0.573747080656408,False,False,False,True,True,False,True,False,True,False,False,False,False,False
650000,0.0334267448202893,6,0.4616472351092913,-0.2031731140504873,True,False,False,False,True,False,False,False,True,False,False,False,True,False
350000,0.4944406206109256,6,0.4616472351092913,0.22695738290281348,True,False,False,False,True,False,True,False,True,False,False,False,True,False
1400000,-1.0038544757086423,6,-1.6554196366675484,-0.2031731140504873,True,False,False,False,False,False,True,False,False,False,False,False,True,False
360000,-1.4879190452888105,12,-1.1849603318282507,-1.5365776546057197,False,False,False,True,True,False,True,False,False,False,False,False,False,False
1300000,-1.3496148825516194,6,-1.1849603318282507,-1.2784993564337392,True,False,False,False,True,False,True,False,False,False,False,False,True,False
800000,-1.2343614136039605,10,-0.4792713745693041,-1.2569928315860743,True,False,False,False,True,False,True,False,False,False,False,False,True,False
229999,-0.8886010067609833,5,-1.1849603318282507,-0.4182383625271378,False,False,False,True,True,False,True,False,False,False,False,False,True,False
315000,-0.6350433750761333,7,-0.24404172214965525,-0.5863802840634279,False,False,False,True,False,False,True,False,False,False,False,False,False,False
125000,-0.9347023943400469,1,0.22641758268964243,-1.060125411826679,False,False,False,True,True,False,True,False,False,False,False,False,False,False
700000,-1.2113107198144286,7,-1.4201899842478996,-0.9057195924075453,False,False,False,True,True,False,True,False,False,False,False,False,False,False
160000,0.0334267448202893,5,-0.4792713745693041,0.39900958168413386,False,False,False,True,True,False,True,False,False,False,False,False,True,False
530000,-1.3304367053187292,3,-0.9497306794086018,-1.3009521683747016,False,False,False,True,False,False,True,False,False,False,False,False,True,False
624000,-1.241714584922821,3,-1.1849603318282507,-1.0771552708098993,True,False,False,False,False,False,True,False,False,False,False,False,True,False
250000,-0.42758713097034695,5,0.9321065399485889,-0.7677193913016946,False,False,False,True,True,False,True,False,False,False,False,False,True,False
585000,-0.40453643718081517,6,-0.7145010269889529,-0.0024455488056134883,True,False,False,False,False,False,True,False,False,False,False,False,True,False
500000,-1.0038544757086423,5,-0.4792713745693041,-0.9559014837187637,False,False,False,True,True,False,True,False,False,False,False,False,True,False
350000,-0.8886010067609833,1,-0.24404172214965525,-0.8874716319307385,False,False,False,True,True,False,True,False,False,False,False,False,False,False
495000,0.26393368271560746,4,-0.24404172214965525,0.48112540382976404,True,False,False,False,False,False,True,False,False,False,False,False,True,False
500000,-0.42758713097034695,5,-0.9497306794086018,0.17319107078365092,False,False,False,True,True,False,True,False,False,False,False,False,True,False
430000,3.030016937459425,6,-0.4792713745693041,4.313197103959172,True,False,False,False,True,False,True,False,False,False,False,False,True,False
345000,-0.5658912937075379,5,-0.008812069730006403,-0.6046282445402348,False,False,False,True,False,False,True,False,False,False,False,False,True,False
500000,-1.3496148825516194,7,-0.4792713745693041,-1.4075385055197296,False,False,False,True,True,False,True,False,False,False,False,False,False,False
425000,-1.128328222172114,12,-1.4201899842478996,-0.725064783687159,False,False,False,True,True,False,True,False,False,False,False,False,False,False
80000,-0.6580940688656651,7,1.8730251496271844,-1.106447157652419,False,False,False,True,True,False,True,False,True,False,False,False,False,False
106000,-0.42758713097034695,1,0.4616472351092913,-0.6333036110037881,True,False,False,False,True,False,True,False,False,False,False,False,False,False
180000,-0.502962899662116,7,0.9321065399485889,-0.8292549355220762,False,False,False,True,True,False,True,False,False,False,False,False,False,False
250000,-0.6580940688656651,9,-0.4792713745693041,-0.5042644619177978,False,False,False,True,True,False,True,False,True,False,False,False,False,False
350000,0.26393368271560746,11,0.4616472351092913,0.011892134426163232,True,False,False,False,True,False,True,False,False,False,False,False,True,False
60000,0.26393368271560746,7,2.578714106886131,-0.6613555999355251,False,False,False,True,True,False,True,False,True,False,False,False,False,False
900000,-1.0269051694981741,5,-1.1849603318282507,-0.6763166606991182,True,False,False,False,True,False,True,False,False,False,False,False,True,False
700000,-1.092138632922549,3,-0.9497306794086018,-0.9118668740931696,True,False,False,False,False,False,True,False,False,False,False,False,True,False
2000000,2.274484347119941,9,-0.008812069730006403,2.4871533519808997,True,False,False,False,False,False,False,False,False,False,False,True,False,False
1000000,-0.6580940688656651,7,-0.9497306794086018,-0.2031731140504873,True,False,False,False,True,False,True,False,False,False,False,False,False,False
1375000,-0.19708019307502883,9,0.4616472351092913,-0.4182383625271378,True,False,False,False,True,False,False,False,False,False,False,True,False,False
1800000,1.6801683091444422,13,-0.7145010269889529,3.023187951318783,True,False,False,False,False,False,True,False,False,False,False,False,False,True
160000,1.18596143429688,1,1.4025658447878866,0.2986457990616971,True,False,False,False,True,False,True,False,False,False,True,False,False,False
525000,1.6469753100875162,9,0.22641758268964243,1.533892354414766,False,False,False,True,True,False,False,False,False,False,False,False,False,True
850000,3.3253885276784856,6,0.22641758268964243,3.2203281546924853,True,False,False,False,False,False,True,False,False,False,False,False,True,False
800000,-0.8886010067609833,7,-1.4201899842478996,-0.2031731140504873,True,False,False,False,True,False,True,False,False,False,False,False,False,False
700000,0.46297642358821467,3,-0.9497306794086018,1.6272740988903438,True,False,False,False,False,False,True,False,False,False,False,False,True,False
800000,-1.0038544757086423,7,-1.1849603318282507,-0.6333036110037881,True,False,False,False,True,False,True,False,False,False,False,False,False,False
575000,-1.1191079446563015,5,-0.9497306794086018,-0.9559014837187637,False,False,False,True,True,False,True,False,True,False,False,False,True,False
350000,0.9554544964015619,10,0.22641758268964243,0.8390661670286645,True,False,False,False,True,False,True,False,True,False,False,False,True,False
250000,1.18596143429688,7,1.167336192368238,0.4167208374410345,True,False,False,False,True,False,True,False,False,False,True,False,False,False
600000,1.869967721807447,3,0.4616472351092913,1.510337746662377,True,False,False,False,False,False,True,False,True,False,False,False,True,False
370000,0.7249475585062437,6,1.4025658447878866,-0.0359001430130925,True,False,False,False,True,False,True,False,False,False,True,False,True,False
80000,1.18596143429688,7,1.6377954972075355,0.19299971209071093,False,False,False,True,True,False,True,False,False,False,True,False,False,False
50000,1.18596143429688,12,2.343484454466482,-0.06631341047443691,True,False,False,False,True,False,True,False,True,False,False,False,False,False
900000,-1.0038544757086423,5,-1.1849603318282507,-0.6333036110037881,True,False,False,False,True,False,True,False,False,False,False,False,True,False
300000,-0.7733475378133242,7,-0.24404172214965525,-0.7506119283546883,False,False,False,True,True,False,True,False,True,False,False,False,False,False
125000,-0.6580940688656651,12,2.578714106886131,-1.1849927266612825,False,False,False,True,True,False,True,False,False,False,False,False,False,False
490000,-0.19708019307502883,7,-0.4792713745693041,0.09791823381682327,True,False,False,False,True,False,True,False,True,False,False,False,False,False
300000,-0.42758713097034695,13,0.22641758268964243,-0.550586207743538,True,False,False,False,True,False,True,False,True,False,False,False,False,True
55000,-1.0038544757086423,12,-0.008812069730006403,-1.0813562119968096,False,False,False,True,True,False,True,True,False,False,False,False,False,False
350000,-1.0038544757086423,5,-0.7145010269889529,-0.8722649982000663,False,False,False,True,True,False,True,False,False,False,False,False,True,False
755000,-1.3957162701306831,5,-1.4201899842478996,-1.3071747228972928,True,False,False,False,True,False,True,False,False,False,False,False,True,False
720000,-0.19708019307502883,7,-0.9497306794086018,0.5495552556177892,True,False,False,False,True,False,True,False,False,False,False,False,False,False
229999,3.030016937459425,6,1.6377954972075355,1.460752755742545,True,False,False,False,True,False,True,False,False,False,True,False,True,False
1100000,-1.1191079446563015,6,-1.1849603318282507,-0.8483688594804384,True,False,False,False,True,False,True,False,False,False,False,False,True,False
400000,0.7249475585062437,14,-0.008812069730006403,0.8004647121738815,False,False,False,True,True,False,True,False,False,False,False,False,True,False
350000,0.0334267448202893,5,-0.4792713745693041,0.39900958168413386,True,False,False,False,True,False,True,False,True,False,False,False,True,False
159000,-0.012674642758774326,1,0.22641758268964243,-0.13369049531187724,True,False,False,False,False,False,True,False,False,False,False,False,False,False
550000,-0.7041954564447287,7,-0.9497306794086018,-0.27844595101731495,False,False,False,True,False,False,True,False,False,False,False,False,False,False
335000,0.26393368271560746,7,-0.008812069730006403,0.2986457990616971,True,False,False,False,False,False,True,False,False,False,False,False,False,False
185000,0.07952813239935293,12,-0.24404172214965525,0.26214987810808343,False,False,False,False,False,False,True,False,False,False,False,False,False,False
229999,0.14868021376794838,7,0.22641758268964243,0.02843561507821323,False,False,False,False,False,False,True,False,False,False,False,False,False,False
225000,-0.5889419874970697,7,-0.24404172214965525,-0.5316364026330079,False,False,False,True,False,False,True,False,False,False,False,False,False,False
250000,1.18596143429688,7,1.4025658447878866,0.2986457990616971,False,False,False,True,True,False,True,False,True,False,False,False,False,False
400000,0.7249475585062437,12,-0.4792713745693041,1.3022836252860654,True,False,False,False,True,False,True,False,False,False,False,False,False,False
470000,2.177141267246748,7,-0.24404172214965525,2.752996483192198,True,False,False,False,True,False,True,False,False,False,False,False,False,False
300000,-1.0038544757086423,7,-1.1849603318282507,-0.6333036110037881,False,False,False,True,True,False,False,False,False,False,False,False,False,False
145000,-1.0038544757086423,7,0.4616472351092913,-1.170966732195414,False,False,False,True,True,False,True,False,False,False,False,False,False,False
100000,0.4944406206109256,7,1.4025658447878866,-0.2031731140504873,False,False,False,True,True,False,True,False,True,False,False,False,False,False
500000,0.0334267448202893,6,-0.24404172214965525,0.20740599667766357,True,False,False,False,True,False,True,False,True,False,False,False,True,False
130000,0.6788461709271801,5,0.6968768875289402,0.2585002860127221,False,False,False,False,True,False,True,False,True,False,False,False,True,False
240000,0.3083062682604562,1,0.6968768875289402,-0.06416927511841215,True,False,False,False,True,False,True,False,False,False,False,False,False,False
150000,0.26393368271560746,3,-0.008812069730006403,0.2986457990616971,True,False,False,False,True,False,True,False,True,False,False,False,True,False
270000,-0.6580940688656651,10,-0.9497306794086018,-0.2031731140504873,False,False,False,True,True,False,True,False,False,False,False,False,True,False
400000,0.4944406206109256,7,-0.24404172214965525,0.7548448109818645,True,False,False,False,True,False,True,False,False,False,False,False,False,False
200000,-0.5197899061284742,5,0.22641758268964243,-0.6432296993950181,False,False,False,True,True,False,True,False,False,False,False,False,True,False
550000,0.26393368271560746,6,0.22641758268964243,0.1442399796425635,True,False,False,False,True,False,True,False,False,False,False,False,True,False
325000,-0.7733475378133242,10,-1.1849603318282507,-0.2031731140504873,False,False,False,True,True,False,True,False,False,False,False,False,True,False
860000,0.3118791257978336,11,-0.9497306794086018,1.3805673757315662,True,False,False,False,True,False,False,False,False,False,False,False,True,False
600000,3.030016937459425,6,0.22641758268964243,2.9235447291869683,True,False,False,False,True,False,True,False,False,False,False,False,True,False
125000,0.0334267448202893,1,0.9321065399485889,-0.3913552064675564,False,False,False,True,True,False,True,False,False,False,False,False,False,False
60000,-0.6580940688656651,7,3.0491734117254286,-1.2268836967993433,False,False,False,True,True,False,True,False,False,False,True,False,False,False
300000,1.18596143429688,1,0.6968768875289402,0.7001009295514444,True,False,False,False,True,False,True,False,False,False,True,False,False,False
190000,-0.19708019307502883,3,1.4025658447878866,-0.7049920271626715,False,False,False,True,True,False,True,False,False,False,True,False,True,False
400000,0.9554544964015619,7,-0.008812069730006403,1.0513741687299731,True,False,False,False,True,False,True,False,False,False,False,False,False,False
260000,0.6557954771376483,12,0.4616472351092913,0.3775030568364688,True,False,False,False,True,False,True,False,True,False,False,False,False,False
400000,-0.8886010067609833,7,-0.9497306794086018,-0.5795372988846255,False,False,False,True,True,False,True,False,False,False,False,False,False,False
250000,-0.6580940688656651,5,0.6968768875289402,-0.9057195924075453,False,False,False,True,True,False,True,False,False,False,False,False,True,False
600000,-1.3496148825516194,5,-1.4201899842478996,-1.2068109402748557,False,False,False,True,True,False,True,False,False,False,False,False,True,False
175000,-0.38040236078317535,7,0.6968768875289402,-0.6639030945570459,False,False,False,True,True,False,True,False,False,False,False,False,False,False
450000,3.030016937459425,13,0.4616472351092913,2.5926751161459682,True,False,False,False,True,False,True,False,False,False,True,False,False,True
350000,-1.2343614136039605,12,-1.4201899842478996,-0.9559014837187637,False,False,False,True,True,False,False,False,True,False,False,False,False,False
800000,-0.42758713097034695,7,-1.1849603318282507,0.442022631379464,True,False,False,False,True,False,True,False,False,False,False,False,False,False
250000,0.0334267448202893,7,0.4616472351092913,-0.2031731140504873,False,False,False,True,True,False,True,False,True,False,False,False,False,False
600000,-1.3496148825516194,7,-1.4201899842478996,-1.2068109402748557,False,False,False,True,True,False,True,False,False,False,False,False,False,False
600000,0.4944406206109256,7,-0.9497306794086018,1.6786478101202038,True,False,False,False,True,False,True,False,False,False,False,False,False,False
130000,-0.6580940688656651,7,-0.7145010269889529,-0.37044608508788207,False,False,False,True,True,False,True,False,False,False,False,False,False,False
90000,-0.15077134925185942,7,1.6377954972075355,-0.725978622339458,False,False,False,True,True,False,True,False,True,False,False,False,False,False
595000,-0.8171438560134346,5,-0.9497306794086018,-0.46286440158604264,False,False,False,True,True,False,True,False,True,False,False,False,True,False
190000,-0.6580940688656651,5,-0.24404172214965525,-0.613752224778638,False,False,False,True,True,False,True,False,True,False,False,False,True,False
50000,1.18596143429688,5,3.2844030641450774,-0.31897747861483755,False,False,False,True,True,False,True,False,True,False,False,False,True,False
95000,0.26393368271560746,7,1.4025658447878866,-0.37044608508788207,False,False,False,True,True,False,True,False,False,False,False,False,False,False
1000000,0.0334267448202893,12,-0.7145010269889529,0.6331917411364864,True,False,False,False,True,False,True,False,False,False,False,False,False,False
220000,3.4910308132500614,6,1.6377954972075355,1.7776910166555036,False,False,False,True,True,False,True,False,True,False,False,False,True,False
400000,-0.42758713097034695,6,0.6968768875289402,-0.7049920271626715,True,False,False,False,True,False,True,False,False,False,False,False,True,False
315000,-0.542840599918006,9,-0.4792713745693041,-0.3537187879841426,False,False,False,True,True,False,True,False,True,False,False,False,False,False
1000000,0.9554544964015619,13,-0.24404172214965525,1.3022836252860654,True,False,False,False,True,False,True,False,False,False,False,False,False,True
500000,-0.4506378247598788,3,-0.24404172214965525,-0.36740475834174746,True,False,False,False,True,False,True,False,False,False,False,False,True,False
1600000,-0.7733475378133242,6,-1.1849603318282507,-0.2031731140504873,True,False,False,False,True,False,False,False,False,False,False,False,True,False
500000,2.1079891858781528,6,-0.9497306794086018,4.313197103959172,True,False,False,False,True,False,True,False,False,False,False,False,True,False
70000,2.5690030616687887,7,1.4025658447878866,1.3022836252860654,False,False,False,True,True,False,True,False,False,False,True,False,False,False
105000,-0.19708019307502883,7,1.4025658447878866,-0.7049920271626715,False,False,False,True,True,False,True,False,True,False,False,False,False,False
400000,0.9554544964015619,3,1.167336192368238,0.23960827987202835,True,False,False,False,True,False,True,False,False,False,True,False,True,False
80000,-0.19708019307502883,7,2.108254802046833,-0.8483688594804384,False,False,False,True,True,False,True,False,False,False,True,False,False,False
300000,-0.8886010067609833,7,-0.7145010269889529,-0.7049920271626715,False,False,False,True,True,False,True,False,False,False,False,False,False,False
409999,-0.6580940688656651,6,-0.9497306794086018,-0.2031731140504873,True,False,False,False,True,False,True,False,False,False,False,False,True,False
250000,0.0334267448202893,7,0.9321065399485889,-0.3913552064675564,False,False,False,True,True,False,True,False,False,False,False,False,False,False
250000,1.18596143429688,12,0.6968768875289402,0.7001009295514444,True,False,False,False,True,False,True,False,True,False,False,False,False,False
215000,0.26393368271560746,7,0.22641758268964243,0.1442399796425635,True,False,False,False,True,False,True,False,False,False,True,False,False,False
1400000,1.18596143429688,13,-0.4792713745693041,1.9044663210206867,True,False,False,False,True,False,True,False,False,False,False,False,False,True
475000,-1.1191079446563015,4,-1.1849603318282507,-0.8483688594804384,False,False,False,True,True,False,True,False,False,False,False,False,True,False
475000,-1.0730065570772378,4,-1.1849603318282507,-0.7623427600897784,False,False,False,True,True,False,True,False,False,False,False,False,True,False
75000,-0.7733475378133242,1,1.167336192368238,-1.0887359018955183,False,False,False,True,True,False,True,False,True,False,False,False,False,False
200000,1.18596143429688,1,-0.008812069730006403,1.3022836252860654,True,False,False,False,True,False,True,False,True,False,False,False,False,False
575000,-1.3957162701306831,12,-1.4201899842478996,-1.3071747228972928,False,False,False,True,True,False,True,False,False,False,False,False,False,False
150000,-0.6580940688656651,7,0.4616472351092913,-0.8483688594804384,True,False,False,False,True,False,True,False,True,False,False,False,False,False
850000,-1.3496148825516194,7,-1.1849603318282507,-1.2784993564337392,True,False,False,False,True,False,True,False,False,False,False,False,False,False
350000,-0.8886010067609833,5,-1.4201899842478996,-0.2031731140504873,False,False,False,True,True,False,True,False,False,False,False,False,True,False
550000,-0.3353843558122197,3,0.4616472351092913,-0.5472775116131279,True,False,False,False,True,False,True,False,True,False,False,False,True,False
330000,0.2772339330321673,5,-0.9497306794086018,1.3239998387509953,False,False,False,True,True,False,True,False,False,False,False,False,True,False
1044999,-1.0038544757086423,4,-0.9497306794086018,-0.7677193913016946,True,False,False,False,True,False,True,False,False,False,False,False,True,False
300000,1.3588416377183685,5,0.4616472351092913,1.0334520646902525,True,False,False,False,True,False,True,False,True,False,False,False,True,False
235000,-0.6372792923737178,5,-0.4792713745693041,-0.4770759132053797,False,False,False,True,False,False,True,False,False,False,False,False,True,False
120000,-0.19708019307502883,3,0.4616472351092913,-0.4182383625271378,False,False,False,True,True,False,True,False,False,False,True,False,True,False
130000,-0.5197899061284742,7,2.108254802046833,-1.0490964247253123,False,False,False,True,True,False,True,False,False,False,False,False,False,False
275000,-1.0663679572658527,3,2.108254802046833,-1.3890715695172013,True,False,False,False,False,False,True,False,True,False,False,False,True,False
270000,2.5690030616687887,14,0.4616472351092913,2.162544619192667,True,False,False,False,True,False,True,False,True,False,False,False,True,False
500000,-0.8886010067609833,14,-0.4792713745693041,-0.8053558097851085,True,False,False,False,True,False,True,False,True,False,False,False,True,False
400000,-0.15812452057072007,5,-0.4792713745693041,0.14880267160639876,False,False,False,True,False,False,True,False,False,False,False,False,True,False
600000,-0.09372088212276819,5,-0.4792713745693041,0.23292759420052522,False,False,False,True,False,False,True,False,False,False,False,False,True,False
1350000,0.4944406206109256,0,0.22641758268964243,0.37584870877126375,True,False,False,False,True,False,False,False,True,False,False,True,False,False
400000,0.17117769090653143,10,-0.008812069730006403,0.1976798337435254,True,False,False,False,False,False,True,False,True,False,False,False,True,False
220000,0.0334267448202893,3,0.4616472351092913,-0.2031731140504873,True,False,False,False,True,False,True,False,True,False,False,False,True,False
300000,0.4013619190887961,4,0.22641758268964243,0.28232510394909444,False,False,False,True,False,False,True,False,True,False,False,False,True,False
250000,1.18596143429688,7,-1.1849603318282507,3.4529361100525695,False,False,False,True,True,False,True,False,False,False,False,False,False,False
600000,1.18596143429688,4,-0.4792713745693041,1.9044663210206867,True,False,False,False,True,False,True,False,False,False,False,False,True,False
285000,0.14868021376794838,4,0.22641758268964243,0.02843561507821323,False,False,False,True,True,False,False,False,True,False,False,False,True,False
350000,-0.26542550016099065,4,0.9321065399485889,-0.6353332892862865,False,False,False,True,False,False,True,False,False,False,False,False,True,False
170000,0.0334267448202893,6,0.4616472351092913,-0.2031731140504873,True,False,False,False,True,False,True,False,False,False,True,False,True,False
229999,-0.542840599918006,3,-0.4792713745693041,-0.3537187879841426,False,False,False,True,True,False,True,False,False,False,False,False,True,False
500000,0.08192540455346424,6,-0.008812069730006403,0.10052769216500672,True,False,False,False,False,False,True,False,True,False,False,False,True,False
75000,-1.2343614136039605,12,0.4616472351092913,-1.3860319806720645,False,False,False,True,True,False,True,False,False,False,False,False,False,False
600000,-0.8886010067609833,5,-0.7145010269889529,-0.7049920271626715,False,False,False,True,True,False,True,False,False,False,False,False,True,False
220000,0.26393368271560746,12,0.4616472351092913,0.011892134426163232,True,False,False,False,True,False,True,False,False,False,False,False,False,False
150000,2.2001919610362797,12,0.9321065399485889,1.377556462252893,True,False,False,False,True,False,True,False,True,False,False,False,False,False
65000,1.2882834640286118,7,1.6377954972075355,0.26334415910034203,False,False,False,True,True,False,True,False,True,False,False,False,False,False
120000,0.194781601347012,7,1.6377954972075355,-0.48841754887214994,False,False,False,True,True,False,True,False,True,False,False,False,False,False
240000,0.4944406206109256,7,-0.24404172214965525,0.7548448109818645,True,False,False,False,True,False,True,False,False,False,False,False,False,False
390000,-0.8886010067609833,10,-0.9497306794086018,-0.5795372988846255,False,False,False,True,True,False,True,False,False,False,False,False,True,False
180000,-0.42758713097034695,1,0.22641758268964243,-0.550586207743538,False,False,False,True,True,False,True,False,False,False,False,False,False,False
320000,0.26393368271560746,7,0.22641758268964243,0.1442399796425635,True,False,False,False,True,False,True,False,True,False,False,False,False,False
310000,-1.4648683514992786,7,-1.1849603318282507,-1.4935646049103897,False,False,False,True,True,False,True,False,False,False,False,False,False,False
420000,-1.0269051694981741,7,-1.1849603318282507,-0.6763166606991182,False,False,False,True,True,False,False,False,False,False,False,False,False,False
550000,-1.3496148825516194,12,-1.4201899842478996,-1.2068109402748557,False,False,False,True,True,False,True,False,False,False,False,False,False,False
550000,0.2178322951365438,7,-0.7145010269889529,0.9008284947963179,True,False,False,False,True,False,True,False,False,False,True,False,False,False
760000,-0.42758713097034695,6,-1.1849603318282507,0.442022631379464,True,False,False,False,True,False,True,False,False,False,False,False,True,False
43000,0.7249475585062437,7,2.8139437593057797,-0.45408257060657936,False,False,False,True,True,False,True,False,True,False,False,False,False,False
250000,-1.1191079446563015,7,-1.1849603318282507,-0.8483688594804384,False,False,False,True,True,False,True,False,False,False,False,False,False,False
500000,-1.551308453210023,5,-1.4201899842478996,-1.6459024892480172,False,False,False,True,True,False,True,False,False,False,False,False,True,False
380000,-1.184756320568888,12,-0.4792713745693041,-1.192197973525029,False,False,False,True,True,False,True,False,False,False,False,False,False,False
1850000,-1.4648683514992786,6,-1.4201899842478996,-1.457720396830948,True,False,False,False,True,False,False,False,False,False,False,False,True,False
350000,0.194781601347012,14,0.22641758268964243,0.07475736090395317,True,False,False,False,True,False,True,False,False,False,False,False,True,False
195000,0.4944406206109256,5,1.167336192368238,-0.11461683526598422,True,False,False,False,True,False,True,False,True,False,False,False,True,False
225000,0.26393368271560746,1,0.4616472351092913,0.011892134426163232,False,False,False,True,True,False,True,False,True,False,False,False,False,False
1125000,-0.08182672412736977,13,-0.4792713745693041,0.24846390775047855,True,False,False,False,True,False,True,False,False,False,False,False,False,True
133000,0.26393368271560746,12,0.4616472351092913,0.011892134426163232,True,False,False,False,True,False,True,False,False,False,False,False,False,False
200000,-1.0267899160292264,5,-0.008812069730006403,-1.1063217029241408,False,False,False,True,True,False,True,False,False,False,False,False,True,False
940000,-1.1191079446563015,7,-1.1849603318282507,-0.8483688594804384,True,False,False,False,True,False,True,False,False,False,False,False,False,False
400000,1.18596143429688,10,-0.24404172214965525,1.5760030324381662,True,False,False,False,True,False,True,False,False,False,False,False,True,False
120000,1.18596143429688,5,0.9321065399485889,0.5495552556177892,False,False,False,True,True,False,True,False,True,False,False,False,True,False
625000,0.26393368271560746,7,-0.4792713745693041,0.7001009295514444,True,False,False,False,True,False,True,False,False,False,False,False,False,False
110000,0.26393368271560746,7,1.8730251496271844,-0.5042644619177978,False,False,False,True,True,False,True,False,False,False,False,False,False,False
490000,0.7249475585062437,10,0.22641758268964243,0.6074574378999642,True,False,False,False,True,False,True,False,False,False,False,False,True,False
140000,1.18596143429688,7,0.9321065399485889,0.5495552556177892,False,False,False,True,True,False,True,False,True,False,False,False,False,False
175000,1.8544315541933025,3,0.4616472351092913,1.495842348915051,True,False,False,False,True,False,True,False,True,False,False,False,True,False
90000,-0.08182672412736977,7,1.8730251496271844,-0.7300829728182808,False,False,False,True,True,False,True,False,True,False,False,False,False,False
275000,0.7249475585062437,7,0.9321065399485889,0.17319107078365092,True,False,False,False,True,False,True,False,True,False,False,False,False,False
300000,-0.08182672412736977,14,0.4616472351092913,-0.3107057382888124,True,False,False,False,True,False,True,False,True,False,False,False,True,False
270000,-1.142158638445833,9,-1.1849603318282507,-0.8913819091757686,False,False,False,True,True,False,True,False,True,False,False,False,False,False
130000,0.26393368271560746,1,0.6968768875289402,-0.10280933142805053,False,False,False,True,True,False,True,False,True,False,False,False,False,False
275000,-0.8886010067609833,7,-0.4792713745693041,-0.8053558097851085,False,False,False,True,True,False,True,False,False,False,False,False,False,False
352000,0.93240380261203,7,0.22641758268964243,0.8159052941157947,True,False,False,False,True,False,True,False,False,False,False,False,False,False
180000,0.4944406206109256,5,0.22641758268964243,0.37584870877126375,False,False,True,False,True,False,True,False,False,False,False,False,True,False
150000,0.4944406206109256,7,0.22641758268964243,0.37584870877126375,False,False,False,True,True,False,True,False,False,False,False,False,False,False
300000,0.9554544964015619,7,0.6968768875289402,0.4993733643065706,True,False,False,False,True,False,True,False,True,False,False,False,False,False
225000,1.18596143429688,6,1.4025658447878866,0.2986457990616971,True,False,False,False,True,False,True,False,False,False,False,False,True,False
600000,-0.5658912937075379,4,-0.24404172214965525,-0.5042644619177978,True,False,False,False,True,False,True,False,False,False,False,False,True,False
500000,0.26393368271560746,7,-0.4792713745693041,0.7001009295514444,False,False,False,True,True,False,True,False,False,False,False,False,False,False
900000,-1.4648683514992786,4,-1.1849603318282507,-1.4935646049103897,False,False,False,True,True,False,True,False,False,False,False,False,True,False
600000,-0.17402949928549702,5,-0.7145010269889529,0.33210039326917584,False,False,False,True,True,False,True,False,False,False,False,False,True,False
450000,0.7249475585062437,13,0.4616472351092913,0.442022631379464,True,False,False,False,True,False,True,False,True,False,False,False,False,True
270000,-0.9431619989608051,5,0.9321065399485889,-1.188626277410953,False,False,False,True,True,False,True,False,False,False,False,False,True,False
310000,0.7249475585062437,7,0.6968768875289402,0.2986457990616971,True,False,False,False,True,False,True,False,False,False,True,False,False,False
250000,0.7249475585062437,5,0.22641758268964243,0.6074574378999642,False,False,True,False,True,False,True,False,False,False,False,False,True,False
700000,-1.2900057884118903,3,-1.4201899842478996,-1.077040569344045,False,False,False,True,False,False,True,False,False,False,False,False,True,False
650000,-0.7022822488601976,2,-1.1849603318282507,-0.07056388183978461,True,False,False,False,False,False,True,False,False,False,False,False,False,False
400000,-0.3047730344597215,3,0.22641758268964243,-0.42718507686376633,True,False,False,False,False,False,True,False,False,False,False,False,True,False
425000,0.30155241498012336,3,0.22641758268964243,0.18203852423636724,True,False,False,False,False,False,True,False,False,False,False,False,True,False
600000,1.9973689063821893,3,-0.7145010269889529,3.483556622207901,True,False,False,False,False,False,True,False,False,False,False,False,True,False
600000,0.5701160483219585,3,-0.008812069730006403,0.6319288302051541,True,False,False,False,False,False,True,False,False,False,False,False,True,False
300000,3.441955886172148,7,0.9321065399485889,2.391312212312886,True,False,False,False,False,False,True,False,False,False,False,False,False,False
450000,0.4982439850861983,3,0.22641758268964243,0.37967025280188726,True,False,False,False,False,False,True,False,False,False,False,False,True,False
750000,0.7596158019656996,3,-0.24404172214965525,1.0697316169696411,True,False,False,False,False,False,True,False,False,False,False,False,True,False
325000,0.40262970724722036,3,0.6968768875289402,0.01796844457978995,True,False,False,False,False,False,True,False,True,False,False,False,True,False
900000,0.38001697663968964,6,-0.008812069730006403,0.42500380138334487,True,False,False,False,False,False,True,False,True,False,False,False,True,False
180000,0.5194736740663571,3,1.6377954972075355,-0.26519793171115325,False,False,False,True,False,False,True,False,True,False,False,False,True,False
350000,2.1138440621006938,2,-0.008812069730006403,2.312294551706959,True,False,False,False,False,False,True,False,True,False,False,False,False,False
600000,1.3134548216467805,3,-0.008812069730006403,1.4410616457072398,True,False,False,False,False,False,True,False,True,False,False,False,True,False
900000,-0.19708019307502883,4,-1.4201899842478996,1.3022836252860654,True,False,False,False,True,False,True,False,False,False,False,False,True,False
350000,0.7249475585062437,11,1.6377954972075355,-0.12393854882224754,True,False,False,False,True,False,True,False,False,False,False,False,True,False
280000,0.4944406206109256,7,-0.008812069730006403,0.5495552556177892,True,False,False,False,True,False,True,False,False,False,True,False,False,False
225000,1.18596143429688,6,0.9321065399485889,0.5495552556177892,True,False,False,False,True,False,True,False,True,False,False,False,True,False
520000,0.3100350702946711,4,-0.24404172214965525,0.5358692852601842,True,False,False,False,True,False,True,False,False,False,False,False,True,False
509999,-0.19708019307502883,6,-0.7145010269889529,0.2986457990616971,True,False,False,False,True,False,True,False,False,False,False,False,True,False
556000,-1.0269051694981741,7,-1.4201899842478996,-0.5042644619177978,False,False,False,True,True,False,True,False,False,False,False,False,False,False
225000,1.18596143429688,12,-0.24404172214965525,1.5760030324381662,True,False,False,False,True,False,True,False,False,False,False,False,False,False
325000,-0.08182672412736977,4,-0.008812069730006403,-0.07771838577244113,True,False,False,False,False,False,True,False,False,False,False,False,True,False
365000,-0.08182672412736977,7,-0.008812069730006403,-0.07771838577244113,True,False,False,False,False,False,True,False,False,False,False,False,False,False
850000,0.3561364578737347,5,-0.4792713745693041,0.8205374686983686,True,False,False,False,False,False,True,False,False,False,False,False,True,False
350000,0.14868021376794838,13,-0.008812069730006403,0.17319107078365092,True,False,False,False,False,False,True,False,False,False,False,False,False,True
225000,-0.42758713097034695,7,1.4025658447878866,-0.8722649982000663,True,False,False,False,False,False,True,False,False,False,False,False,False,False
135000,-0.42758713097034695,7,0.4616472351092913,-0.6333036110037881,False,False,False,True,True,False,True,False,False,False,False,False,False,False
140000,-0.4506378247598788,7,1.4025658447878866,-0.8889922953038059,False,False,False,True,False,False,True,False,False,False,False,False,False,False
665000,3.563834124514915,7,-0.7145010269889529,5.7570438626032265,True,False,False,False,False,False,True,False,False,False,False,False,False,False
275000,-1.2489986041603132,10,-0.4792713745693041,-1.2761121321756486,False,False,False,True,False,False,True,False,False,False,False,False,True,False
2675000,-0.6350433750761333,13,-0.9497306794086018,-0.16553669556707346,True,False,False,False,True,False,False,False,False,False,False,False,False,True
484999,-0.08182672412736977,5,-0.008812069730006403,-0.07771838577244113,True,False,False,False,False,False,True,False,False,False,False,False,True,False
565000,-0.08182672412736977,7,-0.4792713745693041,0.24846390775047855,True,False,False,False,False,False,True,False,False,False,False,False,False,False
425000,-0.17211629170096587,7,-0.008812069730006403,-0.1759996199054625,True,False,False,False,False,False,True,False,False,False,False,False,False,False
925000,0.14868021376794838,13,-0.008812069730006403,0.17319107078365092,True,False,False,False,True,False,True,False,False,False,False,False,False,True
565000,0.07952813239935293,6,0.22641758268964243,-0.04104700366039709,True,False,False,False,False,False,True,False,False,False,False,False,True,False
525000,-0.08182672412736977,10,-0.24404172214965525,0.0705462931016132,True,False,False,False,False,False,True,False,False,False,False,False,True,False
1650000,-0.3123336620226879,5,-0.9497306794086018,0.36137316320072,True,False,False,False,False,False,True,False,False,False,False,False,True,False
295000,-1.0960572508667696,5,-0.4792713745693041,-1.076338022865688,False,False,False,True,False,False,True,False,True,False,False,False,True,False
2050000,-0.05040862849223791,9,0.22641758268964243,-0.1716048442702453,False,False,False,True,False,False,False,False,True,False,False,True,False,False
1475000,-1.3104287031094155,5,-1.1849603318282507,-1.2053771719516782,False,False,False,True,False,False,False,False,False,False,False,False,True,False
1100000,-1.3496148825516194,5,-0.9497306794086018,-1.332265668552902,False,False,False,True,True,False,False,False,False,False,False,False,True,False
2675000,0.7249475585062437,9,-0.24404172214965525,1.0285642181339647,True,False,False,False,True,False,False,False,True,False,False,True,False,False
670000,-1.4163696917661037,7,-0.7145010269889529,-1.4709684161371097,False,False,False,True,False,True,True,False,False,False,False,False,False,False
750000,-0.5203892241670021,7,-0.4792713745693041,-0.32439249070186665,True,False,False,False,False,True,True,False,False,False,False,False,False,False
760000,-0.3044964261342471,5,-0.4792713745693041,-0.04239033428934345,False,False,False,True,False,True,True,False,False,False,False,False,True,False
850000,-1.1191079446563015,14,-0.9497306794086018,-0.9559014837187637,False,False,False,True,False,False,False,False,True,False,False,False,True,False
390000,-0.1605448434186209,10,-0.4792713745693041,0.145641212453792,True,False,False,False,False,True,True,False,False,False,False,False,True,False
450000,-0.6715787247325412,7,-0.7145010269889529,-0.39001702269925725,False,False,False,True,False,True,False,False,True,False,False,False,False,False
425000,-0.8965765468121613,4,-0.24404172214965525,-0.8969423234182012,False,False,False,True,False,True,True,False,False,False,False,False,True,False
770000,-0.08938735169033621,7,-0.7145010269889529,0.4549456631990385,True,False,False,False,False,True,True,False,False,False,False,False,False,False
1150000,-0.32077021594965655,5,-0.4792713745693041,-0.06364738344877569,True,False,False,False,False,True,False,False,True,False,False,False,True,False
775000,-0.04676661887349188,4,-0.4792713745693041,0.2942599017610966,False,False,False,True,False,True,True,False,False,False,False,False,True,False
1725000,-1.0275044875367019,13,-1.1849603318282507,-0.6774349999911968,True,False,False,False,False,False,False,False,True,False,False,False,False,True
2150000,-0.5889419874970697,9,-0.7145010269889529,-0.2700823024654453,True,False,False,False,False,False,False,False,False,False,False,True,False,False
450000,-1.5570711266574058,10,-0.008812069730006403,-1.683538907731431,True,False,False,False,False,False,True,False,True,False,False,False,True,False
2675000,-1.3496148825516194,9,-1.1849603318282507,-1.2784993564337392,True,False,False,False,False,False,False,False,False,False,False,True,False,False
1580000,0.40223784545279834,0,-0.008812069730006403,0.44919147299535234,True,False,False,False,False,False,False,False,False,False,False,True,False,False
2675000,-0.8886010067609833,9,-1.4201899842478996,-0.2031731140504873,True,False,False,False,False,False,False,False,False,False,False,True,False,False
535000,-0.36765532711756427,5,-0.7145010269889529,0.05108180192635271,True,False,False,False,True,False,True,False,False,False,False,False,True,False
225000,0.9554544964015619,7,0.22641758268964243,0.8390661670286645,False,False,False,True,True,False,True,False,True,False,False,False,False,False
550000,-1.12164352097315,5,-0.9497306794086018,-0.9600414897519393,False,False,False,True,False,False,False,False,False,False,False,False,True,False
625000,-1.3054036518632974,7,-0.4792713745693041,-1.3497891849987793,False,False,False,True,False,True,True,False,False,False,False,False,False,False
520000,-1.3378590287189582,5,-0.9497306794086018,-1.3130710951263609,False,False,False,True,False,False,False,False,False,False,False,False,True,False
239000,-0.6350433750761333,1,-0.7145010269889529,-0.3369914908804031,False,False,False,True,False,False,True,False,False,False,False,False,False,False
2600000,-0.49300499994503827,13,-0.9497306794086018,0.0663789151277225,True,False,False,False,False,True,False,False,False,False,False,False,False,True
229999,-0.4316440530773046,5,0.22641758268964243,-0.554662521376203,False,False,False,True,False,False,True,False,False,False,False,False,True,False
1300000,-0.23165623375932656,0,-0.008812069730006403,-0.2408095325339011,True,False,False,False,False,False,False,False,False,False,False,True,False,False
80000,-0.27591356583522764,5,1.8730251496271844,-0.8568424302704185,False,False,False,True,False,False,True,False,False,False,False,False,True,False
385000,-0.3814857433912833,11,0.22641758268964243,-0.5042644619177978,True,False,False,False,False,False,True,False,False,False,False,False,True,False
600000,-0.5081032043771816,7,-0.9497306794086018,0.04172706102108644,True,False,False,False,False,True,True,False,False,False,False,False,False,False
350000,-0.42758713097034695,5,-0.008812069730006403,-0.45408257060657936,False,False,False,True,True,False,True,False,True,False,False,False,True,False
114999,-0.8886010067609833,7,-0.24404172214965525,-0.8874716319307385,False,False,False,True,True,False,True,False,False,False,False,False,False,False
380000,-0.42758713097034695,5,-0.008812069730006403,-0.45408257060657936,False,False,False,True,True,False,True,False,True,False,False,False,True,False
95000,0.7249475585062437,7,4.2253216738236725,-0.7049920271626715,False,False,False,True,True,False,True,False,True,False,False,False,False,False
900000,-0.7733475378133242,6,-0.7145010269889529,-0.5377190561252768,True,False,False,False,True,False,True,False,False,False,False,False,True,False
200999,0.4944406206109256,1,0.22641758268964243,0.37584870877126375,False,False,False,True,True,False,True,False,True,False,False,False,False,False
229999,-1.3161683258630088,7,-0.24404172214965525,-1.3951937602571698,False,False,False,True,True,False,True,False,False,False,False,False,False,False
800000,-0.19708019307502883,12,-1.4201899842478996,1.3022836252860654,True,False,False,False,True,False,True,False,False,False,False,False,False,False
150000,2.3845975113525344,6,0.22641758268964243,2.275040287626607,True,False,False,False,True,False,True,False,True,False,False,False,True,False
600000,-0.19708019307502883,7,-1.1849603318282507,0.8721531283327645,True,False,False,False,True,False,True,False,False,False,False,False,False,False
150000,1.8774822479828344,1,1.8730251496271844,0.5495552556177892,True,False,False,False,True,False,True,False,False,False,False,False,False,False
150000,-0.05877603033783795,1,0.9321065399485889,-0.466628043434384,True,False,False,False,True,False,True,False,False,False,False,False,False,False
380000,-1.4648683514992786,7,-1.4201899842478996,-1.457720396830948,False,False,False,True,True,False,True,False,False,False,False,False,False,False
80000,-0.04706627789275579,7,1.6377954972075355,-0.654683360547088,False,False,False,True,True,False,True,False,True,False,False,False,False,False
225000,-0.3123336620226879,4,1.4025658447878866,-0.7886285126813689,False,False,False,True,True,False,True,False,True,False,False,False,True,False
75000,-0.8909060761399364,12,0.22641758268964243,-1.0161197532922257,False,False,False,True,True,False,True,False,False,False,False,False,False,False
1600000,-1.5109697390783423,12,-0.9497306794086018,-1.5957205979367985,True,False,False,False,True,False,True,False,False,False,False,False,False,False
185000,0.3791871516632665,12,0.22641758268964243,0.26004434420691347,True,False,False,False,True,False,True,False,False,False,False,False,False,False
425000,-0.42758713097034695,6,0.4616472351092913,-0.6333036110037881,True,False,False,False,True,False,True,False,False,False,False,False,True,False
100000,1.18596143429688,12,0.6968768875289402,0.7001009295514444,True,False,False,False,True,False,True,False,True,False,False,False,False,False
140000,0.4944406206109256,7,1.167336192368238,-0.11461683526598422,False,False,False,True,True,False,True,False,False,False,True,False,False,False
710000,-1.3957162701306831,7,-0.9497306794086018,-1.4075385055197296,False,False,False,True,True,False,False,False,False,False,False,False,False,False
450000,-1.3980213395096364,4,-0.4792713745693041,-1.4707676885718648,False,False,False,True,True,False,False,False,False,False,False,False,True,False
210000,-0.42758713097034695,9,-0.9497306794086018,0.17319107078365092,False,False,False,True,True,False,True,False,False,False,False,False,False,False
270000,-1.0038544757086423,7,-0.7145010269889529,-0.8722649982000663,False,False,False,True,True,False,True,False,False,False,False,False,False,False
110000,-1.1191079446563015,7,0.9321065399485889,-1.332265668552902,False,False,False,True,True,False,True,False,False,False,False,False,False,False
540000,-1.176734679130131,7,-1.1849603318282507,-0.9559014837187637,False,False,False,True,True,False,True,False,False,False,False,False,False,False
145000,-1.0038544757086423,6,1.167336192368238,-1.2658484594645245,False,False,False,True,True,False,True,False,False,False,False,False,True,False
360000,3.179846447091382,12,-0.008812069730006403,3.4726504244962624,True,False,False,False,True,False,True,False,False,False,False,False,False,False
250000,0.462169649305581,5,-0.008812069730006403,0.5144279316999362,False,False,True,False,True,False,True,False,False,False,False,False,True,False
110000,0.26393368271560746,12,0.22641758268964243,0.1442399796425635,True,False,False,False,True,False,True,False,False,False,False,False,False,False
250000,0.7249475585062437,1,1.167336192368238,0.06249572230302194,True,False,False,False,True,False,True,True,False,False,False,False,False,False
150000,2.7073072244059797,3,0.4616472351092913,2.2915837682786577,True,False,False,False,True,False,True,False,True,False,False,False,True,False
140000,-0.19708019307502883,1,0.6968768875289402,-0.5042644619177978,False,False,False,True,True,False,True,False,False,False,False,False,False,False
925000,-1.3265641887620878,7,-1.4201899842478996,-1.1566290489636375,False,False,False,True,True,False,True,False,False,False,False,False,False,False
969999,-0.8886010067609833,12,-0.9497306794086018,-0.5795372988846255,True,False,False,False,True,False,True,False,False,False,False,False,False,False
90000,0.26393368271560746,5,1.4025658447878866,-0.37044608508788207,False,False,False,False,True,False,True,False,False,False,True,False,True,False
55000,-0.19708019307502883,5,2.8139437593057797,-0.9559014837187637,False,False,False,True,True,False,True,False,False,False,True,False,True,False
155000,0.7249475585062437,5,1.4025658447878866,-0.0359001430130925,True,False,False,False,True,False,True,True,False,False,False,False,True,False
900000,-1.2343614136039605,6,-1.4201899842478996,-0.9559014837187637,True,False,False,False,True,False,True,False,False,False,False,False,True,False
135000,0.4944406206109256,7,0.4616472351092913,0.22695738290281348,False,False,False,True,True,False,True,False,False,False,False,False,False,False
180000,1.18596143429688,7,0.22641758268964243,1.070674896157365,False,False,False,True,True,False,True,False,False,False,False,False,False,False
495000,0.7249475585062437,5,-0.008812069730006403,0.8004647121738815,True,False,False,False,True,False,True,False,True,False,False,False,True,False
400000,1.6008739225084527,13,0.9321065399485889,0.8882830219685135,True,False,False,False,True,False,True,False,False,False,True,False,False,True
250000,0.9554544964015619,5,1.167336192368238,0.23960827987202835,True,False,False,False,True,False,True,False,True,False,False,False,True,False
138000,1.18596143429688,7,-0.4792713745693041,1.9044663210206867,False,False,False,True,True,False,True,True,False,False,False,False,False,False
311000,0.0334267448202893,4,0.4616472351092913,-0.2031731140504873,False,False,False,True,True,False,False,False,True,False,False,False,True,False
190000,0.0334267448202893,7,-0.4792713745693041,0.39900958168413386,False,False,False,True,True,False,True,False,False,False,False,False,False,False
311000,1.6469753100875162,6,0.4616472351092913,1.3022836252860654,True,False,False,False,True,False,True,False,False,False,False,False,True,False
300000,-1.2343614136039605,7,0.9321065399485889,-1.4263567147614364,False,False,False,True,True,False,True,False,False,False,False,False,False,False
600000,-1.1191079446563015,4,-1.1849603318282507,-0.8483688594804384,False,False,False,True,True,False,True,False,False,False,False,False,True,False
550000,0.7249475585062437,6,0.9321065399485889,0.17319107078365092,True,False,False,False,True,False,True,False,False,False,False,False,True,False
600000,0.0334267448202893,11,-0.4792713745693041,0.39900958168413386,False,False,False,True,True,False,False,False,False,False,False,False,True,False
195000,-1.4648683514992786,7,-1.1849603318282507,-1.4935646049103897,False,False,False,True,True,False,True,False,False,False,False,False,False,False
58000,-0.9353017123785747,12,-0.008812069730006403,-1.006735739617028,False,False,False,True,True,False,True,False,False,False,False,False,False,False
183000,-0.6580940688656651,7,-1.1849603318282507,0.011892134426163232,False,False,False,True,True,False,True,False,False,False,False,False,False,False
95000,0.26393368271560746,7,1.4025658447878866,-0.37044608508788207,False,False,False,True,True,False,True,False,False,False,False,False,False,False
250000,-0.7041954564447287,7,-0.008812069730006403,-0.75517391847389,False,False,False,True,True,False,True,False,False,False,False,False,False,False
400000,-0.7733475378133242,12,-0.24404172214965525,-0.7506119283546883,False,False,False,True,True,False,True,False,False,False,False,False,False,False
409999,-0.19708019307502883,5,0.22641758268964243,-0.31897747861483755,True,False,False,False,True,False,True,False,True,False,False,False,True,False
120000,1.18596143429688,11,2.108254802046833,0.011892134426163232,True,False,False,False,True,False,True,False,True,False,False,False,True,False
600000,-1.165209332235365,7,-1.1849603318282507,-0.9343949588710986,False,False,False,True,True,False,False,False,False,False,False,False,False,False
600000,-1.3496148825516194,4,-0.7145010269889529,-1.3740839113122505,False,False,False,True,True,False,True,False,False,False,False,False,True,False
825000,0.4944406206109256,6,-0.4792713745693041,1.001192277418755,True,False,False,False,True,False,True,False,False,False,True,False,True,False
625000,0.26393368271560746,13,-0.7145010269889529,0.967737683211276,True,False,False,False,True,False,True,False,True,False,False,False,False,True
700000,-1.5478508491415932,5,-1.6554196366675484,-1.6243242759841932,True,False,False,False,True,False,True,False,False,False,False,False,True,False
160000,-0.19708019307502883,1,0.4616472351092913,-0.4182383625271378,False,False,False,True,True,False,True,False,False,False,False,False,False,False
114999,-0.19708019307502883,7,0.4616472351092913,-0.4182383625271378,False,False,False,True,True,False,True,False,False,False,True,False,False,False
150000,-0.35843504960175154,7,0.9321065399485889,-0.7112647635765739,False,False,False,True,True,False,True,False,False,False,False,False,False,False
250000,0.7249475585062437,14,0.6968768875289402,0.2986457990616971,True,False,False,False,False,False,True,False,False,False,False,False,True,False
390000,0.40223784545279834,5,0.22641758268964243,0.2832052171197836,True,False,False,False,False,False,True,False,True,False,False,False,True,False
650000,0.7249475585062437,10,-0.4792713745693041,1.3022836252860654,True,False,False,False,True,False,True,False,False,False,False,False,True,False
600000,-0.8886010067609833,5,-0.7145010269889529,-0.7049920271626715,True,False,False,False,True,False,True,False,False,False,False,False,True,False
250000,1.18596143429688,5,0.4616472351092913,0.8721531283327645,False,False,False,True,True,False,True,False,False,False,False,False,True,False
229999,-0.19708019307502883,5,0.4616472351092913,-0.4182383625271378,False,False,True,False,True,False,True,False,True,False,False,False,True,False
299000,-0.42758713097034695,7,-0.7145010269889529,-0.0359001430130925,True,False,False,False,True,False,True,False,True,False,False,False,False,False
330000,1.2781642094550072,1,0.6968768875289402,0.7803919556493937,True,False,False,False,True,False,True,False,True,False,False,False,False,False
180000,0.7249475585062437,5,0.22641758268964243,0.6074574378999642,False,False,False,True,True,False,True,False,False,False,True,False,True,False
475000,-0.6119926812866014,5,-0.9497306794086018,-0.12790027708365964,False,False,False,True,True,False,True,False,False,False,False,False,True,False
325000,0.7249475585062437,5,-0.4792713745693041,1.3022836252860654,True,False,False,False,True,False,True,False,False,False,False,False,True,False
639000,-0.9299770021131929,4,-0.7145010269889529,-0.7650430237650964,False,False,False,True,False,False,True,False,False,False,False,False,True,False
415000,-0.8270556543429333,7,-0.9497306794086018,-0.4790480615339106,False,False,False,True,False,False,False,False,False,False,False,False,False,False
1199000,-0.8864572922385568,5,-0.7145010269889529,-0.701880749901376,True,False,False,False,False,False,False,False,False,False,False,False,True,False
525000,-0.28402741004914284,7,-0.008812069730006403,-0.29781616106344516,False,False,False,False,False,False,True,False,False,False,False,False,False,False
425000,-0.2127777155457,5,-0.008812069730006403,-0.22026004804195717,False,False,False,True,False,False,True,False,False,False,False,False,True,False
699000,-0.6695502636790625,7,-0.7145010269889529,-0.38707301840899894,True,False,False,False,False,False,True,False,False,False,False,False,False,False
325000,-0.7664553803702542,5,-0.008812069730006403,-0.8229445626896904,False,False,False,True,False,False,True,False,False,False,False,False,True,False
275000,-0.3887006105474068,13,0.4616472351092913,-0.5970221035857771,False,False,False,True,False,False,True,False,False,False,False,False,False,True
269000,0.17770103724896893,14,0.4616472351092913,-0.06856377502895183,False,False,False,True,False,False,False,False,False,False,False,False,True,False
399000,-0.5647618097118507,14,-0.008812069730006403,-0.6033987882031099,True,False,False,False,False,False,True,False,False,False,False,False,True,False
475000,-0.5408351895583168,6,-0.9497306794086018,-0.011716653225361183,True,False,False,False,False,False,True,False,False,False,False,False,True,False
249000,-0.6321620383524418,13,0.4616472351092913,-0.8241740190268153,False,False,False,True,False,False,True,False,False,False,False,False,False,True
1549000,-0.6070367821218522,0,-0.24404172214965525,-0.5531233760944478,True,False,False,False,False,False,False,False,False,False,False,True,False,False
254999,-0.3306359128915762,14,0.4616472351092913,-0.542847167494509,False,False,False,True,False,False,True,False,False,False,False,False,True,False
269000,-0.36887701388840943,11,0.22641758268964243,-0.491595464434458,False,False,False,True,False,False,True,False,False,False,False,False,True,False
665000,-0.21759531054771214,7,-0.24404172214965525,-0.09067443771097387,True,False,False,False,False,False,True,False,False,False,False,False,False,False
299000,-0.32236071382113424,7,-0.24404172214965525,-0.21507990826160378,False,False,False,True,False,False,True,False,False,False,False,False,False,False
265000,-0.4837386210416465,5,0.6968768875289402,-0.7538892620563228,False,False,False,True,False,False,True,False,True,False,False,False,True,False
211000,-0.539544350706103,14,0.6968768875289402,-0.8024854056021067,False,False,False,True,False,False,True,False,True,False,False,False,True,False
599000,-0.15964586636082917,11,-0.008812069730006403,-0.16242541830577803,False,False,False,True,False,False,False,False,True,False,False,False,True,False
55000,2.914763468511766,12,1.4025658447878866,1.5531930818421578,True,False,False,False,True,False,True,False,False,False,True,False,False,False
550000,-0.42758713097034695,5,-0.24404172214965525,-0.3400328176265377,True,False,False,False,True,False,True,False,False,False,False,False,True,False
2675000,-0.012674642758774326,9,-1.1849603318282507,1.2162575258954051,True,False,False,False,True,False,False,False,False,False,False,True,False,False
220000,1.18596143429688,12,0.6968768875289402,0.7001009295514444,True,False,False,False,True,False,True,False,True,False,False,False,False,False
500000,-1.1191079446563015,7,-1.4201899842478996,-0.7049920271626715,False,False,False,True,True,False,True,False,False,False,False,False,False,False
140000,-0.8886010067609833,7,0.6968768875289402,-1.106447157652419,False,False,False,True,True,False,True,False,False,False,False,False,False,False
325000,-0.19708019307502883,7,-0.008812069730006403,-0.2031731140504873,True,False,False,False,True,False,True,False,False,False,False,False,False,False
210000,0.4944406206109256,5,0.6968768875289402,0.09791823381682327,False,False,False,True,True,False,True,False,False,False,True,False,True,False
110000,0.4944406206109256,7,1.167336192368238,-0.11461683526598422,False,False,False,True,True,False,True,False,True,False,False,False,False,False
1200000,-1.0038544757086423,5,-1.4201899842478996,-0.45408257060657936,True,False,False,False,True,False,True,False,False,False,False,False,True,False
229999,-0.6580940688656651,7,-0.9497306794086018,-0.2031731140504873,False,False,False,True,True,False,True,False,False,False,False,False,False,False
165000,1.4625697597712617,7,1.6377954972075355,0.38316266863848597,False,False,False,True,True,False,True,False,False,False,False,False,False,False
525000,-1.3270252026378784,12,-1.1849603318282507,-1.2363465677323158,False,False,False,True,False,False,False,False,False,False,False,False,False,False
325000,-1.104609058262686,5,-1.1849603318282507,-0.8213136512220759,False,False,False,True,False,False,True,False,False,False,False,False,True,False
1500000,-0.42758713097034695,13,-1.1849603318282507,0.442022631379464,True,False,False,False,True,False,True,False,False,False,False,False,False,True
400000,-0.8886010067609833,5,-0.4792713745693041,-0.8053558097851085,False,False,False,True,True,False,False,False,False,False,False,False,True,False
550000,0.028401693574171365,7,-0.4792713745693041,0.39244579030062643,False,False,False,True,False,False,True,False,False,False,False,False,False,False
98000,-0.3353843558122197,7,2.343484454466482,-0.9695874540763687,False,False,False,True,True,False,True,False,False,False,False,False,False,False
900000,-0.11285295796807959,6,-0.008812069730006403,-0.11149079862489122,True,False,False,False,False,False,True,False,False,False,False,False,True,False
700000,-0.19708019307502883,10,-0.9497306794086018,0.5495552556177892,True,False,False,False,True,False,True,False,False,False,False,False,True,False
890000,-0.3814857433912833,6,-0.4792713745693041,-0.14295484447702517,True,False,False,False,False,False,True,False,False,False,False,False,True,False
490000,-0.2112563697555909,7,-0.4792713745693041,0.07940111592298367,True,False,False,False,False,False,True,False,False,False,False,False,False,False
525000,0.042139907072732324,5,-0.4792713745693041,0.4103908346335182,False,False,False,True,False,False,True,False,False,False,False,False,True,False
330000,-0.3025371171621369,7,-0.008812069730006403,-0.31796419042489943,False,False,False,True,False,False,True,False,False,False,False,False,False,False
550000,0.22735223167162044,6,-0.008812069730006403,0.2588264683062452,True,False,False,False,False,False,True,False,True,False,False,False,True,False
790000,-0.6375789513929818,6,-1.1849603318282507,0.05017374865500693,True,False,False,False,False,False,True,False,False,False,False,False,True,False
350000,-0.7774275106140713,4,-0.4792713745693041,-0.6601394527087044,False,False,False,True,False,False,True,False,True,False,False,False,True,False
1700000,0.14868021376794838,13,-0.9497306794086018,1.1141015328689965,True,False,False,False,True,False,False,False,False,False,False,False,False,True
750000,-0.29977103390739307,7,-0.9497306794086018,0.38188501127418056,True,False,False,False,False,False,True,False,False,False,False,False,False,False
409999,-0.2768125428930194,4,-0.24404172214965525,-0.16099295340834863,True,False,False,False,False,False,True,False,False,False,False,False,True,False
220000,-0.5728065018443974,5,-0.7145010269889529,-0.2466640865202099,False,False,False,True,True,False,True,False,False,False,False,False,True,False
68000,1.18596143429688,12,0.9321065399485889,0.5495552556177892,False,False,False,True,True,False,True,False,True,False,False,False,False,False
290000,-1.1191079446563015,5,-0.9497306794086018,-0.9559014837187637,False,False,False,True,True,False,True,False,False,False,False,False,True,False
600000,-0.9466196030292349,4,-0.24404172214965525,-0.9563668067109222,True,False,False,False,False,False,True,False,False,False,False,False,True,False
470000,-1.3957162701306831,7,-1.4201899842478996,-1.3071747228972928,False,False,False,True,True,False,True,False,False,False,False,False,False,False
150000,-0.8886010067609833,5,1.167336192368238,-1.1772921806800214,False,False,False,True,True,False,True,False,False,False,False,False,True,False
180000,-0.284511474618723,7,-0.24404172214965525,-0.17013518160722868,False,False,False,True,False,False,True,False,True,False,False,False,False,False
80000,0.0334267448202893,7,1.6377954972075355,-0.5993459401916854,False,False,False,True,True,False,True,False,False,False,False,False,False,False
875000,-1.5469288213900119,4,-1.1849603318282507,-1.6466910618257649,False,False,False,True,True,False,True,False,False,False,False,False,True,False
300000,-0.42758713097034695,7,-1.4201899842478996,0.8004647121738815,False,False,False,True,True,False,True,False,False,False,False,False,False,False
2675000,-1.1191079446563015,13,-0.9497306794086018,-0.9559014837187637,True,False,False,False,True,False,False,False,False,False,False,False,False,True
1330000,0.5219861996894161,13,-0.9497306794086018,1.7236233302078832,True,False,False,False,False,False,True,False,False,False,False,False,False,True
220000,-0.112783805886711,14,0.4616472351092913,-0.3395890011592266,True,False,False,False,False,False,True,False,False,False,False,False,True,False
250000,-0.19708019307502883,6,-0.008812069730006403,-0.2031731140504873,True,False,False,False,True,False,True,False,False,False,False,False,True,False
919999,0.14868021376794838,13,-0.7145010269889529,0.8004647121738815,True,False,False,False,False,False,True,False,False,False,False,False,False,True
380000,0.6615120491974522,14,-0.008812069730006403,0.7314144297296447,False,False,False,True,False,False,True,False,False,False,False,False,True,False
450000,-0.5197899061284742,7,0.22641758268964243,-0.6432296993950181,True,False,False,False,True,False,True,False,False,False,False,False,False,False
770000,-1.3496148825516194,5,-0.7145010269889529,-1.3740839113122505,False,False,False,True,True,False,False,False,False,False,False,False,True,False
550000,0.26393368271560746,7,-1.1849603318282507,1.7324141222393665,True,False,False,False,True,False,True,False,False,False,False,False,False,False
320000,0.7249475585062437,12,0.4616472351092913,0.442022631379464,True,False,False,False,True,False,True,False,True,False,False,False,False,False
400000,-0.7733475378133242,7,-0.008812069730006403,-0.8304467554407177,False,False,False,True,True,False,True,False,False,False,False,False,False,False
450000,-0.42758713097034695,7,-0.9497306794086018,0.17319107078365092,False,False,False,True,True,False,False,False,False,False,False,False,False,False
220000,0.4944406206109256,7,0.4616472351092913,0.22695738290281348,True,False,False,False,True,False,True,False,False,False,True,False,False,False
400000,1.8774822479828344,6,0.22641758268964243,1.7655010835434666,True,False,False,False,True,False,True,False,True,False,False,False,True,False
530000,0.47138992682139375,5,-0.008812069730006403,0.52446430996218,False,False,False,True,True,False,True,False,True,False,False,False,True,False
390000,-0.19708019307502883,7,-0.24404172214965525,-0.06631341047443691,True,False,False,False,True,False,True,False,True,False,False,False,False,False
185000,0.7249475585062437,2,0.22641758268964243,0.6074574378999642,True,False,False,False,True,False,True,False,True,False,False,False,False,False
300000,0.7249475585062437,7,0.22641758268964243,0.6074574378999642,False,False,False,True,True,False,True,False,True,False,False,False,False,False
575000,0.4944406206109256,7,-0.24404172214965525,0.7548448109818645,True,False,False,False,True,False,True,False,True,False,False,False,False,False
300000,0.14868021376794838,7,-0.24404172214965525,0.34426570025371367,False,False,False,True,True,False,True,False,False,False,False,False,False,False
425000,-0.7502968440237924,13,-0.9497306794086018,-0.3537187879841426,True,False,False,False,False,False,True,False,False,False,False,False,False,True
350000,-1.303513494972556,5,-0.7145010269889529,-1.3071747228972928,False,False,False,True,True,False,True,False,False,False,False,False,True,False
550000,-1.2805319532643926,4,-0.9497306794086018,-1.2194693223581108,True,False,False,False,False,False,True,False,False,False,False,False,True,False
500000,-0.6580940688656651,7,-0.9497306794086018,-0.2031731140504873,False,False,False,True,True,False,False,False,False,False,False,False,False,False
600000,-0.19708019307502883,6,-0.4792713745693041,0.09791823381682327,True,False,False,False,True,False,True,False,False,False,False,False,True,False
300000,-1.0038544757086423,6,-0.008812069730006403,-1.0813562119968096,True,False,False,False,True,False,True,False,True,False,False,False,True,False
1150000,-0.9708919835896118,5,-1.1849603318282507,-0.5717949499394661,True,False,False,False,False,False,True,False,False,False,False,False,True,False
475000,-1.013074753224455,7,-0.4792713745693041,-0.9679451376334561,False,False,False,True,False,False,True,False,False,False,False,False,False,False
260000,-0.9236150106272821,7,0.4616472351092913,-1.0961025192006921,False,False,False,True,False,False,True,False,False,False,False,False,False,False
350000,0.7249475585062437,3,-0.008812069730006403,0.8004647121738815,False,False,False,True,True,False,True,False,False,False,False,False,True,False
750000,-0.6122692896120758,6,-0.008812069730006403,-0.6551112271993205,True,False,False,False,False,False,True,False,False,False,False,False,True,False
180000,-0.8799569965899088,7,0.9321065399485889,-1.1370267476701927,False,False,False,True,False,False,True,False,False,False,False,False,False,False
350000,-1.403599607406703,10,-0.9497306794086018,-1.420410160641057,False,False,False,True,False,False,False,False,False,False,False,False,True,False
611000,-0.7871779540870433,7,-0.9497306794086018,-0.4139370575576047,True,False,False,False,False,False,True,False,False,False,False,False,False,False
325000,-1.1536839853405991,10,-0.9497306794086018,-1.0123561114438844,False,False,False,True,False,False,True,False,False,False,False,False,True,False
225000,-0.47368851854941063,5,0.22641758268964243,-0.5969079535692781,False,False,False,True,False,False,True,False,False,False,False,False,True,False
300000,-0.912988640790308,7,-0.24404172214965525,-0.9164311452074309,False,False,False,True,False,False,False,False,False,False,False,False,False,False
400000,-0.42758713097034695,6,-0.9497306794086018,0.17319107078365092,True,False,False,False,True,False,True,False,True,False,False,False,True,False
711000,-0.34460463332803243,6,0.22641758268964243,-0.46720706525720584,True,False,False,False,False,False,True,False,False,False,False,False,True,False
851000,-0.3434059972509768,13,-0.4792713745693041,-0.09321455380934553,True,False,False,False,False,False,True,False,False,False,False,False,False,True
500000,-1.0038544757086423,7,-0.24404172214965525,-1.024331335506789,False,False,False,True,True,False,True,False,False,False,False,False,False,False
250000,0.26393368271560746,13,1.4025658447878866,-0.37044608508788207,True,False,False,False,True,False,True,False,True,False,False,False,False,True
150000,-0.42758713097034695,7,-0.9497306794086018,0.17319107078365092,False,False,False,True,True,False,True,False,False,False,False,False,False,False
610000,-1.2343614136039605,6,-0.7145010269889529,-1.2068109402748557,True,False,False,False,True,False,True,False,True,False,False,False,True,False
450000,-1.4648683514992786,6,-1.1849603318282507,-1.4935646049103897,False,False,False,True,True,False,True,False,False,False,False,False,True,False
744000,0.8632517212434346,5,-0.9497306794086018,2.280830505854825,True,False,False,False,True,False,True,False,False,False,False,False,True,False
120000,0.7249475585062437,1,1.167336192368238,0.06249572230302194,False,False,False,True,True,False,True,False,False,False,True,False,False,False
220000,-0.19708019307502883,10,-0.7145010269889529,0.2986457990616971,False,False,False,True,True,False,True,False,False,False,True,False,True,False
480000,1.18596143429688,7,0.22641758268964243,1.070674896157365,True,False,False,False,True,False,True,True,False,False,False,False,False,False
370000,0.3100350702946711,7,-0.9497306794086018,1.377556462252893,False,False,False,True,True,False,False,False,False,False,False,False,False,False
55000,-0.7733475378133242,2,2.343484454466482,-1.2296208908708641,True,False,False,False,True,False,True,False,True,False,False,False,False,False
125000,3.145270406407084,5,-0.008812069730006403,3.4350140060128487,False,False,False,True,True,False,True,False,False,False,False,False,True,False
260000,1.301214903244539,5,0.4616472351092913,0.9796857525710901,True,False,False,False,True,False,True,False,False,False,True,False,True,False
350000,1.4164683721921982,2,-0.4792713745693041,2.205557668887997,True,False,False,False,True,False,True,False,False,False,False,False,False,False
170000,0.6557954771376483,7,0.22641758268964243,0.5379748191613543,False,False,False,False,True,False,True,False,True,False,False,False,False,False
350000,0.4944406206109256,5,-0.4792713745693041,1.001192277418755,False,False,False,True,True,False,True,False,True,False,False,False,True,False
250000,-0.19708019307502883,7,0.9321065399485889,-0.5795372988846255,False,False,False,True,True,False,True,False,False,False,True,False,False,False
170000,-0.19708019307502883,12,-0.008812069730006403,-0.2031731140504873,True,False,False,False,True,False,True,False,False,False,False,False,False,False
1300000,-0.7733475378133242,6,-1.1849603318282507,-0.2031731140504873,True,False,False,False,True,False,True,False,False,False,False,False,True,False
550000,-1.0038544757086423,5,-1.4201899842478996,-0.45408257060657936,False,False,False,True,True,False,True,False,False,False,False,False,True,False
400000,-1.2343614136039605,4,-0.9497306794086018,-1.1440835761358328,False,False,False,True,True,False,True,False,False,False,False,False,True,False
120000,-1.1191079446563015,12,0.4616472351092913,-1.2784993564337392,False,False,False,True,True,False,True,False,False,False,False,False,False,False
275000,0.0334267448202893,3,0.6968768875289402,-0.30353689667292405,False,False,False,True,True,False,True,False,False,False,False,False,True,False
285000,0.4944406206109256,12,-0.7145010269889529,1.3022836252860654,False,False,False,True,True,False,True,False,False,False,False,False,False,False
900000,0.26393368271560746,5,-0.7145010269889529,0.967737683211276,True,False,False,False,True,False,True,False,False,False,False,False,True,False
2500000,0.25240833582084155,9,-0.24404172214965525,0.4674394334721589,True,False,False,False,True,False,False,False,True,False,False,True,False,False
620000,0.0334267448202893,5,-0.008812069730006403,0.047736342505604754,True,False,False,False,True,False,True,False,True,False,False,False,True,False
1700000,-1.4648683514992786,13,-1.1849603318282507,-1.4935646049103897,True,False,False,False,True,False,True,False,False,False,False,False,False,True
650000,-1.2343614136039605,3,-1.1849603318282507,-1.063434107957089,False,False,False,True,True,False,True,False,False,False,False,False,True,False
500000,-0.7733475378133242,7,-0.24404172214965525,-0.7506119283546883,False,False,False,True,True,False,True,False,False,False,False,False,False,False
250000,1.18596143429688,12,0.9321065399485889,0.5495552556177892,True,False,False,False,True,False,True,False,True,False,False,False,False,False
950000,-1.2343614136039605,6,-1.1849603318282507,-1.063434107957089,True,False,False,False,True,False,True,False,True,False,False,False,True,False
320000,-0.19708019307502883,13,-0.4792713745693041,0.09791823381682327,False,False,False,True,True,False,True,False,False,False,False,False,False,True
450000,1.18596143429688,10,-0.008812069730006403,1.3022836252860654,True,False,False,False,True,False,True,False,False,False,False,False,True,False
350000,0.4944406206109256,6,-0.7145010269889529,1.3022836252860654,True,False,False,False,True,False,True,False,False,False,False,False,True,False
400000,0.4944406206109256,7,-0.4792713745693041,1.001192277418755,False,False,False,True,True,False,True,False,False,False,False,False,False,False
250000,0.07952813239935293,5,0.9321065399485889,-0.3537187879841426,True,False,False,False,True,False,True,False,True,False,False,False,True,False
550000,2.9608648560908297,13,0.4616472351092913,2.528155541602972,False,False,False,True,True,False,True,False,True,False,False,False,False,True
85000,0.0334267448202893,7,3.2844030641450774,-0.8979993014365886,False,False,False,True,True,False,True,False,True,False,False,False,False,False
52000,-0.42758713097034695,5,2.8139437593057797,-1.0813562119968096,False,False,False,True,True,False,True,False,False,False,True,False,True,False
1200000,-0.42758713097034695,12,-0.9497306794086018,0.17319107078365092,True,False,False,False,True,False,False,False,False,False,False,False,False,False
450000,-0.19708019307502883,5,0.4616472351092913,-0.4182383625271378,False,False,False,True,True,False,False,False,False,False,True,False,True,False
615000,-0.6580940688656651,7,-1.1849603318282507,0.011892134426163232,False,False,False,True,True,False,True,False,False,False,False,False,False,False
400000,-0.19708019307502883,7,0.22641758268964243,-0.31897747861483755,True,False,False,False,True,False,True,False,True,False,False,False,False,False
60000,-0.6580940688656651,12,-0.008812069730006403,-0.7049920271626715,False,False,False,True,True,False,True,False,False,False,False,False,False,False
500000,-1.3689544146410366,7,-0.9497306794086018,-1.3638426236604861,False,False,False,True,True,False,True,False,False,False,False,False,False,False
600000,-0.542840599918006,4,-0.4792713745693041,-0.3537187879841426,False,False,False,True,True,False,True,False,False,False,False,False,True,False
110000,0.9554544964015619,5,0.6968768875289402,0.4993733643065706,False,False,False,True,True,False,True,False,False,False,False,False,True,False
175000,0.26393368271560746,5,-0.008812069730006403,0.2986457990616971,False,False,False,True,True,False,True,False,False,False,False,False,True,False
325000,0.7249475585062437,3,0.4616472351092913,0.442022631379464,True,False,False,False,True,False,True,False,True,False,False,False,True,False
425000,0.4944406206109256,7,-0.9497306794086018,1.6786478101202038,True,False,False,False,True,False,True,False,False,False,False,False,False,False
160000,0.0334267448202893,5,0.9321065399485889,-0.3913552064675564,False,False,False,False,True,False,True,False,False,False,True,False,True,False
100000,0.26393368271560746,7,1.4025658447878866,-0.37044608508788207,False,False,False,True,True,False,True,False,False,False,True,False,False,False
390000,0.9554544964015619,7,-0.24404172214965525,1.3022836252860654,True,False,False,False,True,False,True,False,True,False,False,False,False,False
400000,-0.42758713097034695,5,-0.9497306794086018,0.17319107078365092,False,False,False,True,True,False,True,False,False,False,False,False,True,False
509999,-1.4648683514992786,12,-1.1849603318282507,-1.4935646049103897,False,False,False,True,True,False,True,False,False,False,False,False,False,False
150000,0.4944406206109256,5,1.167336192368238,-0.11461683526598422,False,False,False,True,True,False,True,False,False,False,True,False,True,False
110000,1.18596143429688,5,0.9321065399485889,0.5495552556177892,False,False,False,True,True,False,True,False,False,False,False,False,True,False
450000,0.26393368271560746,8,-0.008812069730006403,0.2986457990616971,True,False,False,False,True,False,True,False,False,False,False,False,True,False
400000,-0.7041954564447287,5,-0.9497306794086018,-0.27844595101731495,False,False,False,True,True,False,True,False,True,False,False,False,True,False
140000,1.18596143429688,5,0.9321065399485889,0.5495552556177892,False,False,False,True,True,False,True,False,False,False,False,False,True,False
130000,0.4944406206109256,12,0.4616472351092913,0.22695738290281348,True,False,False,False,True,False,True,False,False,False,False,False,False,False
160000,-0.42758713097034695,7,-0.9497306794086018,0.17319107078365092,False,False,False,True,True,False,True,False,False,False,False,False,False,False
150000,-0.19708019307502883,7,-0.7145010269889529,0.2986457990616971,False,False,False,True,True,False,True,False,False,False,False,False,False,False
500000,0.7249475585062437,6,-0.008812069730006403,0.8004647121738815,True,False,False,False,True,False,True,False,True,False,False,False,True,False
40000,-1.142158638445833,12,0.4616472351092913,-1.3000058812814044,False,False,False,True,True,False,True,False,False,False,False,False,False,False
140000,3.030016937459425,1,1.6377954972075355,1.460752755742545,True,False,False,False,True,False,True,False,False,False,True,False,False,False
227000,0.0334267448202893,6,-0.4792713745693041,0.39900958168413386,True,False,False,False,True,False,True,False,True,False,False,False,True,False
285000,-0.42758713097034695,7,0.4616472351092913,-0.6333036110037881,True,False,False,False,True,False,True,False,True,False,False,False,False,False
155000,-1.1403837350240393,7,0.22641758268964243,-1.2667898808282183,False,False,False,True,True,False,True,False,True,False,False,False,False,False
210000,-0.8886010067609833,5,-0.7145010269889529,-0.7049920271626715,False,False,False,True,True,False,True,False,False,False,False,False,True,False
140000,0.26393368271560746,7,0.9321065399485889,-0.2031731140504873,False,False,False,True,True,False,True,False,True,False,False,False,False,False
940000,1.3703669846131346,13,-0.4792713745693041,2.145339399314535,True,False,False,False,True,False,True,False,False,False,False,False,False,True
750000,0.26393368271560746,8,-0.008812069730006403,0.2986457990616971,True,False,False,False,True,False,True,False,False,False,False,False,True,False
610000,0.7249475585062437,7,-0.7145010269889529,1.636829567360855,True,False,False,False,True,False,True,False,False,False,False,False,False,False
450000,-0.42758713097034695,8,-0.4792713745693041,-0.2031731140504873,True,False,False,False,True,False,True,False,False,False,False,False,True,False
409999,-0.2892829682331561,13,0.22641758268964243,-0.4116209702663177,True,False,False,False,True,False,True,False,False,False,False,False,False,True
100000,-1.089095941342331,5,-1.1849603318282507,-0.7923658687771187,False,False,False,True,True,False,True,False,False,False,False,False,True,False
300000,-1.3380895356568536,10,-1.1849603318282507,-1.2569928315860743,False,False,False,True,True,False,True,False,False,False,False,False,True,False
400000,0.8863024150329664,6,-0.008812069730006403,0.9761013317631456,True,False,False,False,True,False,True,False,False,False,False,False,True,False
210000,-0.19708019307502883,5,0.6968768875289402,-0.5042644619177978,False,False,False,True,True,False,True,False,True,False,False,False,True,False
90000,1.18596143429688,5,1.6377954972075355,0.19299971209071093,False,False,False,True,True,False,True,False,True,False,False,False,True,False
222000,0.0334267448202893,7,0.6968768875289402,-0.30353689667292405,False,False,False,True,True,False,True,False,False,False,False,False,False,False
240000,-0.42758713097034695,7,-0.4792713745693041,-0.2031731140504873,False,False,False,True,True,False,True,False,True,False,False,False,False,False
450000,0.0334267448202893,13,-0.008812069730006403,0.047736342505604754,True,False,False,False,True,False,True,False,True,False,False,False,False,True
735000,-0.3054184538858284,14,0.22641758268964243,-0.42783358130532656,True,False,False,False,False,False,False,False,False,False,False,False,True,False
285000,0.1325447281152761,12,0.22641758268964243,0.012223004039204073,True,False,False,False,False,False,True,False,False,False,False,False,False,False
350000,-0.45568592669978625,4,0.6968768875289402,-0.7294607173660217,False,False,False,True,False,False,True,False,False,False,False,False,True,False
290000,0.43957996939183985,14,0.6968768875289402,0.05014507328854324,True,False,False,False,False,False,False,False,False,False,False,False,True,False
890000,-0.6530459669257577,14,-0.9497306794086018,-0.19493073840261965,True,False,False,False,False,False,False,False,False,False,False,False,True,False
385000,-1.3156612105996393,4,0.4616472351092913,-1.4618854938097792,False,False,False,True,False,False,True,False,False,False,False,False,True,False
425000,-1.3876024259167679,7,-0.9497306794086018,-1.3942904862135679,False,False,False,True,False,False,True,False,False,False,False,False,False,False
525000,-1.3554928094679501,7,-0.9497306794086018,-1.3418629552661725,False,False,False,True,False,False,False,False,False,False,False,False,False,False
550000,-1.3554236573865817,5,-0.9497306794086018,-1.3417500460107221,False,False,False,True,False,False,True,False,False,False,False,False,True,False
271000,-0.4506378247598788,14,0.22641758268964243,-0.573747080656408,False,False,False,True,False,False,True,False,False,False,False,False,True,False
1490000,-1.1031107631663664,5,-1.1849603318282507,-0.8185178029918795,True,False,False,False,False,False,True,False,False,False,False,False,True,False
490000,-0.8637062574682889,5,-0.4792713745693041,-0.7728379442154388,False,False,False,True,False,False,True,False,False,False,False,False,True,False
260000,-0.7133004804915938,5,-0.24404172214965525,-0.6793080227915662,False,False,False,True,False,False,True,False,False,False,False,False,True,False
455000,-0.29274057230158584,5,-0.24404172214965525,-0.17990696444255883,True,False,False,False,False,False,True,False,False,False,False,False,True,False
75000,-0.22358849093299044,12,0.6968768875289402,-0.5273481319209583,False,False,False,True,False,False,True,False,False,False,False,False,False,False
421000,-1.0306163311982888,13,-0.4792713745693041,-0.9908581892061584,False,False,False,True,False,False,True,False,False,False,False,False,False,True
550000,-0.3353843558122197,7,-0.7145010269889529,0.09791823381682327,True,False,False,False,False,False,True,False,False,False,False,False,False,False
330000,-0.7041954564447287,5,-0.008812069730006403,-0.75517391847389,False,False,False,True,False,False,False,False,False,False,False,False,True,False
390000,-0.5323755849375587,14,0.22641758268964243,-0.6558755360054451,True,False,False,False,False,False,True,False,False,False,False,False,True,False
599000,-0.4977303921718923,11,-0.4792713745693041,-0.2947952112065099,True,False,False,False,False,False,False,False,False,False,False,False,True,False
110000,-0.19708019307502883,5,1.4025658447878866,-0.7049920271626715,False,False,False,True,True,False,True,True,False,False,False,False,True,False
250000,-1.0038544757086423,10,-0.7145010269889529,-0.8722649982000663,False,False,False,True,True,False,True,False,False,False,False,False,True,False
600000,0.9554544964015619,6,0.22641758268964243,0.8390661670286645,True,False,False,False,True,False,True,True,False,False,False,False,True,False
280000,2.799509999564107,3,1.167336192368238,1.656508740424078,True,False,False,False,True,False,True,False,True,False,False,False,True,False
2675000,-1.0038544757086423,0,-1.1849603318282507,-0.6333036110037881,True,False,False,False,True,False,False,False,False,False,False,True,False,False
80000,0.4944406206109256,6,1.167336192368238,-0.11461683526598422,False,False,False,True,True,False,True,False,False,False,False,False,True,False
350000,-1.4648683514992786,7,-1.4201899842478996,-1.457720396830948,False,False,False,True,True,False,True,False,False,False,False,False,False,False
475000,-0.19708019307502883,7,-0.4792713745693041,0.09791823381682327,True,False,False,False,True,False,True,False,False,False,False,False,False,False
2675000,-1.54554577976264,0,-1.6554196366675484,-1.618302449026847,True,False,False,False,True,False,False,False,False,False,False,True,False,False
500000,-0.42758713097034695,7,-1.1849603318282507,0.442022631379464,True,False,False,False,True,False,True,False,False,False,False,False,False,False
250000,1.18596143429688,1,-0.24404172214965525,1.5760030324381662,True,False,False,False,True,False,True,False,False,False,False,False,False,False
100000,1.18596143429688,5,1.8730251496271844,0.09791823381682327,True,False,False,False,True,False,True,False,True,False,False,False,True,False
350000,-1.4648683514992786,7,-1.4201899842478996,-1.457720396830948,False,False,False,True,True,False,True,False,False,False,False,False,False,False
2675000,-0.4967392123389424,9,-0.24404172214965525,-0.4221486397721676,True,False,False,False,True,False,False,False,False,False,False,True,False,False
1900000,-1.1191079446563015,13,-0.9497306794086018,-0.9559014837187637,False,False,False,True,True,False,False,False,False,False,False,False,False,True
95000,1.18596143429688,5,1.8730251496271844,0.09791823381682327,False,False,False,True,True,False,True,False,True,False,False,False,True,False
409999,-0.24318158065409246,5,-0.4792713745693041,0.03769996424336116,True,False,False,False,True,False,True,False,False,False,False,False,True,False
1050000,-0.7733475378133242,6,-1.1849603318282507,-0.2031731140504873,True,False,False,False,True,False,True,False,False,False,False,False,True,False
320000,-0.8886010067609833,7,-0.9497306794086018,-0.5795372988846255,False,False,False,True,True,False,True,False,False,False,False,False,False,False
1000000,-1.3496148825516194,6,-1.4201899842478996,-1.2068109402748557,True,False,False,False,True,False,True,False,False,False,False,False,True,False
1770000,-1.0038544757086423,13,-0.9497306794086018,-0.7677193913016946,True,False,False,False,True,False,True,False,False,False,False,False,False,True
950000,-1.1191079446563015,6,-1.1849603318282507,-0.8483688594804384,True,False,False,False,True,False,True,False,False,False,False,False,True,False
750000,-0.42758713097034695,7,-1.1849603318282507,0.442022631379464,True,False,False,False,True,False,True,False,False,False,False,False,False,False
220000,-0.6119926812866014,5,-0.24404172214965525,-0.559008343348218,False,False,False,True,True,False,True,False,False,False,False,False,True,False
1000000,-0.42758713097034695,12,-0.9497306794086018,0.17319107078365092,True,False,False,False,True,False,True,False,False,False,False,False,False,False
660000,1.0937586591387527,4,-0.9497306794086018,2.6571946906889634,True,False,False,False,True,False,True,False,False,False,False,False,True,False
716000,0.7249475585062437,7,-0.4792713745693041,1.3022836252860654,True,False,False,False,True,False,True,False,False,False,False,False,False,False
675000,-0.05877603033783795,7,-0.4792713745693041,0.2785730425372096,False,False,False,True,True,False,True,False,False,False,False,False,False,False
385000,0.9554544964015619,6,0.6968768875289402,0.4993733643065706,True,False,False,False,True,False,True,False,False,False,True,False,True,False
325000,0.0334267448202893,2,-0.24404172214965525,0.20740599667766357,True,False,False,False,True,False,True,False,False,False,False,False,False,False
950000,-0.19708019307502883,5,-0.4792713745693041,0.09791823381682327,True,False,False,False,True,False,True,False,False,False,False,False,True,False
400000,0.9554544964015619,3,1.4025658447878866,0.13137282802430228,True,False,False,False,True,False,False,True,False,False,False,False,True,False
250000,-1.0038544757086423,12,-0.24404172214965525,-1.024331335506789,True,False,False,False,True,False,True,False,False,False,False,False,False,False
2675000,-0.012674642758774326,9,-1.1849603318282507,1.2162575258954051,False,False,False,True,True,False,False,False,False,False,False,True,False,False
210000,-1.1191079446563015,7,-0.24404172214965525,-1.161191039082839,False,False,False,True,True,False,True,False,False,False,False,False,False,False
147000,0.9554544964015619,5,0.4616472351092913,0.6570878798561143,False,False,False,True,True,False,True,False,True,False,False,False,True,False
725000,-0.9727360390927744,7,-1.1849603318282507,-0.5752359939150925,True,False,False,False,True,False,True,False,False,False,False,False,False,False
550000,0.4944406206109256,6,0.22641758268964243,0.37584870877126375,True,False,False,False,True,False,True,False,False,False,False,False,True,False
475000,-1.0038544757086423,5,-0.7145010269889529,-0.8722649982000663,False,False,False,True,True,False,True,False,False,False,False,False,True,False
250000,-0.42758713097034695,5,-0.24404172214965525,-0.3400328176265377,False,False,False,True,True,False,True,False,True,False,False,False,True,False
70000,-0.19708019307502883,12,1.6377954972075355,-0.7578150706481646,False,False,False,True,True,False,True,False,True,False,False,False,False,False
160000,0.0334267448202893,5,0.22641758268964243,-0.08736874948613703,False,False,False,True,True,False,True,False,False,False,True,False,True,False
1000000,0.4944406206109256,3,0.4616472351092913,0.22695738290281348,True,False,False,False,True,False,False,False,True,False,False,False,True,False
68000,0.0334267448202893,5,2.8139437593057797,-0.8304467554407177,False,False,False,True,True,False,True,False,False,False,False,False,True,False
500000,-0.9692784350243446,5,-0.9497306794086018,-0.7112647635765739,False,False,False,True,True,False,True,False,False,False,False,False,True,False
1050000,-1.3496148825516194,5,-1.6554196366675484,-1.106447157652419,True,False,False,False,True,False,True,False,False,False,False,False,True,False
900000,-0.42758713097034695,5,-0.9497306794086018,0.17319107078365092,True,False,False,False,True,False,True,False,False,False,False,False,True,False
100000,-0.3814857433912833,7,1.4025658447878866,-0.8388104039925874,False,False,False,True,True,False,True,False,True,False,False,False,False,False
300000,0.4944406206109256,5,-0.008812069730006403,0.5495552556177892,True,False,False,False,True,False,True,False,False,False,False,False,True,False
140000,-0.19708019307502883,12,0.4616472351092913,-0.4182383625271378,True,False,False,False,True,False,True,False,True,False,False,False,False,False
550000,-0.7733475378133242,3,-1.1849603318282507,-0.2031731140504873,False,False,False,True,True,False,True,False,False,False,False,False,True,False
650000,0.05744556774898145,6,0.22641758268964243,-0.06323511991092658,True,False,False,False,False,False,True,False,False,False,False,False,True,False
1025000,2.289398146001768,9,0.22641758268964243,2.1793858824964545,True,False,False,False,False,False,True,False,True,False,False,False,False,True
195000,1.4986210448580894,3,0.4616472351092913,1.163867631366493,True,False,False,False,False,False,True,False,False,False,False,False,True,False
1490000,-0.6580940688656651,9,-0.008812069730006403,-0.7049920271626715,True,False,False,False,False,False,False,False,False,False,False,True,False,False
1140000,-1.0490799369237038,4,-1.1849603318282507,-0.7176952145060257,False,False,False,True,False,True,False,False,False,False,False,False,True,False
95000,0.0334267448202893,1,0.4616472351092913,-0.2031731140504873,True,False,False,False,True,False,True,False,False,False,False,False,False,False
2675000,-0.8886010067609833,9,-0.9497306794086018,-0.5795372988846255,True,False,False,False,True,False,False,False,False,False,False,True,False,False
585000,-0.5749271656730344,7,-0.9497306794086018,-0.06738091616233023,False,False,False,True,False,True,True,False,False,False,False,False,False,False
825000,-1.321677441678707,7,-1.1849603318282507,-1.2263675402029992,False,False,False,True,False,True,False,False,False,False,False,False,False,False
280000,-0.3814857433912833,5,-0.008812069730006403,-0.4039006792953611,True,False,False,False,False,False,True,False,False,False,False,False,True,False
725000,-0.4456358242075504,7,-0.7145010269889529,-0.06209509027754852,False,False,False,True,False,True,True,False,False,False,False,False,False,False
300000,0.4944406206109256,6,-0.4792713745693041,1.001192277418755,True,False,False,False,True,False,True,False,False,False,False,False,True,False
375000,0.0334267448202893,5,-0.4792713745693041,0.39900958168413386,False,False,False,True,True,False,True,False,False,False,False,False,True,False
310000,0.4944406206109256,4,2.343484454466482,-0.4768925212025878,False,False,False,True,True,False,True,True,False,False,False,False,True,False
375000,2.799509999564107,7,0.4616472351092913,2.3776098676693174,True,False,False,False,True,False,True,False,False,False,True,False,False,False
1950000,0.8632517212434346,3,-0.7145010269889529,1.8375571326057287,True,False,False,False,True,False,False,False,False,False,False,False,True,False
400000,0.26393368271560746,12,0.22641758268964243,0.1442399796425635,True,False,False,False,True,False,True,False,True,False,False,False,False,False
550000,0.26393368271560746,8,-0.24404172214965525,0.48112540382976404,True,False,False,False,True,False,True,False,True,False,False,False,True,False
270000,-1.1191079446563015,7,-1.1849603318282507,-0.8483688594804384,False,False,False,True,True,False,True,False,False,False,False,False,False,False
555000,0.9554544964015619,7,0.22641758268964243,0.8390661670286645,True,False,False,False,True,False,True,False,True,False,False,False,False,False
500000,-0.19708019307502883,3,-0.008812069730006403,-0.2031731140504873,True,False,False,False,True,False,True,False,True,False,False,False,True,False
400000,1.4164683721921982,11,0.6968768875289402,0.9008284947963179,True,False,False,False,True,False,False,False,True,False,False,False,True,False
280000,-0.9153859129444192,5,-0.9497306794086018,-0.6232708171623523,False,False,False,True,True,False,True,False,False,False,False,False,True,False
80000,3.030016937459425,12,1.167336192368238,1.833621297993084,False,False,False,True,True,False,True,False,False,False,False,False,False,False
55000,0.7249475585062437,12,1.6377954972075355,-0.12393854882224754,True,False,False,False,True,False,True,False,False,False,False,False,False,False
250000,-0.42758713097034695,7,-0.24404172214965525,-0.3400328176265377,False,False,False,True,True,False,True,False,False,False,False,False,False,False
250000,2.799509999564107,6,0.6968768875289402,2.1051938862655604,True,False,False,False,True,False,True,True,False,False,False,False,True,False
95000,0.7249475585062437,6,1.4025658447878866,-0.0359001430130925,True,False,False,False,True,False,True,False,True,False,False,False,True,False
725000,1.5317218411398572,6,-0.24404172214965525,1.9865821431663166,True,False,False,False,True,False,True,False,True,False,False,False,True,False
320000,-0.42758713097034695,6,-0.4792713745693041,-0.2031731140504873,True,False,False,False,True,False,True,False,False,False,True,False,True,False
1200000,1.5317218411398572,11,-0.24404172214965525,1.9865821431663166,True,False,False,False,True,False,False,False,False,False,True,False,True,False
160000,-0.42758713097034695,1,0.22641758268964243,-0.550586207743538,True,False,False,False,True,False,True,False,False,False,False,False,False,False
790000,-1.1289966922920105,4,-1.1849603318282507,-0.8668214577997352,True,False,False,False,False,False,True,False,False,False,False,False,True,False
1200000,-0.897821284276796,4,-1.1849603318282507,-0.43544358240526976,False,False,False,True,False,False,True,False,False,False,False,False,True,False
175000,0.0334267448202893,7,0.4616472351092913,-0.2031731140504873,False,False,False,True,True,False,True,False,False,False,False,False,False,False
950000,-1.2343614136039605,7,-1.1849603318282507,-1.063434107957089,True,False,False,False,True,False,False,False,False,False,False,False,False,False
340000,-0.42758713097034695,7,-1.4201899842478996,0.8004647121738815,False,False,False,True,True,False,True,False,False,False,False,False,False,False
825000,-1.268937454288258,10,-0.9497306794086018,-1.2005382038609536,True,False,False,False,True,False,True,False,False,False,False,False,True,False
2675000,-1.0730065570772378,0,-1.1849603318282507,-0.7623427600897784,False,False,False,True,True,False,False,False,False,False,False,True,False,False
780000,-1.0038544757086423,4,-1.1849603318282507,-0.6333036110037881,True,False,False,False,False,False,True,False,False,False,False,False,True,False
350000,0.26393368271560746,13,0.6968768875289402,-0.10280933142805053,False,False,False,True,True,False,False,False,False,False,True,False,False,True
690000,-0.681144762655197,4,-1.1849603318282507,-0.031120915269166927,False,False,False,True,False,False,True,False,False,False,False,False,True,False
245000,-0.19708019307502883,7,-0.7145010269889529,0.2986457990616971,False,False,False,True,True,False,True,False,False,False,False,False,False,False
790000,-0.4506378247598788,4,-1.1849603318282507,0.39900958168413386,True,False,False,False,False,False,True,False,False,False,False,False,True,False
680000,-0.4598581022756915,4,-1.1849603318282507,0.3818043618060019,False,False,False,True,False,False,True,False,False,False,False,False,True,False
540000,-1.1191079446563015,5,-0.9497306794086018,-0.9559014837187637,False,False,False,True,True,False,True,False,True,False,False,False,True,False
425000,-1.0038544757086423,6,-0.7145010269889529,-0.8722649982000663,False,False,False,True,True,False,True,False,False,False,False,False,True,False
140000,1.18596143429688,7,1.167336192368238,0.4167208374410345,False,False,False,True,True,False,True,False,False,False,False,False,False,False
1100000,-0.8886010067609833,7,-1.4201899842478996,-0.2031731140504873,True,False,False,False,True,False,True,False,False,False,False,False,False,False
715000,-0.7733475378133242,10,-0.4792713745693041,-0.6548101358514531,True,False,False,False,True,False,True,False,False,False,False,False,True,False
1750000,1.3621378869302716,0,-0.4792713745693041,2.134590438195672,True,False,False,False,False,False,False,False,False,False,False,True,False,False
400000,-0.3353843558122197,12,-1.1849603318282507,0.6140748301607843,False,False,False,True,False,False,True,False,True,False,False,False,False,False
1750000,0.7792088916868016,0,-0.24404172214965525,1.0929977665775692,True,False,False,False,False,False,False,False,False,False,False,True,False,False
1850000,-0.14551579106784618,0,-0.24404172214965525,-0.005082379094512123,False,False,False,True,False,False,False,False,False,False,False,True,False,False
114999,0.4944406206109256,5,1.8730251496271844,-0.3537187879841426,False,False,False,True,False,False,True,False,True,False,False,False,True,False
950000,-1.086975277513694,3,-1.1849603318282507,-0.7884086682051484,True,False,False,False,False,False,True,False,False,False,False,False,True,False
310000,-0.8266868432423008,9,-0.4792713745693041,-0.7244826737479488,False,False,False,True,False,False,True,False,False,False,False,False,False,False
575000,-1.5570480759636163,6,1.6377954972075355,-1.6927670934283465,True,False,False,False,False,False,True,False,False,False,False,False,True,False
490000,-1.0730065570772378,10,-0.9497306794086018,-0.8806286467519361,True,False,False,False,False,False,True,False,False,False,False,False,True,False
480000,-0.35241881852268375,5,-0.9497306794086018,0.2959234314580634,False,False,False,True,False,False,True,False,False,False,False,False,True,False
2675000,-0.35843504960175154,9,-0.7145010269889529,0.06446363960934426,True,False,False,False,False,False,False,False,False,False,False,True,False,False
370000,-1.3496148825516194,10,-1.1849603318282507,-1.2784993564337392,False,False,False,True,False,False,True,False,False,False,False,False,True,False
835000,-1.2574121073934923,7,-0.9497306794086018,-1.1817199946192467,True,False,False,False,False,False,True,False,False,False,False,False,False,False
650000,-0.5658912937075379,14,-0.9497306794086018,-0.05262744011683201,False,False,False,True,False,False,True,False,False,False,False,False,True,False
670000,-0.660514391713566,13,-0.24404172214965525,-0.6166262785537351,True,False,False,False,False,False,True,False,False,False,False,False,False,True
950000,0.10257882618888474,1,-0.9497306794086018,1.0388286959021689,True,False,False,False,False,False,False,False,False,False,False,False,False,False
690000,-1.1882600260248968,4,-0.24404172214965525,-1.2433068612284695,False,False,False,True,False,False,True,False,False,False,False,False,True,False
670000,-1.1515863722057518,14,-0.9497306794086018,-1.0089311973618937,False,False,False,True,False,False,True,False,False,False,False,False,True,False
925000,-0.9631469504763291,12,-0.9497306794086018,-0.7012534762599858,True,False,False,False,False,False,True,False,False,False,False,False,False,False
250000,-0.8886010067609833,5,-0.4792713745693041,-0.8053558097851085,False,False,False,True,True,False,True,False,False,False,False,False,True,False
509999,-0.6119926812866014,12,-0.7145010269889529,-0.30353689667292405,True,False,False,False,True,False,True,False,False,False,False,False,False,False
520000,0.9554544964015619,4,-0.24404172214965525,1.3022836252860654,True,False,False,False,True,False,True,False,False,False,False,False,True,False
100000,0.7249475585062437,12,1.8730251496271844,-0.2031731140504873,True,False,False,False,True,False,True,False,False,False,False,False,False,False
85000,3.563834124514915,12,1.6377954972075355,1.8277419068188752,True,False,False,False,True,False,True,False,True,False,False,False,False,False
130000,0.9554544964015619,12,0.9321065399485889,0.36137316320072,True,False,False,False,True,False,True,False,False,False,True,False,False,False
950000,-0.943461657980069,3,-1.1849603318282507,-0.5206094208020232,True,False,False,False,False,False,True,False,False,False,False,False,True,False
450000,0.0334267448202893,3,-0.4792713745693041,0.39900958168413386,False,False,False,True,True,False,True,False,False,False,False,False,True,False
320000,-0.42758713097034695,4,0.22641758268964243,-0.550586207743538,False,False,False,True,True,False,True,False,True,False,False,False,True,False
480000,-0.42758713097034695,7,-0.4792713745693041,-0.2031731140504873,True,False,False,False,True,False,True,False,False,False,False,False,False,False
2490000,-0.5197899061284742,9,-0.24404172214965525,-0.4495205804873777,True,False,False,False,True,False,False,False,False,False,False,True,False,False
790000,0.3100350702946711,13,0.22641758268964243,0.19056172546830344,True,False,False,False,True,False,True,False,False,False,False,False,False,True
120000,1.18596143429688,7,-0.7145010269889529,2.3059214515104345,False,False,False,True,True,False,True,False,False,False,False,False,False,False
75000,0.26393368271560746,7,1.6377954972075355,-0.44087680973520627,False,False,False,True,True,False,True,False,False,False,True,False,False,False
99000,0.0334267448202893,12,0.6968768875289402,-0.30353689667292405,False,False,False,True,True,False,True,False,False,False,False,False,False,False
1015000,-1.1191079446563015,7,-1.1849603318282507,-0.8483688594804384,True,False,False,False,True,False,True,False,False,False,False,False,False,False
250000,3.030016937459425,6,-0.008812069730006403,3.3095592777348033,True,False,False,False,True,False,True,False,True,False,False,False,True,False
520000,1.18596143429688,13,0.4616472351092913,0.8721531283327645,True,False,False,False,True,False,True,False,False,False,False,False,False,True
1100000,-0.8886010067609833,5,-1.1849603318282507,-0.4182383625271378,True,False,False,False,True,False,False,False,False,False,False,False,True,False
200000,3.5601828946186567,13,1.8730251496271844,1.6485386753334728,True,False,False,False,True,False,True,False,False,False,False,False,False,True
525000,-0.19708019307502883,7,-0.7145010269889529,0.2986457990616971,True,False,False,False,True,False,True,False,False,False,False,False,False,False
500000,-0.6580940688656651,5,-0.7145010269889529,-0.37044608508788207,False,False,False,True,True,False,True,False,False,False,False,False,True,False
675000,2.1385774565368614,6,-0.7145010269889529,3.688499466322917,True,False,False,False,True,False,True,False,False,False,False,False,True,False
150000,-0.19708019307502883,5,0.9321065399485889,-0.5795372988846255,False,False,False,True,True,False,True,False,False,False,True,False,True,False
250000,-0.42758713097034695,6,1.4025658447878866,-0.8722649982000663,True,False,False,False,True,False,True,False,False,False,False,False,True,False
450000,-1.4418176577097468,5,-1.1849603318282507,-1.4505515552150596,False,False,False,True,True,False,True,False,False,False,False,False,True,False
150000,-0.012674642758774326,5,0.9321065399485889,-0.4289916249509702,False,False,False,True,True,False,True,False,True,False,False,False,True,False
200000,0.3791871516632665,1,0.22641758268964243,0.26004434420691347,True,False,False,False,True,False,True,False,False,False,False,False,False,False
525000,0.0334267448202893,6,0.4616472351092913,-0.2031731140504873,True,False,False,False,True,False,False,False,False,False,False,False,True,False
60000,-0.7733475378133242,7,3.2844030641450774,-1.3033145774118142,False,False,False,True,True,False,True,False,True,False,False,False,False,False
180000,0.7249475585062437,7,0.6968768875289402,0.2986457990616971,True,False,False,False,True,False,True,False,True,False,False,False,False,False
475000,0.9554544964015619,4,-0.4792713745693041,1.6033749731533762,True,False,False,False,True,False,True,False,False,False,False,False,True,False
380000,2.914763468511766,6,0.6968768875289402,2.205557668887997,True,False,False,False,True,False,False,False,True,False,False,False,True,False
285000,-0.5197899061284742,7,-0.4792713745693041,-0.32360965319741153,False,False,False,True,True,False,True,False,True,False,False,False,False,False
91200,-0.19708019307502883,7,1.167336192368238,-0.6459545079730028,False,False,False,True,True,False,True,False,True,False,False,False,False,False
400000,-0.6119926812866014,5,-0.4792713745693041,-0.44404619234433573,True,False,False,False,True,False,True,False,False,False,False,False,True,False
160000,0.4944406206109256,5,1.6377954972075355,-0.28240767927872706,False,False,False,True,True,False,False,False,True,False,False,False,True,False
650000,0.3791871516632665,11,0.22641758268964243,0.26004434420691347,True,False,False,False,True,False,True,False,True,False,False,False,True,False
409999,1.18596143429688,5,0.22641758268964243,1.070674896157365,True,False,False,False,True,False,True,False,False,False,True,False,True,False
425000,0.07952813239935293,3,-0.008812069730006403,0.09791823381682327,True,False,False,False,True,False,True,False,False,False,False,False,True,False
250000,0.056477438609821115,7,-0.008812069730006403,0.07282728816121416,False,False,False,False,True,False,True,False,True,False,False,False,False,False
200000,0.9554544964015619,7,0.9321065399485889,0.36137316320072,False,False,False,True,True,False,True,True,False,False,False,False,False,False
130000,1.7391780852456435,14,0.6968768875289402,1.1818470861391412,True,False,False,False,True,False,True,True,False,False,False,False,True,False
260000,-0.8886010067609833,7,-0.9497306794086018,-0.5795372988846255,False,False,False,True,False,False,True,False,False,False,False,False,False,False
155000,-0.08182672412736977,5,1.4025658447878866,-0.6213555416439741,False,False,False,True,False,False,True,False,False,False,False,False,True,False
450000,-0.7041954564447287,4,-0.4792713745693041,-0.5644827314912599,True,False,False,False,True,False,True,False,False,False,False,False,True,False
220000,0.4944406206109256,7,0.22641758268964243,0.37584870877126375,False,False,False,True,True,False,True,False,True,False,False,False,False,False
650000,-0.7272461502342605,5,-1.1849603318282507,-0.11714701465982724,True,False,False,False,False,False,True,False,False,False,False,False,True,False
285000,-0.8886010067609833,7,-1.1849603318282507,-0.4182383625271378,False,False,False,True,False,False,True,False,False,False,False,False,False,False
725000,-0.9808037819191106,4,-1.1849603318282507,-0.590290561308458,False,False,False,True,False,False,False,False,False,False,False,False,True,False
625000,-0.8886010067609833,7,-0.7145010269889529,-0.7049920271626715,False,False,False,True,False,False,True,False,False,False,False,False,False,False
550000,-1.049955863287706,5,-0.7145010269889529,-0.9391741866150242,False,False,False,True,False,False,True,False,False,False,False,False,True,False
240000,-0.6580940688656651,5,0.22641758268964243,-0.7821949368722383,False,False,False,True,False,False,True,False,False,False,False,False,True,False
600000,-0.9577530881295787,8,-0.24404172214965525,-0.9695874540763687,True,False,False,False,False,False,True,False,False,False,False,False,True,False
350000,-0.08182672412736977,12,0.22641758268964243,-0.2031731140504873,True,False,False,False,False,False,True,False,False,False,False,False,False,False
245000,-0.8424996191819196,5,-0.4792713745693041,-0.7451375402116464,False,False,False,True,False,False,True,False,False,False,False,False,True,False
600000,-0.2892829682331561,6,-0.7145010269889529,0.1648274222317813,True,False,False,False,False,False,True,False,False,False,False,False,True,False
2400000,-0.8886010067609833,9,-0.9497306794086018,-0.5795372988846255,True,False,False,False,True,False,False,False,False,False,False,True,False,False
620000,0.26393368271560746,6,-0.24404172214965525,0.48112540382976404,True,False,False,False,False,False,True,False,False,False,False,False,True,False
395000,-0.3814857433912833,7,-0.24404172214965525,-0.2852889361961175,False,False,False,True,False,False,True,False,True,False,False,False,False,False
635000,-1.2747001277356411,7,-0.24404172214965525,-1.3459516389105068,False,False,False,True,False,False,True,False,False,False,False,False,False,False
180000,-0.7502968440237924,7,0.4616472351092913,-0.9343949588710986,False,False,False,True,False,False,True,False,False,False,False,False,False,False
484999,0.10257882618888474,7,-0.4792713745693041,0.489336986044327,True,False,False,False,False,False,True,False,True,False,False,False,False,False
110000,-0.19708019307502883,7,2.108254802046833,-0.8483688594804384,False,False,False,True,True,False,True,False,False,False,False,False,False,False
150000,-0.19708019307502883,7,1.6377954972075355,-0.7578150706481646,False,False,False,True,True,False,True,False,True,False,False,False,False,False
400000,0.9554544964015619,1,0.22641758268964243,0.8390661670286645,True,False,False,False,True,False,True,False,False,False,False,False,False,False
200000,0.0334267448202893,12,0.22641758268964243,-0.08736874948613703,True,False,False,False,True,False,True,False,True,False,False,False,False,False
302000,-0.19708019307502883,10,-0.008812069730006403,-0.2031731140504873,True,False,False,False,True,False,True,False,True,False,False,False,True,False
215000,0.4944406206109256,7,0.4616472351092913,0.22695738290281348,True,False,False,False,True,False,True,True,False,False,False,False,False,False
155000,0.26393368271560746,7,2.108254802046833,-0.5616151948449046,False,False,False,True,True,False,True,False,True,False,False,False,False,False
1000000,0.7479982522957755,13,-0.24404172214965525,1.0559361588491751,True,False,False,False,True,False,True,False,True,False,False,False,False,True
550000,-0.5658912937075379,6,-1.1849603318282507,0.18394433320748332,True,False,False,False,True,False,True,False,False,False,False,False,True,False
200000,-0.542840599918006,7,1.6377954972075355,-0.9955187663328836,False,False,False,True,True,False,True,False,False,False,False,False,False,False
750000,1.18596143429688,6,-0.9497306794086018,2.8077403646226187,True,False,False,False,True,False,True,False,False,False,False,False,True,False
90000,0.4944406206109256,7,1.8730251496271844,-0.3537187879841426,False,False,False,True,True,False,True,False,True,False,False,False,False,False
80000,1.18596143429688,7,1.4025658447878866,0.2986457990616971,False,False,False,True,True,False,True,False,True,False,False,False,False,False
229999,-1.268937454288258,5,-0.008812069730006403,-1.3699020870363157,False,False,False,True,True,False,True,False,False,False,False,False,True,False
350000,-1.3496148825516194,10,-0.9497306794086018,-1.332265668552902,False,False,False,True,True,False,True,False,False,False,False,False,True,False
325000,-1.0038544757086423,5,-0.4792713745693041,-0.9559014837187637,False,False,False,True,True,False,True,False,False,False,True,False,True,False
450000,-1.3841909232359173,12,-1.1849603318282507,-1.3430189309767344,False,False,False,True,True,False,True,False,False,False,False,False,False,False
250000,1.18596143429688,7,0.22641758268964243,1.070674896157365,True,False,False,False,True,False,True,False,False,False,False,False,False,False
225000,1.18596143429688,14,0.22641758268964243,1.070674896157365,True,False,False,False,True,False,True,False,False,False,False,False,True,False
150000,0.5001110912831505,7,0.9321065399485889,-0.010361742159958286,False,False,False,True,True,False,True,False,False,False,True,False,False,False
110000,0.4944406206109256,7,1.167336192368238,-0.11461683526598422,False,False,False,True,True,False,True,False,True,False,False,False,False,False
150000,-0.6580940688656651,7,0.6968768875289402,-0.9057195924075453,False,False,False,True,True,False,True,False,True,False,False,False,False,False
165000,-0.19708019307502883,7,3.0491734117254286,-0.9860106185054948,False,False,False,True,True,False,True,True,False,False,False,False,False,False
610000,-0.8424996191819196,10,-0.9497306794086018,-0.5042644619177978,True,False,False,False,True,False,True,False,True,False,False,False,True,False
170000,-0.1878599155592161,12,-0.008812069730006403,-0.1931367357882437,True,False,False,False,True,False,True,False,False,False,False,False,False,False
150000,0.055324903920344524,5,1.167336192368238,-0.4520162574349409,True,False,False,False,True,False,True,False,True,False,False,False,True,False
375000,0.07952813239935293,5,-0.4792713745693041,0.45922785125759596,True,False,False,False,True,False,True,False,False,False,False,False,True,False
390000,0.4944406206109256,7,-0.008812069730006403,0.5495552556177892,True,False,False,False,True,False,True,False,False,False,False,False,False,False
600000,-1.3496148825516194,5,-0.9497306794086018,-1.332265668552902,False,False,False,True,True,False,True,False,False,False,False,False,True,False
204999,-1.0038544757086423,7,-0.24404172214965525,-1.024331335506789,False,False,False,True,True,False,True,False,True,False,False,False,False,False
270000,0.26393368271560746,5,0.9321065399485889,-0.2031731140504873,True,False,False,False,True,False,True,False,True,False,False,False,True,False
375000,-1.3496148825516194,5,-0.9497306794086018,-1.332265668552902,False,False,False,True,True,False,True,False,False,False,False,False,True,False
700000,-1.5547660572784527,7,-1.6554196366675484,-1.6423897568562318,False,False,False,True,True,False,True,False,False,False,False,False,False,False
455000,-0.6580940688656651,7,-0.9497306794086018,-0.2031731140504873,False,False,False,True,True,False,True,False,False,False,False,False,False,False
375000,-1.3496148825516194,5,-0.9497306794086018,-1.332265668552902,False,False,False,True,True,False,True,False,False,False,False,False,True,False
341000,-0.8542324223207913,5,-0.24404172214965525,-0.8466600683243604,False,False,False,True,True,False,True,False,False,False,False,False,True,False
200000,0.8895986642448694,7,-0.24404172214965525,1.2240819906627105,True,False,False,False,True,False,True,False,True,False,False,False,False,False
450000,-1.2343614136039605,7,-0.9497306794086018,-1.1440835761358328,False,False,False,True,True,False,False,False,False,False,False,False,False,False
170000,-0.42758713097034695,5,0.22641758268964243,-0.550586207743538,False,False,False,True,True,False,True,False,True,False,False,False,True,False
1900000,0.7249475585062437,13,-0.9497306794086018,2.055011994954342,True,False,False,False,True,False,True,False,False,False,False,False,False,True
500000,-0.19708019307502883,6,-0.7145010269889529,0.2986457990616971,True,False,False,False,True,False,True,False,False,False,False,False,True,False
819999,0.3791871516632665,7,-0.7145010269889529,1.135010654248671,True,False,False,False,True,False,True,False,False,False,False,False,False,False
351000,-0.6580940688656651,7,-0.24404172214965525,-0.613752224778638,False,False,False,True,True,False,True,False,True,False,False,False,False,False
195000,0.26393368271560746,5,0.4616472351092913,0.011892134426163232,False,False,False,True,True,False,True,False,True,False,False,False,True,False
250000,0.3100350702946711,7,1.167336192368238,-0.256306881321189,True,False,False,False,True,False,True,False,True,False,False,False,False,False
120000,0.0334267448202893,7,1.167336192368238,-0.4688419504039965,False,False,False,True,True,False,True,False,True,False,False,False,False,False
180000,0.0334267448202893,7,0.9321065399485889,-0.3913552064675564,False,False,False,True,True,False,True,False,False,False,True,False,False,False
430000,-1.1191079446563015,6,-0.7145010269889529,-1.0395379692374611,True,False,False,False,True,False,True,False,False,False,False,False,True,False
75000,-0.7733475378133242,12,0.22641758268964243,-0.8979993014365886,False,False,False,True,True,False,True,False,True,False,False,False,False,False
750000,0.26393368271560746,6,-0.9497306794086018,1.3022836252860654,True,False,False,False,True,False,True,False,False,False,False,False,True,False
60000,-0.6580940688656651,12,0.4616472351092913,-0.8483688594804384,False,False,False,True,True,False,True,False,False,False,False,False,False,False
1500000,-0.5102930202871871,13,-0.4792713745693041,-0.31120468966527837,True,False,False,False,True,False,True,False,False,False,False,False,False,True
390000,1.8774822479828344,6,0.4616472351092913,1.5173488737627159,True,False,False,False,True,False,True,True,False,False,False,False,True,False
630000,-0.42758713097034695,6,-0.7145010269889529,-0.0359001430130925,True,False,False,False,True,False,True,False,False,False,False,False,True,False
1085000,-1.2343614136039605,12,-1.1849603318282507,-1.063434107957089,True,False,False,False,True,False,True,False,False,False,False,False,False,False
190000,-0.19708019307502883,5,0.22641758268964243,-0.31897747861483755,False,False,False,True,True,False,True,False,True,False,False,False,True,False
550000,-1.0038544757086423,7,-1.1849603318282507,-0.6333036110037881,False,False,False,True,True,False,False,False,False,False,False,False,False,False
200000,0.4944406206109256,7,0.22641758268964243,0.37584870877126375,False,False,False,True,True,False,True,False,False,False,True,False,False,False
165000,-0.19708019307502883,1,0.4616472351092913,-0.4182383625271378,False,False,False,True,True,False,True,False,False,False,False,False,False,False
260000,-0.08182672412736977,3,-0.008812069730006403,-0.07771838577244113,True,False,False,False,True,False,True,False,False,False,False,False,True,False
151000,-0.6580940688656651,7,0.4616472351092913,-0.8483688594804384,False,False,False,True,True,False,True,False,False,False,False,False,False,False
780000,-0.42758713097034695,7,-1.1849603318282507,0.442022631379464,True,False,False,False,True,False,True,False,False,False,False,False,False,False
175000,0.26393368271560746,12,0.22641758268964243,0.1442399796425635,True,False,False,False,True,False,True,False,False,False,True,False,False,False
170000,0.8978277619277323,12,0.6968768875289402,0.44919147299535234,True,False,False,False,False,False,True,False,False,False,False,False,False,False
210000,1.5317218411398572,12,-0.008812069730006403,1.6786478101202038,True,False,False,False,False,False,True,False,True,False,False,False,False,False
90000,-0.5699021144269164,7,1.4025658447878866,-0.9755393305185538,False,False,False,True,False,False,True,False,True,False,False,False,False,False
535000,-0.2930171806270602,5,-0.7145010269889529,0.15940777797016972,False,False,False,True,False,False,True,False,False,False,False,False,True,False
195000,1.0218404945154136,7,1.4025658447878866,0.179547443683072,True,False,False,False,False,False,True,False,False,False,False,False,False,False
140000,0.4944406206109256,12,0.4616472351092913,0.22695738290281348,True,False,False,False,True,False,True,False,False,False,True,False,False,False
350000,-0.6580940688656651,8,0.22641758268964243,-0.7821949368722383,False,False,False,True,True,False,True,False,False,False,False,False,True,False
425000,-0.05877603033783795,5,-0.008812069730006403,-0.05262744011683201,False,False,False,True,True,False,True,False,False,False,False,False,True,False
300000,-0.8816857986241237,10,-0.9497306794086018,-0.5682463733396014,False,False,False,True,True,False,True,False,False,False,False,False,True,False
340000,0.3791871516632665,14,-0.008812069730006403,0.42410052733974296,True,False,False,False,True,False,True,False,True,False,False,False,True,False
250000,0.2791240899229089,7,0.9321065399485889,-0.19077191416020242,False,False,False,True,False,False,True,False,False,False,False,False,False,False
170000,0.29445280129294754,1,1.167336192368238,-0.2682796902128539,False,False,False,True,False,False,True,False,False,False,False,False,False,False
315000,1.3676931041335487,4,-0.008812069730006403,1.5001006408348885,True,False,False,False,False,False,True,False,False,False,False,False,True,False
200000,-0.42758713097034695,1,-0.4792713745693041,-0.2031731140504873,False,False,False,True,True,False,True,False,False,False,False,False,False,False
300000,-1.0038544757086423,1,-0.7145010269889529,-0.8722649982000663,False,False,False,True,True,False,True,False,False,False,False,False,False,False
300000,-0.04137275652674143,4,-0.4792713745693041,0.3013054393011916,True,False,False,False,False,False,True,False,False,False,False,False,True,False
380000,1.257049773943796,4,-0.008812069730006403,1.3796641016879643,False,False,False,True,False,False,True,False,False,False,False,False,True,False
250000,3.563834124514915,7,0.9321065399485889,2.4908116118574846,False,False,False,True,False,False,True,False,False,False,False,False,False,False
310000,0.6293102299734762,4,-0.008812069730006403,0.6963623786487585,True,False,False,False,False,False,True,False,False,False,False,False,True,False
260000,-0.42758713097034695,7,0.6968768875289402,-0.7049920271626715,False,False,False,True,True,False,True,False,False,False,False,False,False,False
150000,-0.42758713097034695,7,1.167336192368238,-0.823067065542009,False,False,False,True,True,False,True,False,True,False,False,False,False,False
85000,-0.19708019307502883,7,1.6377954972075355,-0.7578150706481646,False,False,False,True,True,False,True,False,True,False,False,False,False,False
280000,-1.2343614136039605,7,-0.4792713745693041,-1.2569928315860743,False,False,False,True,True,False,True,False,True,False,False,False,False,False
850000,-0.6580940688656651,6,-0.7145010269889529,-0.37044608508788207,True,False,False,False,True,False,True,False,False,False,False,False,True,False
375000,-1.1191079446563015,9,-0.9497306794086018,-0.9559014837187637,False,False,False,True,True,False,True,False,True,False,False,False,False,False
125000,1.18596143429688,5,1.6377954972075355,0.19299971209071093,True,False,False,False,True,False,True,False,False,False,True,False,True,False
250000,0.9554544964015619,1,0.22641758268964243,0.8390661670286645,True,False,False,False,True,False,True,False,False,False,False,False,False,False
715000,3.563834124514915,13,-0.24404172214965525,4.399648641514086,True,False,False,False,True,False,True,False,False,False,False,False,False,True
220000,0.0334267448202893,5,0.4616472351092913,-0.2031731140504873,True,False,False,False,True,False,True,False,False,False,False,False,True,False
110000,0.9554544964015619,12,0.6968768875289402,0.4993733643065706,True,False,False,False,True,False,True,False,True,False,False,False,False,False
150000,0.3561364578737347,5,1.4025658447878866,-0.30353689667292405,False,False,False,True,True,False,True,False,True,False,False,False,True,False
300000,2.3384961237734707,8,0.22641758268964243,2.228718541800867,True,False,False,False,True,False,True,False,False,False,False,False,True,False
220000,-0.6580940688656651,9,-0.9497306794086018,-0.2031731140504873,False,False,False,True,True,False,True,False,False,False,False,False,False,False
75000,0.6327447833481165,7,1.6377954972075355,-0.1873262010048394,False,False,False,True,True,False,True,False,True,False,False,False,False,False
100000,-1.1191079446563015,12,0.9321065399485889,-1.332265668552902,True,False,False,False,True,False,True,False,False,False,False,False,False,False
380000,-1.2343614136039605,3,-0.7145010269889529,-1.2068109402748557,False,False,False,True,True,False,True,False,False,False,False,False,True,False
100000,-0.42758713097034695,5,1.4025658447878866,-0.8722649982000663,False,False,False,True,True,False,True,False,False,False,False,False,True,False
480000,0.26393368271560746,14,0.6968768875289402,-0.10280933142805053,False,False,False,True,True,False,True,False,True,False,False,False,True,False
300000,1.2781642094550072,13,0.22641758268964243,1.1633183878088453,True,False,False,False,True,False,True,False,False,False,False,False,False,True
190000,0.0334267448202893,1,-0.008812069730006403,0.047736342505604754,True,False,False,False,True,False,True,False,False,False,False,False,False,False
190000,1.4164683721921982,3,0.22641758268964243,1.3022836252860654,True,False,False,False,True,False,True,False,True,False,False,False,True,False
650000,-1.1418359287327797,3,-0.9497306794086018,-0.9930109923434097,False,False,False,True,False,False,True,False,False,False,False,False,True,False
300000,-1.0439165815148486,13,0.9321065399485889,-1.2708806700064539,False,False,False,True,False,False,True,False,False,False,False,False,False,True
700000,-0.897821284276796,3,-0.7145010269889529,-0.7183738648456632,True,False,False,False,False,False,True,False,False,False,False,False,True,False
310000,-0.7520256460580073,5,-0.4792713745693041,-0.6269591861737269,False,False,False,True,False,False,True,False,False,False,False,False,True,False
500000,-1.303513494972556,7,-1.1849603318282507,-1.1924732570430792,False,False,False,True,True,False,True,False,False,False,False,False,False,False
415000,-0.6403219839539361,13,-0.008812069730006403,-0.6856469080621969,False,False,False,True,False,False,True,False,False,False,False,False,False,True
395000,-0.8770756598662174,7,-0.4792713745693041,-0.7903012423917429,False,False,False,True,False,False,False,False,True,False,False,False,False,False
430000,-0.6119926812866014,13,-0.24404172214965525,-0.559008343348218,False,False,False,True,False,False,True,False,True,False,False,False,False,True
215000,-0.29389310699106247,13,1.4025658447878866,-0.7752466749983774,False,False,False,True,False,False,True,False,True,False,False,False,False,True
550000,-0.045660185571594354,10,-0.24404172214965525,0.11349286808377787,True,False,False,False,False,False,True,False,False,False,False,False,True,False
415000,0.29523652488179164,14,-0.24404172214965525,0.5182964993210192,True,False,False,False,False,False,True,False,False,False,False,False,True,False
450000,0.3260553024783957,14,-0.4792713745693041,0.7812450478016846,True,False,False,False,False,False,True,False,False,False,False,False,True,False
285000,-0.005920789478441504,3,-0.24404172214965525,0.1606820938767998,True,False,False,False,False,False,True,False,True,False,False,False,True,False
580000,-0.8424996191819196,4,-0.7145010269889529,-0.6380828387477137,False,False,False,True,False,False,False,False,False,False,False,False,True,False
300000,2.813824480407406,7,-0.24404172214965525,3.5090368576870157,True,False,False,False,False,False,True,False,False,False,False,False,False,False
1200000,-0.19708019307502883,5,-1.1849603318282507,0.8721531283327645,True,False,False,False,True,False,True,False,False,False,False,False,True,False
78000,-0.08874193226422931,7,1.6377954972075355,-0.6833345793336194,False,False,False,True,True,False,True,False,False,False,False,False,False,False
400000,0.45917305911294193,12,-0.7145010269889529,1.2510980961486227,True,False,False,False,True,False,True,False,False,False,False,False,False,False
850000,0.14868021376794838,5,-0.7145010269889529,0.8004647121738815,True,False,False,False,True,False,True,False,False,False,False,False,True,False
450000,1.18596143429688,14,-0.008812069730006403,1.3022836252860654,True,False,False,False,True,False,True,False,True,False,False,False,True,False
2500000,-0.7733475378133242,9,0.22641758268964243,-0.8979993014365886,True,False,False,False,True,False,False,False,False,False,False,True,False,False
780000,0.0334267448202893,13,-0.9497306794086018,0.9259194404519273,True,False,False,False,True,False,True,False,False,False,False,False,False,True
2675000,-0.2662322744436243,13,-0.9497306794086018,0.4366460001675477,True,False,False,False,True,False,False,False,False,False,False,False,False,True
350000,-1.5570711266574058,7,-1.6554196366675484,-1.648411583813578,False,False,False,True,True,False,True,False,False,False,False,False,False,False
285000,1.18596143429688,6,-0.008812069730006403,1.3022836252860654,True,False,False,False,True,False,True,False,True,False,False,False,True,False
525000,0.6788461709271801,14,-0.4792713745693041,1.2420653557126033,True,False,False,False,False,False,True,False,False,False,False,False,True,False
550000,0.4944406206109256,7,-0.24404172214965525,0.7548448109818645,True,False,False,False,False,False,True,False,True,False,False,False,False,False
580000,0.0334267448202893,14,-1.1849603318282507,1.3022836252860654,True,False,False,False,True,False,True,False,False,False,False,False,True,False
75000,-1.0038544757086423,12,-0.008812069730006403,-1.0813562119968096,False,False,False,True,True,False,True,False,False,False,True,False,False,False
185000,-0.19708019307502883,12,0.9321065399485889,-0.5795372988846255,True,False,False,False,True,False,True,False,False,False,True,False,False,False
110000,0.4944406206109256,7,1.4025658447878866,-0.2031731140504873,False,False,False,True,True,False,True,True,False,False,False,False,False,False
180000,3.030016937459425,4,2.108254802046833,1.1589067929682983,False,False,False,True,True,False,True,False,True,False,False,False,True,False
350000,0.9554544964015619,14,0.6968768875289402,0.4993733643065706,True,False,False,False,True,False,True,False,True,False,False,False,True,False
60000,1.3242655970340709,1,1.8730251496271844,0.18824563817701645,False,False,False,True,True,False,True,False,True,False,False,False,False,False
695000,0.0334267448202893,6,-1.1849603318282507,1.3022836252860654,True,False,False,False,True,False,True,False,False,False,False,False,True,False
2675000,-1.4648683514992786,6,-1.4201899842478996,-1.457720396830948,True,False,False,False,True,False,False,False,False,False,False,False,True,False
135000,0.12984779694190088,7,1.4025658447878866,-0.4677487723403347,False,False,False,True,True,False,True,False,True,False,False,False,False,False
640000,0.0334267448202893,6,-0.4792713745693041,0.39900958168413386,True,False,False,False,True,False,True,False,True,False,False,False,True,False
160000,0.4944406206109256,7,-0.24404172214965525,0.7548448109818645,False,False,False,True,True,False,True,False,False,False,False,False,False,False
80000,-0.5197899061284742,12,2.108254802046833,-1.0490964247253123,False,False,False,True,True,False,True,False,True,False,False,False,False,False
340000,0.9554544964015619,7,-0.008812069730006403,1.0513741687299731,True,False,False,False,True,False,True,False,True,False,False,False,False,False
110000,0.26393368271560746,7,0.22641758268964243,0.1442399796425635,True,False,False,False,True,False,True,False,True,False,False,False,False,False
250000,0.4944406206109256,12,-0.008812069730006403,0.5495552556177892,True,False,False,False,True,False,True,False,True,False,False,False,False,False
1300000,0.0334267448202893,13,-0.9497306794086018,0.9259194404519273,True,False,False,False,True,False,True,False,False,False,False,False,False,True
250000,-1.5800987697531481,6,-0.24404172214965525,-1.708602481446325,True,False,False,False,True,False,True,False,True,False,False,False,True,False
450000,2.8456113871431707,13,0.9321065399485889,1.9044663210206867,True,False,False,False,True,False,True,False,False,False,False,False,False,True
240000,0.0334267448202893,7,-0.008812069730006403,0.047736342505604754,False,False,False,True,True,False,True,True,False,False,False,False,False,False
225000,1.18596143429688,6,1.4025658447878866,0.2986457990616971,True,False,False,False,True,False,True,False,True,False,False,False,True,False
275000,-0.19708019307502883,7,-0.4792713745693041,0.09791823381682327,False,False,False,True,True,False,True,False,True,False,False,False,False,False
320000,1.18596143429688,12,0.22641758268964243,1.070674896157365,True,False,False,False,True,False,True,False,True,False,False,False,False,False
75000,1.18596143429688,7,1.167336192368238,0.4167208374410345,False,False,False,True,True,False,True,False,False,False,False,False,False,False
85000,-0.42758713097034695,12,1.4025658447878866,-0.8722649982000663,False,False,False,True,True,False,True,False,True,False,False,False,False,False
90000,1.18596143429688,12,0.9321065399485889,0.5495552556177892,True,False,False,False,True,False,True,False,False,False,False,False,False,False
85000,0.26393368271560746,7,1.4025658447878866,-0.37044608508788207,False,False,False,True,True,False,True,False,True,False,False,False,False,False
350000,0.26393368271560746,6,1.167336192368238,-0.2917293928349904,True,False,False,False,True,False,True,False,True,False,False,False,True,False
355000,0.7249475585062437,11,0.9321065399485889,0.17319107078365092,True,False,False,False,True,False,False,False,True,False,False,False,True,False
619000,-1.54554577976264,7,-1.6554196366675484,-1.618302449026847,False,False,False,True,True,False,True,False,False,False,False,False,False,False
1700000,-0.42758713097034695,9,-1.1849603318282507,0.442022631379464,True,False,False,False,True,False,True,False,False,False,False,True,False,False
55000,0.7249475585062437,12,1.6377954972075355,-0.12393854882224754,True,False,False,False,True,False,True,False,True,False,False,False,False,False
95000,0.3425595992317005,3,1.6377954972075355,-0.38682298933650106,False,False,False,True,True,False,True,False,False,False,False,False,True,False
300000,1.18596143429688,14,0.4616472351092913,0.8721531283327645,True,False,False,False,True,False,True,False,True,False,False,False,True,False
81000,0.3425595992317005,3,1.6377954972075355,-0.38682298933650106,False,False,False,True,True,False,True,False,False,False,False,False,True,False
1000000,0.26393368271560746,11,-0.4792713745693041,0.7001009295514444,True,False,False,False,True,False,False,False,True,False,False,False,True,False
925000,-0.42758713097034695,7,-1.4201899842478996,0.8004647121738815,True,False,False,False,True,False,True,False,False,False,False,False,False,False
450000,-0.6580940688656651,6,-0.4792713745693041,-0.5042644619177978,True,False,False,False,True,False,True,False,False,False,False,False,True,False
600000,-1.2742391138598506,6,-0.24404172214965525,-1.3454042000962028,True,False,False,False,True,False,True,False,False,False,False,False,True,False
85000,0.7249475585062437,5,1.6377954972075355,-0.12393854882224754,False,False,False,True,True,False,False,False,False,False,True,False,True,False
700000,-0.42758713097034695,6,-0.7145010269889529,-0.0359001430130925,True,False,False,False,True,False,True,False,False,False,False,False,True,False
486000,-0.9692784350243446,5,-0.9497306794086018,-0.7112647635765739,False,False,False,True,True,False,True,False,False,False,False,False,True,False
400000,0.4944406206109256,7,-0.008812069730006403,0.5495552556177892,True,False,False,False,True,False,True,False,False,False,False,False,False,False
120000,0.7249475585062437,3,1.167336192368238,0.06249572230302194,False,False,False,True,True,False,True,False,False,False,True,False,True,False
275000,-0.7733475378133242,7,-1.1849603318282507,-0.2031731140504873,False,False,False,True,True,False,True,False,False,False,False,False,False,False
580000,-0.2662322744436243,5,-0.7145010269889529,0.19828201643926005,True,False,False,False,True,False,True,False,False,False,False,False,True,False
375000,0.0334267448202893,7,-0.4792713745693041,0.39900958168413386,False,False,False,True,True,False,True,False,False,False,False,False,False,False
229999,0.7249475585062437,7,-0.4792713745693041,1.3022836252860654,False,False,False,True,True,False,True,False,False,False,True,False,False,False
110000,0.44833923303186196,7,0.6968768875289402,0.057772720767848625,False,False,False,True,True,False,True,False,True,False,False,False,False,False
600000,-0.19708019307502883,7,-0.9497306794086018,0.5495552556177892,True,False,False,False,True,False,True,False,False,False,False,False,False,False
120000,0.1717309075574802,7,0.9321065399485889,-0.27844595101731495,False,False,False,True,True,False,True,False,True,False,False,False,False,False
200000,0.7249475585062437,3,0.6968768875289402,0.2986457990616971,True,False,False,False,True,False,True,False,True,False,False,False,True,False
450000,0.9554544964015619,5,0.22641758268964243,0.8390661670286645,True,False,False,False,True,False,True,False,True,False,False,False,True,False
550000,0.26393368271560746,5,0.22641758268964243,0.1442399796425635,True,False,False,False,True,False,True,False,True,False,False,False,True,False
220000,0.26393368271560746,7,0.22641758268964243,0.1442399796425635,False,False,False,True,True,False,True,False,True,False,False,False,False,False
40000,-0.8886010067609833,7,2.8139437593057797,-1.332265668552902,False,False,False,True,True,False,True,False,False,False,False,False,False,False
300000,-1.1191079446563015,10,-0.9497306794086018,-0.9559014837187637,False,False,False,True,True,False,False,False,False,False,False,False,True,False
630000,-0.6580940688656651,6,-1.1849603318282507,0.011892134426163232,True,False,False,False,True,False,True,False,False,False,False,False,True,False
610000,-0.6580940688656651,7,-0.9497306794086018,-0.2031731140504873,True,False,False,False,True,False,True,False,True,False,False,False,False,False
660000,-1.418766963920215,5,-1.4201899842478996,-1.357356614208511,False,False,False,True,True,False,True,False,True,False,False,False,True,False
220000,0.26393368271560746,7,0.22641758268964243,0.1442399796425635,False,False,True,False,True,False,True,False,True,False,False,False,False,False
138000,0.4944406206109256,8,0.4616472351092913,0.22695738290281348,True,False,False,False,True,False,True,False,True,False,False,False,True,False
210000,-1.2627137669650845,8,-0.008812069730006403,-1.3631275317093012,True,False,False,False,True,False,True,False,False,False,False,False,True,False
125000,-0.7963982316028559,7,1.8730251496271844,-1.1967745620126122,False,False,False,True,False,False,True,False,False,False,False,False,False,False
125000,0.7710489460853074,7,1.167336192368238,0.09791823381682327,False,False,False,True,False,False,True,False,False,False,False,False,False,False
725000,0.9554544964015619,4,-0.24404172214965525,1.3022836252860654,True,False,False,False,True,False,True,False,False,False,False,False,True,False
170000,0.4944406206109256,7,0.4616472351092913,0.22695738290281348,False,False,False,True,True,False,True,False,True,False,False,False,False,False
1200000,0.0334267448202893,13,-0.4792713745693041,0.39900958168413386,True,False,False,False,True,False,True,False,False,False,True,False,False,True
70000,0.4944406206109256,7,2.343484454466482,-0.4768925212025878,False,False,False,True,True,False,True,False,True,False,False,False,False,False
100000,0.0334267448202893,7,1.4025658447878866,-0.5377190561252768,False,False,False,True,True,False,True,False,True,False,False,False,False,False
300000,0.26393368271560746,4,1.6377954972075355,-0.44087680973520627,False,False,False,True,True,False,True,False,True,False,False,False,True,False
450000,0.7249475585062437,7,-0.008812069730006403,0.8004647121738815,True,False,False,False,True,False,True,False,True,False,False,False,False,False
530000,0.7249475585062437,7,-0.4792713745693041,1.3022836252860654,True,False,False,False,True,False,True,False,False,False,False,False,False,False
100000,1.7161273914561117,7,1.4025658447878866,0.6833736324477049,False,False,False,True,True,False,True,False,False,False,True,False,False,False
350000,1.0707079653492209,4,0.6968768875289402,0.5997371469290076,False,False,False,True,True,False,True,False,True,False,False,False,True,False
165000,0.7249475585062437,12,0.4616472351092913,0.442022631379464,True,False,False,False,True,False,True,False,True,False,False,False,False,False
475000,1.18596143429688,7,-1.4201899842478996,4.313197103959172,True,False,False,False,True,False,True,False,True,False,False,False,False,False
350000,-0.6119926812866014,6,-0.008812069730006403,-0.6548101358514531,True,False,False,False,True,False,True,False,False,False,False,False,True,False
229999,-0.7041954564447287,10,-0.7145010269889529,-0.4373552735028398,False,False,False,True,True,False,True,False,False,False,False,False,True,False
800000,-0.7733475378133242,4,-1.1849603318282507,-0.2031731140504873,True,False,False,False,True,False,True,False,False,False,False,False,True,False
475000,1.18596143429688,7,-0.24404172214965525,1.5760030324381662,True,False,False,False,True,False,True,False,True,False,False,False,False,False
425000,1.5756564635027048,8,-0.24404172214965525,2.038753062169507,True,False,False,False,True,False,True,False,False,False,False,False,True,False
660000,0.6557954771376483,7,-0.4792713745693041,1.2119562209258723,True,False,False,False,True,False,True,False,True,False,False,False,False,False
610000,-1.3496148825516194,4,-1.4201899842478996,-1.2068109402748557,False,False,False,True,True,False,False,False,False,False,False,False,True,False
240000,-0.42758713097034695,4,-0.008812069730006403,-0.45408257060657936,False,False,False,True,True,False,True,False,False,False,True,False,True,False
70000,-0.19708019307502883,7,1.8730251496271844,-0.8053558097851085,False,False,False,True,True,False,True,False,True,False,False,False,False,False
550000,1.18596143429688,13,0.4616472351092913,0.8721531283327645,True,False,False,False,True,False,True,False,False,False,False,False,False,True
100000,1.18596143429688,12,0.6968768875289402,0.7001009295514444,False,False,False,True,True,False,True,False,True,False,False,False,False,False
350000,0.4944406206109256,6,0.6968768875289402,0.09791823381682327,True,False,False,False,True,False,True,False,True,False,False,False,True,False
200000,1.18596143429688,5,-0.008812069730006403,1.3022836252860654,False,False,False,True,True,False,True,False,False,False,False,False,True,False
720000,-1.5109697390783423,5,-1.4201899842478996,-1.5580841794533848,False,False,False,True,True,False,False,False,False,False,False,False,True,False
350000,1.4856204535607935,7,-0.24404172214965525,1.9318382617358965,True,False,False,False,True,False,True,False,False,False,False,False,False,False
400000,-1.0038544757086423,7,-0.7145010269889529,-0.8722649982000663,False,False,False,True,True,False,True,False,False,False,False,False,False,False
570000,-0.7733475378133242,5,-0.9497306794086018,-0.3913552064675564,False,False,False,True,True,False,True,False,False,False,False,False,True,False
130000,0.0334267448202893,7,-0.4792713745693041,0.39900958168413386,False,False,False,True,True,False,True,False,False,False,False,False,False,False
210000,-0.3814857433912833,7,-0.7145010269889529,0.031009045401865252,False,False,False,True,True,False,True,False,False,False,False,False,False,False
800000,-0.3814857433912833,5,-1.1849603318282507,0.528048730770124,True,False,False,False,True,False,True,False,False,False,False,False,True,False
700000,-0.681144762655197,4,-0.9497306794086018,-0.2408095325339011,True,False,False,False,True,False,True,False,False,False,False,False,True,False
200000,-0.9188204663190594,12,0.4616472351092913,-1.0916291620323777,True,False,False,False,True,False,True,False,False,False,False,False,False,False
495000,0.4944406206109256,12,-0.24404172214965525,0.7548448109818645,True,False,False,False,True,False,True,False,True,False,False,False,False,False
325000,0.2713560061158367,3,-0.24404172214965525,0.4899391687400616,True,False,False,False,False,False,True,False,False,False,False,False,True,False
650000,-1.3957162701306831,3,-1.4201899842478996,-1.3071747228972928,False,False,False,True,True,False,True,False,False,False,False,False,True,False
155000,-0.42758713097034695,6,3.0491734117254286,-1.106447157652419,True,False,False,False,True,False,True,False,True,False,False,False,True,False
75000,0.4944406206109256,7,1.4025658447878866,-0.2031731140504873,False,False,False,True,True,False,True,False,True,False,False,False,False,False
350000,-0.1588621427719851,5,-0.4792713745693041,0.14783917929322343,True,False,False,False,False,False,True,False,False,False,False,False,True,False
90000,-0.42758713097034695,7,0.6968768875289402,-0.7049920271626715,False,False,False,True,True,False,True,False,False,False,True,False,False,False
600000,0.26393368271560746,7,-0.7145010269889529,0.967737683211276,True,False,False,False,True,False,True,False,False,False,False,False,False,False
400000,2.684256530616448,6,0.6968768875289402,2.0048301036431235,True,False,False,False,True,False,True,False,False,False,False,False,True,False
370000,-0.2662322744436243,7,-0.24404172214965525,-0.14842923262006713,True,False,False,False,True,False,True,False,True,False,False,False,False,False
50000,-0.19708019307502883,7,3.0491734117254286,-0.9860106185054948,False,False,False,True,True,False,True,False,False,False,False,False,False,False
125000,1.18596143429688,4,2.108254802046833,0.011892134426163232,False,False,False,True,True,False,True,False,True,False,False,False,True,False
1800000,-0.9808037819191106,4,-1.1849603318282507,-0.590290561308458,True,False,False,False,True,False,False,False,False,False,False,False,True,False
650000,-1.1191079446563015,5,-1.4201899842478996,-0.7049920271626715,False,False,False,True,True,False,False,False,False,False,False,False,True,False
800000,-0.8747705904872641,7,-0.9497306794086018,-0.5569554477945772,False,False,False,True,True,False,False,False,False,False,False,False,False,False
802000,-1.4648683514992786,14,-1.6554196366675484,-1.4075385055197296,False,False,False,True,True,False,True,False,False,False,False,False,True,False
2300000,-0.7733475378133242,0,-0.4792713745693041,-0.6548101358514531,True,False,False,False,True,False,False,False,False,False,True,True,False,False
430000,-0.7733475378133242,5,-0.7145010269889529,-0.5377190561252768,True,False,False,False,True,False,True,False,False,False,False,False,True,False
650000,-1.049955863287706,5,-0.9497306794086018,-0.8429922282685223,False,False,False,True,True,False,True,False,False,False,False,False,True,False
170000,1.18596143429688,6,2.108254802046833,0.011892134426163232,True,False,False,False,True,False,True,False,False,False,False,False,True,False
450000,3.563834124514915,11,0.4616472351092913,3.0907318211781303,True,False,False,False,True,False,False,False,False,False,False,False,True,False
250000,0.4252885392423301,7,-0.008812069730006403,0.4742824186509615,False,False,False,True,True,False,True,False,False,False,False,False,False,False
550000,0.07952813239935293,3,-0.24404172214965525,0.26214987810808343,False,False,False,True,True,False,True,False,True,False,False,False,True,False
2000000,-0.10487741791690158,9,-0.008812069730006403,-0.10280933142805053,True,False,False,False,True,False,False,False,True,False,False,True,False,False
140000,0.7249475585062437,7,1.4025658447878866,-0.0359001430130925,False,False,False,True,True,False,True,False,True,False,False,False,False,False
155000,-1.303513494972556,1,0.22641758268964243,-1.4306993784325996,False,False,False,True,True,False,True,False,False,False,False,False,False,False
120000,-0.03572533654830614,5,0.6968768875289402,-0.36375516624638615,False,False,False,True,True,False,True,False,False,False,True,False,True,False
287000,0.0334267448202893,13,0.22641758268964243,-0.08736874948613703,True,False,False,False,True,False,True,False,False,False,False,False,False,True
675000,-0.19708019307502883,7,-0.7145010269889529,0.2986457990616971,True,False,False,False,True,False,True,False,False,False,False,False,False,False
235000,0.13715486687318246,5,0.4616472351092913,-0.10639375223599457,False,False,False,True,True,False,True,False,True,False,False,False,True,False
300000,1.1559955323704887,5,0.4616472351092913,0.8441946460308004,True,False,False,False,True,False,True,False,True,False,False,False,True,False
434999,-0.6580940688656651,8,-0.4792713745693041,-0.5042644619177978,False,False,False,True,True,False,False,False,True,False,False,False,True,False
225000,3.563834124514915,6,2.108254802046833,1.4909445963230739,True,False,False,False,True,False,False,False,False,False,True,False,True,False
160000,1.6469753100875162,13,1.6377954972075355,0.5099379730036694,False,False,False,True,True,False,True,False,True,False,False,False,False,True
600000,-1.4648683514992786,5,-1.6554196366675484,-1.4075385055197296,False,False,False,True,True,False,True,False,False,False,False,False,True,False
470000,0.7249475585062437,1,-0.7145010269889529,1.636829567360855,True,False,False,False,True,False,True,False,True,False,False,False,False,False
300000,0.7249475585062437,7,0.4616472351092913,0.442022631379464,False,False,False,True,True,False,True,False,True,False,False,False,False,False
600000,-1.5340204328678742,7,-1.1849603318282507,-1.62260375399638,False,False,False,True,True,False,True,False,False,False,False,False,False,False
640000,-1.4879190452888105,5,-1.6554196366675484,-1.4677567750931917,False,False,False,True,True,False,False,False,False,False,False,False,True,False
50000,1.18596143429688,12,1.6377954972075355,0.19299971209071093,True,False,False,False,True,False,True,True,False,False,False,False,False,False
600000,-0.7733475378133242,5,-0.4792713745693041,-0.6548101358514531,False,False,False,True,True,False,True,False,False,False,False,False,True,False
290000,-0.911651700550515,5,-0.24404172214965525,-0.9148435726459486,False,False,True,False,True,False,True,False,False,False,False,False,True,False
600000,-0.8886010067609833,5,-0.4792713745693041,-0.8053558097851085,False,False,False,True,True,False,True,False,False,False,False,False,True,False
190000,1.18596143429688,12,0.22641758268964243,1.070674896157365,True,False,False,False,True,False,True,False,False,False,False,False,False,False
160000,0.9554544964015619,5,1.167336192368238,0.23960827987202835,False,False,False,True,True,False,True,False,False,False,True,False,True,False
325000,-1.2343614136039605,7,-0.9497306794086018,-1.1440835761358328,False,False,False,True,True,False,True,False,False,False,False,False,False,False
200000,0.1200051506937708,6,1.6377954972075355,-0.5398249347922317,True,False,False,False,True,False,True,False,False,False,False,False,True,False
2675000,-0.6580940688656651,13,-1.1849603318282507,0.011892134426163232,True,False,False,False,True,False,False,False,False,False,False,False,False,True
125000,-0.19708019307502883,1,0.4616472351092913,-0.4182383625271378,False,False,False,True,True,False,True,False,False,False,True,False,False,False
155000,-0.19708019307502883,5,1.167336192368238,-0.6459545079730028,False,False,False,True,True,False,True,True,False,False,False,False,True,False
550000,0.4944406206109256,5,-0.4792713745693041,1.001192277418755,True,False,False,False,True,False,True,False,False,False,False,False,True,False
130000,0.0334267448202893,7,0.9321065399485889,-0.3913552064675564,False,False,False,True,True,False,True,True,False,False,False,False,False,False
80000,0.0334267448202893,7,2.578714106886131,-0.7922648816169645,False,False,False,True,True,False,True,False,True,False,False,False,False,False
500000,0.26393368271560746,13,-0.4792713745693041,0.7001009295514444,True,False,False,False,True,False,True,False,True,False,False,False,False,True
250000,-0.9577530881295787,10,-1.4201899842478996,-0.3537187879841426,False,False,False,True,True,False,True,False,False,False,False,False,True,False
580000,0.0334267448202893,6,0.22641758268964243,-0.08736874948613703,True,False,False,False,True,False,True,False,False,False,False,False,True,False
60000,-0.42758713097034695,9,2.578714106886131,-1.0540834449798433,False,False,False,True,True,False,True,False,False,False,False,False,False,False
300000,2.684256530616448,13,0.22641758268964243,2.576131635493918,True,False,False,False,True,False,True,False,False,False,False,False,False,True
200000,0.4944406206109256,3,-0.24404172214965525,0.7548448109818645,True,False,False,False,True,False,True,False,True,False,False,False,True,False
1200000,-1.2020904422986158,12,-0.9497306794086018,-1.0913925902590536,True,False,False,False,True,False,True,False,False,False,False,False,False,False
350000,0.26393368271560746,13,-0.4792713745693041,0.7001009295514444,True,False,False,False,True,False,True,False,True,False,False,False,False,True
600000,0.26393368271560746,6,0.22641758268964243,0.1442399796425635,True,False,False,False,True,False,True,False,True,False,False,False,True,False
650000,-1.4879190452888105,4,-1.4201899842478996,-1.5079022881421662,False,False,False,True,True,False,True,False,False,False,False,False,True,False
120000,-0.6580940688656651,7,1.167336192368238,-1.0001796231110152,False,False,False,True,True,False,True,False,False,False,False,False,False,False
180000,1.18596143429688,12,0.6968768875289402,0.7001009295514444,True,False,False,False,True,False,True,False,True,False,False,False,False,False
950000,-0.6259383510292682,5,-1.1849603318282507,0.07189533875114854,False,False,False,True,True,False,False,False,False,False,False,False,True,False
250999,-0.7733475378133242,12,0.22641758268964243,-0.8979993014365886,True,False,False,False,True,False,True,False,True,False,False,False,False,False
1250000,-0.4967392123389424,0,0.9321065399485889,-0.8241740190268153,True,False,False,False,False,False,False,False,True,False,False,True,False,False
165000,-0.42758713097034695,1,-0.008812069730006403,-0.45408257060657936,False,False,False,True,True,False,True,False,False,False,False,False,False,False
700000,-0.47368851854941063,5,-0.4792713745693041,-0.2633913836239494,False,False,False,True,False,False,True,False,False,False,False,False,True,False
750000,-0.35843504960175154,6,-0.4792713745693041,-0.11284570969029412,True,False,False,False,False,False,True,False,False,False,False,False,True,False
290000,-1.2343614136039605,9,-1.1849603318282507,-1.063434107957089,False,False,False,True,False,False,False,False,False,False,False,False,False,False
45000,-1.418766963920215,12,-0.24404172214965525,-1.5170262683805698,False,False,False,True,True,False,True,False,True,False,False,False,False,False
675000,0.44833923303186196,11,-0.008812069730006403,0.4993733643065706,True,False,False,False,False,False,False,False,False,False,False,False,True,False
530000,-0.3123336620226879,8,-0.4792713745693041,-0.05262744011683201,True,False,False,False,False,False,True,False,False,False,False,False,True,False
1485000,-0.47368851854941063,9,-0.24404172214965525,-0.39477669905695756,True,False,False,False,False,False,False,False,False,False,False,True,False,False
325000,0.05680014832287456,1,-0.24404172214965525,0.23516114456288653,True,False,False,False,False,False,True,False,False,False,False,False,False,False
400000,-0.19708019307502883,4,-0.4792713745693041,0.09791823381682327,True,False,False,False,False,False,True,False,False,False,False,False,True,False
380000,0.056477438609821115,6,-0.9497306794086018,0.9635558589353411,True,False,False,False,False,False,True,False,False,False,False,False,True,False
750000,-0.542840599918006,4,-0.7145010269889529,-0.2031731140504873,False,False,False,True,False,False,False,False,False,False,False,False,True,False
390000,-0.542840599918006,4,-0.9497306794086018,-0.014991021633418186,False,False,False,True,False,False,True,False,False,False,False,False,True,False
1825000,-1.2574121073934923,9,-1.4201899842478996,-1.006083375029982,True,False,False,False,False,False,True,False,False,False,False,True,False,False
2675000,-1.1882600260248968,0,-1.4201899842478996,-0.8555377010963268,True,False,False,False,False,False,False,False,False,False,False,True,False,False
370000,-0.19708019307502883,10,-0.4792713745693041,0.09791823381682327,True,False,False,False,False,False,True,False,False,False,False,False,True,False
210000,0.26393368271560746,1,-0.008812069730006403,0.2986457990616971,True,False,False,False,True,False,True,False,True,False,False,False,False,False
175000,2.5920537554583207,11,1.4025658447878866,1.3190109223898048,True,False,False,False,True,False,True,True,False,False,False,False,True,False
575000,0.4840678084056363,5,0.22641758268964243,0.36542631596047215,True,False,False,False,True,False,True,False,True,False,False,False,True,False
320000,0.4944406206109256,6,0.6968768875289402,0.09791823381682327,True,False,False,False,True,False,True,False,False,False,True,False,True,False
280000,1.8659569010880686,7,0.6968768875289402,1.2922472470238218,True,False,False,False,True,False,True,False,False,False,True,False,False,False
500000,2.799509999564107,10,-0.008812069730006403,3.0586498211787103,True,False,False,False,True,False,True,False,True,False,False,False,True,False
380000,0.3330857640842029,3,-0.008812069730006403,0.3739186360285247,True,False,False,False,False,False,True,False,False,False,False,False,True,False
120000,-1.1191079446563015,7,1.8730251496271844,-1.4075385055197296,False,False,False,True,True,False,True,False,True,False,False,False,False,False
395000,-1.1191079446563015,7,-1.1849603318282507,-0.8483688594804384,False,False,False,True,True,False,True,False,False,False,False,False,False,False
360000,2.1079891858781528,11,0.6968768875289402,1.5030111905309391,True,False,False,False,True,False,True,False,False,False,False,False,True,False
451000,0.7249475585062437,8,-0.4792713745693041,1.3022836252860654,True,False,False,False,True,False,True,False,False,False,False,False,True,False
175000,-0.542840599918006,1,0.6968768875289402,-0.8053558097851085,False,False,False,True,True,False,True,False,True,False,False,False,False,False
170000,-0.5474507386759124,1,0.9321065399485889,-0.8655740793585706,False,False,False,True,True,False,True,False,True,False,False,False,False,False
100000,-0.6580940688656651,5,1.6377954972075355,-1.0747533315611233,False,False,False,True,True,False,True,False,True,False,False,False,True,False
150000,1.18596143429688,7,-0.24404172214965525,1.5760030324381662,False,False,False,True,True,False,True,False,False,False,True,False,False,False
149000,-1.3496148825516194,12,0.4616472351092913,-1.4935646049103897,True,False,False,False,True,False,True,False,True,False,False,False,False,False
160000,0.26393368271560746,12,0.4616472351092913,0.011892134426163232,True,False,False,False,True,False,True,False,True,False,False,False,False,False
800000,2.0157864107200254,6,-0.24404172214965525,2.5613928981857277,True,False,False,False,True,False,True,False,False,False,False,False,True,False
819999,1.18596143429688,13,0.6968768875289402,0.7001009295514444,True,False,False,False,True,False,True,False,True,False,False,False,False,True
163000,0.7249475585062437,7,1.4025658447878866,-0.0359001430130925,False,False,False,True,True,False,True,False,True,False,False,False,False,False
350000,0.7249475585062437,9,2.8139437593057797,-0.45408257060657936,True,False,False,False,True,False,True,False,True,False,False,True,False,False
75000,0.7249475585062437,12,1.6377954972075355,-0.12393854882224754,False,False,False,True,True,False,True,False,True,False,False,False,False,False
180000,-0.19708019307502883,7,0.22641758268964243,-0.31897747861483755,False,False,False,True,True,False,True,False,True,False,False,False,False,False
675000,-0.8886010067609833,3,-0.9497306794086018,-0.5795372988846255,True,False,False,False,True,False,True,False,False,False,False,False,True,False
400000,2.3384961237734707,7,-0.008812069730006403,2.5568309080665257,True,False,False,False,True,False,True,False,False,False,False,False,False,False
434999,0.7249475585062437,14,-0.008812069730006403,0.8004647121738815,True,False,False,False,True,False,True,False,True,False,False,False,True,False
100000,0.9554544964015619,12,1.6377954972075355,0.03453058163423169,False,False,False,True,True,False,True,False,True,False,False,False,False,False
419000,2.3384961237734707,7,-0.4792713745693041,3.4099230603572397,True,False,False,False,True,False,True,False,True,False,False,False,False,False
200000,0.7249475585062437,12,0.9321065399485889,0.17319107078365092,False,False,False,True,True,False,True,False,False,False,False,False,False,False
400000,-0.7733475378133242,10,-0.24404172214965525,-0.7506119283546883,True,False,False,False,True,False,True,False,False,False,False,False,True,False
790000,-0.6580940688656651,3,-1.1849603318282507,0.011892134426163232,True,False,False,False,True,False,True,False,True,False,False,False,True,False
500000,0.4944406206109256,10,-0.4792713745693041,1.001192277418755,True,False,False,False,True,False,True,False,True,False,False,False,True,False
275000,1.18596143429688,11,0.22641758268964243,1.070674896157365,True,False,False,False,True,False,True,False,True,False,False,False,True,False
450000,1.18596143429688,5,0.22641758268964243,1.070674896157365,True,False,False,False,True,False,True,False,True,False,False,False,True,False
360000,-0.8194489253923878,7,-0.7145010269889529,-0.6046282445402348,False,False,False,True,False,False,True,False,False,False,False,False,False,False
210000,-1.0038544757086423,7,0.6968768875289402,-1.2068109402748557,False,False,False,True,True,False,True,False,False,False,False,False,False,False
220000,-0.05877603033783795,7,-0.24404172214965525,0.09791823381682327,False,False,False,True,False,False,True,False,False,False,False,False,False,False
250000,-0.47368851854941063,1,0.9321065399485889,-0.8053558097851085,False,False,False,True,True,False,True,False,False,False,False,False,False,False
990000,1.7852794728247072,13,-0.7145010269889529,3.1757409009048874,True,False,False,False,False,False,True,False,False,False,False,False,False,True
220000,0.7249475585062437,6,-0.008812069730006403,0.8004647121738815,True,False,False,False,True,False,True,True,False,False,False,False,True,False
1800000,-0.42758713097034695,9,0.22641758268964243,-0.550586207743538,True,False,False,False,True,False,False,False,True,False,False,True,False,False
530000,-0.42758713097034695,4,-0.24404172214965525,-0.3400328176265377,False,False,False,True,True,False,True,False,False,False,False,False,True,False
575000,-0.42758713097034695,7,-0.7145010269889529,-0.0359001430130925,True,False,False,False,True,False,True,False,False,False,False,False,False,False
400000,0.7018968647167119,6,0.22641758268964243,0.5842965649870941,True,False,False,False,False,False,True,False,False,False,False,False,True,False
680000,-0.42758713097034695,4,-0.7145010269889529,-0.0359001430130925,True,False,False,False,True,False,True,False,False,False,False,False,True,False
1000000,0.26393368271560746,5,-0.24404172214965525,0.48112540382976404,True,False,False,False,True,False,False,False,False,False,False,False,True,False
260000,-0.542840599918006,7,-0.7145010269889529,-0.2031731140504873,False,False,False,True,True,False,True,False,True,False,False,False,False,False
150000,-0.42758713097034695,12,0.6968768875289402,-0.7049920271626715,False,False,False,True,True,False,True,False,True,False,False,False,False,False
180000,0.0334267448202893,7,1.167336192368238,-0.4688419504039965,False,False,False,True,True,False,True,False,False,False,True,False,False,False
346000,-0.7153519922388621,9,-0.24404172214965525,-0.6817441255152198,True,False,False,False,True,False,True,False,False,False,False,False,False,False
450000,-1.1191079446563015,6,-0.4792713745693041,-1.106447157652419,True,False,False,False,True,False,True,False,False,False,False,False,True,False
500000,-1.4648683514992786,5,-1.4201899842478996,-1.457720396830948,False,False,False,True,True,False,True,False,False,False,False,False,True,False
700000,-1.3957162701306831,5,-1.4201899842478996,-1.3071747228972928,True,False,False,False,True,False,True,False,False,False,False,False,True,False
280000,-0.9835698651738544,7,-1.4201899842478996,-0.4099225062527073,False,False,False,True,True,False,True,False,False,False,False,False,False,False
475000,-1.3496148825516194,5,-1.4201899842478996,-1.2068109402748557,False,False,False,True,True,False,False,False,False,False,False,False,True,False
300000,-0.42758713097034695,7,0.9321065399485889,-0.7677193913016946,True,False,False,False,True,False,True,False,False,False,False,False,False,False
200999,-0.6580940688656651,7,-0.24404172214965525,-0.613752224778638,False,False,False,True,True,False,True,False,False,False,False,False,False,False
200000,0.7249475585062437,11,0.9321065399485889,0.17319107078365092,True,False,False,False,True,False,True,False,False,False,True,False,True,False
210000,0.26393368271560746,1,0.9321065399485889,-0.2031731140504873,False,False,False,True,True,False,True,False,True,False,False,False,False,False
160000,0.9554544964015619,12,0.22641758268964243,0.8390661670286645,True,False,False,False,True,False,True,False,False,False,False,False,False,False
175000,1.554772534929389,5,0.9321065399485889,0.8506466034850997,True,False,False,False,True,False,True,False,True,False,False,False,True,False
320000,0.26393368271560746,12,0.22641758268964243,0.1442399796425635,True,False,False,False,True,False,True,False,False,False,False,False,False,False
110000,-0.42758713097034695,7,0.9321065399485889,-0.7677193913016946,False,False,False,True,True,False,True,False,True,False,False,False,False,False
300000,-0.8886010067609833,7,1.167336192368238,-1.1772921806800214,False,False,False,True,True,False,True,False,False,False,False,False,False,False
700000,-1.3496148825516194,4,0.22641758268964243,-1.4770211242583395,False,False,False,True,True,False,True,False,False,False,False,False,True,False
135000,0.4944406206109256,12,0.9321065399485889,-0.014991021633418186,True,False,False,False,True,False,True,True,False,False,False,False,False,False
500000,0.9554544964015619,6,-0.4792713745693041,1.6033749731533762,True,False,False,False,True,False,True,False,False,False,False,False,True,False
550000,1.18596143429688,6,0.22641758268964243,1.070674896157365,True,False,False,False,True,False,True,False,True,False,False,False,True,False
1050000,0.4944406206109256,13,-0.24404172214965525,0.7548448109818645,True,False,False,False,True,False,True,False,False,False,True,False,False,True
500000,-1.1191079446563015,4,-0.7145010269889529,-1.0395379692374611,False,False,False,True,True,False,True,False,False,False,False,False,True,False
180000,0.4944406206109256,7,0.4616472351092913,0.22695738290281348,True,False,False,False,True,False,True,False,True,False,False,False,False,False
170000,-0.42758713097034695,5,0.6968768875289402,-0.7049920271626715,False,False,False,True,True,False,True,False,True,False,False,False,True,False
484999,-1.3726655763411513,4,-1.4201899842478996,-1.2569928315860743,False,False,False,True,True,False,True,False,False,False,False,False,True,False
150000,0.0334267448202893,7,0.4616472351092913,-0.2031731140504873,False,False,False,True,True,False,True,False,True,False,False,False,False,False
380000,-1.0038544757086423,7,-1.1849603318282507,-0.6333036110037881,False,False,False,True,True,False,True,False,False,False,False,False,False,False
480000,-1.3496148825516194,5,-1.4201899842478996,-1.2068109402748557,False,False,False,True,True,False,True,False,False,False,False,False,True,False
290000,-0.19708019307502883,14,0.4616472351092913,-0.4182383625271378,True,False,False,False,True,False,True,False,True,False,False,False,True,False
350000,0.0334267448202893,2,-0.008812069730006403,0.047736342505604754,False,False,False,True,True,False,True,False,False,False,False,False,False,False
110000,-1.0038544757086423,7,-0.24404172214965525,-1.024331335506789,False,False,False,True,True,False,True,False,False,False,False,False,False,False
70000,0.26393368271560746,5,2.343484454466482,-0.613752224778638,False,False,False,True,True,False,True,False,False,False,True,False,True,False
300000,0.0334267448202893,14,0.4616472351092913,-0.2031731140504873,False,False,False,True,True,False,False,False,False,False,True,False,True,False
180000,-0.19708019307502883,7,-0.9497306794086018,0.5495552556177892,False,False,False,True,True,False,True,False,False,False,False,False,False,False
300000,-1.1191079446563015,10,-1.6554196366675484,-0.5042644619177978,False,False,False,True,True,False,True,False,False,False,False,False,True,False
509000,-0.19708019307502883,7,-0.9497306794086018,0.5495552556177892,False,False,False,True,True,False,True,False,False,False,False,False,False,False
650000,0.26393368271560746,7,-0.7145010269889529,0.967737683211276,True,False,False,False,True,False,True,False,False,False,False,False,False,False
450000,0.0334267448202893,7,-0.4792713745693041,0.39900958168413386,True,False,False,False,True,False,True,False,False,False,True,False,False,False
170000,-1.5335594189920834,6,3.2844030641450774,-1.6852373717450413,True,False,False,False,True,False,True,False,True,False,False,False,True,False
210000,0.7249475585062437,6,1.4025658447878866,-0.0359001430130925,True,False,False,False,True,False,True,False,True,False,False,False,True,False
360000,0.26393368271560746,5,-0.008812069730006403,0.2986457990616971,True,False,False,False,True,False,True,False,True,False,False,False,True,False
495000,1.18596143429688,13,0.4616472351092913,0.8721531283327645,True,False,False,False,True,False,True,False,True,False,False,False,False,True
105000,0.7249475585062437,7,1.6377954972075355,-0.12393854882224754,False,False,False,True,True,False,True,False,False,False,True,False,False,False
270000,-0.19708019307502883,5,0.6968768875289402,-0.5042644619177978,False,False,False,True,True,False,True,False,False,False,True,False,True,False
130000,0.9554544964015619,3,0.6968768875289402,0.4993733643065706,False,False,False,True,True,False,True,False,False,False,False,False,True,False
700000,0.4944406206109256,4,-0.24404172214965525,0.7548448109818645,True,False,False,False,True,False,True,False,True,False,False,False,True,False
400000,-0.6580940688656651,1,0.22641758268964243,-0.7821949368722383,True,False,False,False,True,False,True,False,False,False,False,False,False,False
250000,-0.19708019307502883,7,0.9321065399485889,-0.5795372988846255,False,False,False,True,True,False,True,False,True,False,False,False,False,False
325000,0.5866433957690529,4,-0.008812069730006403,0.6499190382402259,True,False,False,False,True,False,True,False,True,False,False,False,True,False
69000,0.7249475585062437,7,1.167336192368238,0.06249572230302194,False,False,False,True,True,False,True,False,False,False,False,False,False,False
1380000,-1.0038544757086423,6,-1.1849603318282507,-0.6333036110037881,True,False,False,False,True,False,True,False,False,False,False,False,True,False
90000,0.4944406206109256,7,1.4025658447878866,-0.2031731140504873,False,False,False,True,True,False,True,False,False,False,False,False,False,False
1000000,-0.6580940688656651,6,-0.7145010269889529,-0.37044608508788207,True,False,False,False,True,False,True,False,False,False,False,False,True,False
145000,0.4944406206109256,5,0.6968768875289402,0.09791823381682327,False,False,False,False,True,False,True,False,True,False,False,False,True,False
250000,-1.5547660572784527,7,-1.6554196366675484,-1.6423897568562318,False,False,False,True,True,False,True,True,False,False,False,False,False,False
256000,0.0334267448202893,7,0.4616472351092913,-0.2031731140504873,True,False,False,False,True,False,True,False,False,False,True,False,False,False
70000,1.18596143429688,12,1.8730251496271844,0.09791823381682327,True,False,False,False,True,False,True,False,False,False,False,False,False,False
50000,0.4598645799266279,7,3.0491734117254286,-0.6427664819367607,False,False,False,True,True,False,True,True,False,False,False,False,False,False
240000,0.0334267448202893,10,-0.7145010269889529,0.6331917411364864,False,False,False,True,True,False,True,False,True,False,False,False,True,False
97000,1.3703669846131346,12,0.6968768875289402,0.8606829817473436,False,False,False,True,True,False,True,False,False,False,False,False,False,False
130000,1.18596143429688,12,0.22641758268964243,1.070674896157365,True,False,False,False,True,False,True,False,False,False,False,False,False,False
199000,-0.3691305715200943,7,0.9321065399485889,-0.7199964126647259,False,False,False,True,True,False,True,False,False,False,False,False,False,False
125000,0.0334267448202893,4,1.6377954972075355,-0.5993459401916854,False,False,False,True,True,False,False,False,False,False,False,False,True,False
420000,-0.19708019307502883,5,-0.4792713745693041,0.09791823381682327,True,False,False,False,True,False,True,False,False,False,False,False,True,False
525000,0.9554544964015619,6,-0.7145010269889529,1.9713755094356447,True,False,False,False,True,False,True,False,False,False,False,False,True,False
125000,0.3791871516632665,5,1.167336192368238,-0.2031731140504873,False,False,False,True,True,False,True,False,False,False,False,False,True,False
325000,1.5317218411398572,5,0.6968768875289402,1.001192277418755,True,False,False,False,True,False,True,False,False,False,False,False,True,False
330000,0.40223784545279834,14,0.22641758268964243,0.2832052171197836,True,False,False,False,True,False,True,True,False,False,False,False,True,False
110000,-0.42758713097034695,7,0.6968768875289402,-0.7049920271626715,False,False,False,True,True,False,True,False,False,False,False,False,False,False
450000,-1.5351729675573507,7,-1.4201899842478996,-1.610775165330164,False,False,False,True,True,False,True,False,False,False,False,False,False,False
85000,1.1490803242336292,7,1.8730251496271844,0.07383092598743843,False,False,False,True,True,False,True,False,False,False,False,False,False,False
229999,0.0334267448202893,4,1.4025658447878866,-0.5377190561252768,False,False,False,True,True,False,True,False,True,False,False,False,True,False
250000,-0.19708019307502883,5,0.22641758268964243,-0.31897747861483755,False,False,False,True,True,False,True,False,True,False,False,False,True,False
650000,-0.012674642758774326,3,-0.4792713745693041,0.3387913121106717,True,False,False,False,True,False,True,False,False,False,False,False,True,False
650000,-1.4307533246907715,13,-0.9497306794086018,-1.4647458616145186,False,False,False,True,False,True,True,False,False,False,False,False,False,True
750000,-0.8407247157601256,7,-0.9497306794086018,-0.501366457694575,True,False,False,False,False,True,True,False,False,False,False,False,False,False
850000,-1.1396922142103534,13,-1.1849603318282507,-0.8867795128583683,False,False,False,True,False,True,True,False,False,False,False,False,False,True
315000,-1.1543985568480746,5,-0.9497306794086018,-1.0135228404168704,False,False,False,True,False,True,True,False,False,False,False,False,True,False
415000,-0.9297003937877185,7,-0.4792713745693041,-0.8590403971098499,False,False,False,True,False,True,True,False,False,False,False,False,False,False
640000,0.09766902841171447,7,-0.7145010269889529,0.7264296951927303,True,False,False,False,False,True,True,False,False,False,False,False,False,False
780000,-0.864098119262711,7,-0.9497306794086018,-0.5395297860367566,False,False,False,True,False,True,True,False,False,False,False,False,False,False
2595000,0.2556584836451655,13,-0.9497306794086018,1.28877215105052,True,False,False,False,False,True,False,False,False,False,False,False,False,True
850000,-0.22723050055173644,5,-0.4792713745693041,0.058535485515779,True,False,False,False,False,True,True,False,False,False,False,False,True,False
900000,-0.3173126118812268,5,-0.4792713745693041,-0.05913101323076603,True,False,False,False,False,True,True,False,False,False,False,False,True,False
1150000,-0.10128150968573461,13,-0.7145010269889529,0.4376830925879795,False,False,False,True,False,True,True,False,False,False,False,False,False,True
75000,-0.3353843558122197,7,1.4025658447878866,-0.8053558097851085,False,False,False,True,True,False,True,False,False,False,False,False,False,False
215000,0.6557954771376483,14,0.22641758268964243,0.5379748191613543,True,False,False,False,True,False,True,False,False,False,False,False,True,False
130000,1.18596143429688,7,0.9321065399485889,0.5495552556177892,False,False,False,True,True,False,False,False,True,False,False,False,False,False
400000,-1.2113107198144286,5,-1.4201899842478996,-0.9057195924075453,False,False,False,True,True,False,False,False,False,False,False,False,True,False
550000,-0.19708019307502883,7,-1.4201899842478996,1.3022836252860654,False,False,False,True,True,False,False,False,False,False,False,False,False,False
245000,-0.3814857433912833,1,-0.7145010269889529,0.031009045401865252,False,False,False,True,False,False,True,False,False,False,False,False,False,False
320000,0.9554544964015619,7,0.6968768875289402,0.4993733643065706,True,False,False,False,True,False,True,True,False,False,False,False,False,False
730000,-0.19708019307502883,6,-0.7145010269889529,0.2986457990616971,True,False,False,False,True,False,False,False,True,False,False,False,True,False
120000,0.7249475585062437,3,1.8730251496271844,-0.2031731140504873,False,False,False,True,True,False,True,False,False,False,True,False,True,False
950000,-0.7733475378133242,4,-0.9497306794086018,-0.3913552064675564,False,False,False,True,True,False,True,False,False,False,False,False,True,False
350000,-0.47368851854941063,7,-0.9497306794086018,0.09791823381682327,False,False,False,True,True,False,True,False,False,False,True,False,False,False
100000,-1.1191079446563015,7,1.8730251496271844,-1.4075385055197296,False,False,False,True,True,False,True,False,True,False,False,False,False,False
350000,-0.8886010067609833,7,-0.9497306794086018,-0.5795372988846255,False,False,False,True,True,False,True,False,False,False,False,False,False,False
80000,-0.6580940688656651,7,1.8730251496271844,-1.106447157652419,False,False,False,True,True,False,True,False,True,False,False,False,False,False
370000,-0.19708019307502883,5,-0.008812069730006403,-0.2031731140504873,False,False,False,True,True,False,True,False,False,False,False,False,True,False
160000,0.0334267448202893,5,0.22641758268964243,-0.08736874948613703,False,False,False,True,True,False,True,False,True,False,False,False,True,False
130000,1.18596143429688,12,0.9321065399485889,0.5495552556177892,True,False,False,False,True,False,True,False,False,False,False,False,False,False
250000,-0.8886010067609833,1,-0.7145010269889529,-0.7049920271626715,False,False,False,True,True,False,True,False,False,False,False,False,False,False
270000,0.26393368271560746,12,0.22641758268964243,0.1442399796425635,True,False,False,False,True,False,True,False,True,False,False,False,False,False
2600000,-1.3611402294463855,9,-1.4201899842478996,-1.2319018859304651,True,False,False,False,True,False,False,False,False,False,False,True,False,False
160000,0.26393368271560746,5,-0.008812069730006403,0.2986457990616971,False,False,False,True,True,False,True,False,False,False,False,False,True,False
229999,0.26393368271560746,5,-0.7145010269889529,0.967737683211276,False,False,False,True,True,False,True,False,False,False,False,False,True,False
750000,-0.911651700550515,6,-0.9497306794086018,-0.6171737173680393,True,False,False,False,True,False,True,False,False,False,False,False,True,False
195000,1.18596143429688,1,0.4616472351092913,0.8721531283327645,True,False,False,False,True,False,True,False,False,False,False,False,False,False
270000,-1.0730065570772378,9,-0.7145010269889529,-0.9726287808225033,False,False,False,True,True,False,True,False,False,False,False,False,False,False
300000,-0.42758713097034695,11,0.22641758268964243,-0.550586207743538,False,False,False,True,True,False,True,False,False,False,False,False,True,False
200000,-0.42758713097034695,1,0.22641758268964243,-0.550586207743538,True,False,False,False,True,False,True,False,False,False,False,False,False,False
120000,0.2954209304321079,7,1.4025658447878866,-0.347596597244174,False,False,False,True,True,False,True,False,False,False,False,False,False,False
95000,0.9554544964015619,7,1.6377954972075355,0.03453058163423169,False,False,False,True,True,False,True,False,False,False,False,False,False,False
229999,3.563834124514915,13,1.6377954972075355,1.8277419068188752,True,False,False,False,True,False,True,False,False,False,False,False,False,True
300000,0.4944406206109256,10,0.22641758268964243,0.37584870877126375,True,False,False,False,True,False,True,False,False,False,False,False,True,False
200000,-0.35843504960175154,10,-0.7145010269889529,0.06446363960934426,False,False,False,True,True,False,True,False,True,False,False,False,True,False
250000,-0.8886010067609833,7,-0.9497306794086018,-0.5795372988846255,False,False,False,True,True,False,True,False,False,False,False,False,False,False
368000,0.4944406206109256,7,0.22641758268964243,0.37584870877126375,False,False,False,True,True,False,True,False,True,False,False,False,False,False
650000,3.563834124514915,13,-0.24404172214965525,4.399648641514086,True,False,False,False,True,False,True,False,False,False,False,False,False,True
150000,1.18596143429688,6,3.754862368984375,-0.4182383625271378,True,False,False,False,True,False,True,False,False,False,True,False,True,False
180000,-0.19708019307502883,7,0.22641758268964243,-0.31897747861483755,False,False,True,False,True,False,True,False,False,False,False,False,False,False
525000,-1.2343614136039605,5,-0.9497306794086018,-1.1440835761358328,False,False,False,True,True,False,True,False,False,False,False,False,True,False
350000,1.8774822479828344,3,1.8730251496271844,0.5495552556177892,True,False,False,False,True,False,True,False,True,False,False,False,True,False
850000,-0.8886010067609833,6,-1.1849603318282507,-0.4182383625271378,True,False,False,False,True,False,True,False,True,False,False,False,True,False
350000,3.563834124514915,14,0.4616472351092913,3.0907318211781303,True,False,False,False,True,False,True,False,False,False,True,False,True,False
160000,-0.03572533654830614,7,1.8730251496271844,-0.6999738380315497,False,False,False,True,True,False,True,False,False,False,False,False,False,False
500000,-0.6580940688656651,7,-0.9497306794086018,-0.2031731140504873,True,False,False,False,True,False,True,False,False,False,False,False,False,False
130000,0.7249475585062437,5,1.167336192368238,0.06249572230302194,False,False,False,True,True,False,True,False,False,False,False,False,True,False
350000,0.7249475585062437,12,-0.4792713745693041,1.3022836252860654,True,False,False,False,True,False,True,False,True,False,False,False,False,False
70000,0.26393368271560746,7,1.8730251496271844,-0.5042644619177978,False,False,False,True,True,False,True,False,False,False,False,False,False,False
750000,1.7622287790351754,13,-0.24404172214965525,2.260301550318417,True,False,False,False,True,False,True,False,True,False,False,False,False,True
450000,-0.35843504960175154,4,-0.008812069730006403,-0.3788097336397517,True,False,False,False,True,False,True,False,False,False,False,False,True,False
430000,0.10257882618888474,7,-0.4792713745693041,0.489336986044327,True,False,False,False,True,False,True,False,False,False,True,False,False,False
260000,0.4944406206109256,7,0.4616472351092913,0.22695738290281348,True,False,False,False,True,False,True,False,False,False,True,False,False,False
370000,0.26393368271560746,7,-0.008812069730006403,0.2986457990616971,True,False,False,False,True,False,True,False,False,False,True,False,False,False
229999,0.7249475585062437,1,0.4616472351092913,0.442022631379464,False,False,False,False,True,False,True,False,False,False,False,False,False,False
140000,0.4944406206109256,3,0.4616472351092913,0.22695738290281348,True,False,False,False,True,False,True,False,False,False,True,False,True,False
700000,3.030016937459425,13,-0.008812069730006403,3.3095592777348033,True,False,False,False,True,False,True,False,False,False,False,False,False,True
545000,-1.4118517557833554,5,-1.6554196366675484,-1.2690364855007668,False,False,False,True,True,False,True,False,False,False,False,False,True,False
200000,-0.8886010067609833,9,-0.9497306794086018,-0.5795372988846255,False,False,False,True,True,False,True,False,False,False,False,False,False,False
500000,1.18596143429688,12,-0.4792713745693041,1.9044663210206867,True,False,False,False,True,False,True,False,False,False,False,False,False,False
70000,0.4944406206109256,7,1.167336192368238,-0.11461683526598422,False,False,False,True,True,False,True,False,True,False,False,False,False,False
580000,-1.0038544757086423,6,-0.008812069730006403,-1.0813562119968096,True,False,False,False,True,False,True,False,False,False,True,False,True,False
160000,0.0334267448202893,7,0.22641758268964243,-0.08736874948613703,False,False,False,False,True,False,True,False,True,False,False,False,False,False
160000,-0.7502968440237924,7,0.6968768875289402,-0.9860106185054948,False,False,False,True,True,False,True,False,False,False,False,False,False,False
760000,-0.4506378247598788,7,-0.7145010269889529,-0.06935473722057152,True,False,False,False,True,False,True,False,False,False,False,False,False,False
300000,-1.0730065570772378,5,-0.4792713745693041,-1.046228888078957,False,False,False,True,True,False,True,False,False,False,False,False,True,False
50000,-0.7733475378133242,7,3.5196327165647263,-1.3183262542997856,False,False,True,False,True,False,True,False,True,False,False,False,False,False
800000,-1.0269051694981741,6,-1.4201899842478996,-0.5042644619177978,True,False,False,False,True,False,True,False,False,False,False,False,True,False
680000,-1.1191079446563015,7,-1.1849603318282507,-0.8483688594804384,True,False,False,False,True,False,True,False,False,False,False,False,False,False
85000,-0.42758713097034695,7,0.9321065399485889,-0.7677193913016946,False,False,True,False,True,False,True,False,True,False,False,False,False,False
1300000,0.0334267448202893,13,-0.7145010269889529,0.6331917411364864,True,False,False,False,True,False,True,False,False,False,False,False,False,True
500000,-0.19708019307502883,7,-0.7145010269889529,0.2986457990616971,False,False,False,True,True,False,True,False,False,False,False,False,False,False
2675000,-0.7733475378133242,0,-0.4792713745693041,-0.6548101358514531,True,False,False,False,True,False,False,False,False,False,False,True,False,False
145000,-0.19708019307502883,5,1.167336192368238,-0.6459545079730028,False,False,False,True,True,False,True,False,False,False,False,False,True,False
300000,-0.19708019307502883,6,-0.008812069730006403,-0.2031731140504873,True,False,False,False,True,False,True,False,False,False,False,False,True,False
600000,-0.19708019307502883,7,-0.9497306794086018,0.5495552556177892,True,False,False,False,True,False,True,False,True,False,False,False,False,False
400000,0.0334267448202893,7,-0.4792713745693041,0.39900958168413386,False,False,False,True,True,False,True,False,True,False,False,False,False,False
130000,1.5317218411398572,5,1.4025658447878866,0.5495552556177892,False,False,False,True,True,False,True,False,True,False,False,False,True,False
45000,0.09195245635191057,7,2.8139437593057797,-0.7985937999309217,False,False,False,True,True,False,True,False,True,False,False,False,False,False
641000,-1.0038544757086423,7,-0.9497306794086018,-0.7677193913016946,False,False,False,True,True,False,True,False,False,False,False,False,False,False
650000,-0.42758713097034695,7,-0.4792713745693041,-0.2031731140504873,True,False,False,False,True,False,True,False,False,False,False,False,False,False
784000,-1.5777937003741949,3,-1.6554196366675484,-1.7025478081601204,True,False,False,False,False,False,True,False,False,True,False,False,True,False
635000,-1.5777937003741949,3,-1.6554196366675484,-1.7025478081601204,False,False,False,True,False,False,True,False,False,True,False,False,True,False
1000000,-1.5777937003741949,3,-1.6554196366675484,-1.7025478081601204,True,False,False,False,False,False,True,False,False,True,False,False,True,False
495000,-0.3739251158283169,3,-0.4792713745693041,-0.13307904826697733,True,False,False,False,False,False,True,False,False,False,False,False,True,False
324000,-0.8886010067609833,5,-0.008812069730006403,-0.9559014837187637,False,False,False,True,True,False,True,False,False,False,False,False,True,False
2100000,0.529131914764171,3,-0.7145010269889529,1.3526327895683214,True,False,False,False,False,False,False,False,False,False,False,False,True,False
200000,-0.7733475378133242,7,-1.1849603318282507,-0.2031731140504873,False,False,False,True,True,False,True,False,False,False,False,False,False,False
320000,-0.19708019307502883,7,-0.4792713745693041,0.09791823381682327,True,False,False,False,True,False,True,False,False,False,False,False,False,False
300000,-1.1075825977615354,5,-0.4792713745693041,-1.0913925902590536,False,False,False,True,True,False,True,False,False,False,False,False,True,False
180000,3.030016937459425,12,-0.008812069730006403,3.3095592777348033,True,False,False,False,True,False,True,False,False,False,False,False,False,False
500000,1.9696850231409617,13,1.167336192368238,1.0189035331756553,True,False,False,False,True,False,True,False,False,False,True,False,False,True
305000,1.18596143429688,13,0.4616472351092913,0.8721531283327645,False,False,False,True,True,False,True,False,True,False,False,False,False,True
125000,-0.42758713097034695,7,0.9321065399485889,-0.7677193913016946,False,False,False,True,True,False,True,True,False,False,False,False,False,False
800000,1.5317218411398572,7,-0.4792713745693041,2.3561033428216525,True,False,False,False,True,False,True,False,False,False,False,False,False,False
420000,0.7249475585062437,6,0.9321065399485889,0.17319107078365092,True,False,False,False,True,False,True,False,False,False,False,False,True,False
875000,-0.6580940688656651,7,-0.9497306794086018,-0.2031731140504873,True,False,False,False,True,False,True,False,False,False,False,False,False,False
580000,0.0334267448202893,7,-0.24404172214965525,0.20740599667766357,True,False,False,False,True,False,True,False,False,False,False,False,False,False
350000,1.4856204535607935,7,0.4616472351092913,1.1517379513524102,True,False,False,False,True,False,True,False,True,False,False,False,False,False
120000,0.9554544964015619,5,2.108254802046833,-0.1314846978916037,False,False,False,True,True,False,True,False,True,False,False,False,True,False
150000,2.5690030616687887,12,-0.008812069730006403,2.8077403646226187,True,False,False,False,True,False,True,False,False,False,True,False,False,False
650000,1.18596143429688,10,-0.008812069730006403,1.3022836252860654,True,False,False,False,True,False,True,False,False,False,False,False,True,False
225000,0.26393368271560746,7,0.6968768875289402,-0.10280933142805053,False,False,False,True,True,False,True,False,True,False,False,False,False,False
400000,-1.2343614136039605,4,-0.24404172214965525,-1.2980507426588892,False,False,False,True,True,False,False,False,False,False,False,False,True,False
250000,0.0334267448202893,5,1.8730251496271844,-0.6548101358514531,False,False,False,True,True,False,True,False,False,False,False,False,True,False
120000,-0.6183777234663018,5,1.167336192368238,-0.9696631294418754,False,False,False,True,True,False,True,False,True,False,False,False,True,False
250000,0.0334267448202893,7,0.6968768875289402,-0.30353689667292405,False,False,False,True,True,False,True,False,False,False,False,False,False,False
175000,-1.1191079446563015,7,0.22641758268964243,-1.2454123951296394,False,False,False,True,True,False,True,False,True,False,False,False,False,False
590000,-0.9727360390927744,7,-1.1849603318282507,-0.5752359939150925,True,False,False,False,False,False,True,False,False,False,False,False,False,False
225000,0.004498124114426875,12,-0.4792713745693041,0.36122261752678636,True,False,False,False,False,False,True,False,False,False,False,False,False,False
900000,-0.4967392123389424,6,-0.7145010269889529,-0.13626392563552928,True,False,False,False,True,False,True,False,False,False,False,False,True,False
375000,-0.951091437624404,7,-0.9497306794086018,-0.6815696293931603,False,False,False,True,False,False,False,False,False,False,False,False,False,False
320000,-1.0116456102095042,5,-0.7145010269889529,-0.8835726510421942,False,False,False,True,False,False,True,False,False,False,False,False,True,False
525000,-0.7272461502342605,7,-0.008812069730006403,-0.7802648641294991,True,False,False,False,False,False,True,False,False,False,False,False,False,False
650000,-0.9290549743616116,8,-0.24404172214965525,-0.9355093878859323,True,False,False,False,False,False,True,False,False,False,False,False,True,False
575000,-0.957637834660631,5,-0.9497306794086018,-0.6922583722424499,True,False,False,False,False,False,True,False,False,False,False,False,True,False
355000,-0.6759122551649732,5,-0.24404172214965525,-0.6349107349514954,False,False,False,True,False,False,True,False,False,False,False,False,True,False
470000,-0.8570907083506932,6,-0.7145010269889529,-0.6592595968810478,True,False,False,False,False,False,True,False,False,False,False,False,True,False
221000,-0.7731631322630079,7,1.167336192368238,-1.0885942118494631,False,False,False,True,False,False,True,False,False,False,False,False,False,False
195000,-0.957637834660631,5,0.9321065399485889,-1.200444112814745,False,False,False,True,False,False,True,False,False,False,False,False,True,False
90000,0.7250628119751914,5,2.108254802046833,-0.274789841793212,False,False,False,True,False,False,True,False,True,False,False,False,True,False
580000,-0.5367552167575697,5,-0.008812069730006403,-0.5729132892315446,True,False,False,False,False,False,True,False,False,False,False,False,True,False
325000,-0.6790010481327705,7,-0.24404172214965525,-0.6385785750073335,False,False,False,True,False,False,True,False,False,False,False,False,False,False
495000,-0.5372853827147289,4,-0.008812069730006403,-0.5734903809816236,False,False,False,True,False,False,True,False,False,False,False,False,True,False
290000,-1.303513494972556,5,-0.24404172214965525,-1.3801665648045194,False,False,False,True,False,False,True,False,False,False,False,False,True,False
375000,-1.516294449343724,9,-1.1849603318282507,-1.5895267187806712,False,False,False,True,False,False,True,False,False,False,False,False,False,False
211000,-0.5859914986920096,12,0.4616472351092913,-0.7810964497569423,True,False,False,False,False,False,True,False,False,False,False,False,False,False
70000,-0.42758713097034695,7,2.108254802046833,-0.9917456917982055,False,False,False,True,True,False,True,False,True,False,False,False,False,False
225000,-0.19708019307502883,5,0.6968768875289402,-0.5042644619177978,False,False,False,True,True,False,True,False,True,False,False,False,True,False
420000,0.0334267448202893,6,-0.24404172214965525,0.20740599667766357,True,False,False,False,True,False,True,False,False,False,True,False,True,False
280000,-1.067128630160907,1,-0.4792713745693041,-1.0385510587083404,False,False,False,True,True,False,True,False,False,False,False,False,False,False
400000,-0.21522108908739038,5,-0.008812069730006403,-0.22291968828145164,False,False,False,True,True,False,True,False,False,False,False,False,True,False
850000,-0.3123336620226879,6,-0.4792713745693041,-0.05262744011683201,True,False,False,False,True,False,True,False,False,False,False,False,True,False
550000,0.26393368271560746,3,0.4616472351092913,0.011892134426163232,True,False,False,False,True,False,True,False,False,False,False,False,True,False
1000000,-0.6580940688656651,10,-1.1849603318282507,0.011892134426163232,True,False,False,False,True,False,True,False,False,False,False,False,True,False
350000,2.3384961237734707,6,-0.24404172214965525,2.9446000681986684,True,False,False,False,True,False,True,False,False,False,False,False,True,False
350000,2.3384961237734707,12,0.4616472351092913,1.9474793707160167,True,False,False,False,True,False,True,False,True,False,False,False,False,False
170000,0.0334267448202893,4,1.4025658447878866,-0.5377190561252768,False,False,False,True,True,False,True,False,False,False,True,False,True,False
828999,-1.5568406197195106,3,-1.6554196366675484,-1.6478094011178435,False,False,False,True,False,False,True,False,False,True,False,False,True,False
1119000,-1.5568406197195106,3,-1.6554196366675484,-1.6478094011178435,False,False,False,True,False,False,True,False,False,True,False,False,True,False
746000,-1.5545124996467679,3,-1.6554196366675484,-1.6417273558909238,False,False,False,True,False,False,True,False,False,True,False,False,True,False
1030000,-1.5568406197195106,3,-1.6554196366675484,-1.6478094011178435,False,False,False,True,False,False,True,False,False,True,False,False,True,False
1334000,-1.5568406197195106,3,-1.6554196366675484,-1.6478094011178435,True,False,False,False,False,False,True,False,False,True,False,False,True,False
811999,-1.5568406197195106,3,-1.6554196366675484,-1.6478094011178435,False,False,False,True,False,False,True,False,False,True,False,False,True,False
1331000,-1.5568406197195106,3,-1.6554196366675484,-1.6478094011178435,True,False,False,False,False,False,True,False,False,True,False,False,True,False
852000,-1.5568406197195106,3,-1.6554196366675484,-1.6478094011178435,False,False,False,True,False,False,True,False,False,True,False,False,True,False
45000,1.18596143429688,12,1.6377954972075355,0.19299971209071093,True,False,False,False,True,False,True,False,True,False,False,False,False,False
430000,0.0334267448202893,10,-0.008812069730006403,0.047736342505604754,True,False,False,False,True,False,True,False,False,False,True,False,True,False
830000,0.0334267448202893,6,-0.4792713745693041,0.39900958168413386,True,False,False,False,True,False,True,False,False,False,False,False,True,False
409999,0.9554544964015619,6,0.9321065399485889,0.36137316320072,True,False,False,False,True,False,True,False,True,False,False,False,True,False
190000,0.26393368271560746,7,0.22641758268964243,0.1442399796425635,True,False,False,False,True,False,True,False,False,False,True,False,False,False
200000,0.26393368271560746,4,1.4025658447878866,-0.37044608508788207,False,False,False,True,True,False,True,False,True,False,False,False,True,False
120000,0.9554544964015619,5,1.6377954972075355,0.03453058163423169,False,False,False,True,True,False,True,False,True,False,False,False,True,False
850000,-0.42758713097034695,6,-1.4201899842478996,0.8004647121738815,True,False,False,False,True,False,True,False,False,False,False,False,True,False
95000,1.0707079653492209,12,0.4616472351092913,0.7646205040944394,True,False,False,False,True,False,True,True,False,False,False,False,False,False
213000,0.26393368271560746,7,-0.008812069730006403,0.2986457990616971,False,False,False,True,True,False,True,False,False,False,False,False,False,False
660000,-1.0038544757086423,14,-1.1849603318282507,-0.6333036110037881,True,False,False,False,True,False,True,False,False,False,False,False,True,False
415000,-0.4514445990425124,8,-0.9497306794086018,0.1342373776533176,False,False,False,True,False,False,True,False,False,False,False,False,True,False
1100000,-1.4610419363302163,3,-1.4201899842478996,-1.4493902028732857,False,False,False,True,False,False,True,False,False,True,False,False,True,False
650000,0.1784156087564444,6,0.22641758268964243,0.05831314113581539,True,False,False,False,False,False,True,False,False,False,False,False,True,False
969999,0.0334267448202893,6,-0.7145010269889529,0.6331917411364864,True,False,False,False,True,False,False,False,True,False,False,False,True,False
1250000,-0.7733475378133242,6,-0.7145010269889529,-0.5377190561252768,True,False,False,False,True,False,True,False,False,False,False,False,True,False
715000,-1.0038544757086423,7,-0.9497306794086018,-0.7677193913016946,True,False,False,False,True,False,False,False,False,False,False,False,False,False
565000,-0.4967392123389424,7,-0.7145010269889529,-0.13626392563552928,True,False,False,False,False,False,True,False,False,False,False,False,False,False
615000,-0.5251837684752246,6,-0.008812069730006403,-0.5603176345124288,True,False,False,False,True,False,True,False,True,False,False,False,True,False
199000,0.23560438004827283,12,1.4025658447878866,-0.3910039332283778,True,False,False,False,False,False,True,False,True,False,False,False,False,False
325000,0.2491120866089385,7,0.6968768875289402,-0.11571611387329594,True,False,False,False,False,False,True,False,False,False,False,False,False,False
409999,-0.9347023943400469,3,0.22641758268964243,-1.060125411826679,True,False,False,False,True,False,True,False,False,False,False,False,True,False
500000,0.07952813239935293,5,0.22641758268964243,-0.04104700366039709,True,False,False,False,False,False,False,False,True,False,False,False,True,False
225000,0.1886962181865756,3,0.4616472351092913,-0.05830516267661565,True,False,False,False,False,False,True,False,True,False,False,False,True,False
135000,0.0334267448202893,7,1.4025658447878866,-0.5377190561252768,False,False,False,True,True,False,True,False,True,False,False,False,False,False
750000,0.26393368271560746,10,0.22641758268964243,0.1442399796425635,True,False,False,False,True,False,False,False,True,False,False,False,True,False
155000,-0.19708019307502883,7,0.9321065399485889,-0.5795372988846255,False,False,True,False,True,False,True,False,True,False,False,False,False,False
335000,0.194781601347012,14,0.22641758268964243,0.07475736090395317,True,False,False,False,False,False,True,False,False,False,True,False,True,False
114999,0.5554097056842372,3,1.8730251496271844,-0.3138994572286907,True,False,False,False,False,False,True,True,False,False,False,False,True,False
699000,0.767568291323088,9,1.4025658447878866,-0.0049713706682783625,True,False,False,False,False,False,True,False,True,False,False,True,False,False
110000,1.18596143429688,6,2.108254802046833,0.011892134426163232,True,False,False,False,True,False,True,True,False,False,False,False,True,False
300000,0.26393368271560746,5,0.22641758268964243,0.1442399796425635,False,False,False,True,True,False,True,False,False,False,False,False,True,False
700000,0.0334267448202893,6,-0.24404172214965525,0.20740599667766357,True,False,False,False,True,False,True,False,True,False,False,False,True,False
700000,1.18596143429688,7,-0.9497306794086018,2.8077403646226187,True,False,False,False,True,False,True,False,False,False,False,False,False,False
210000,-0.6119926812866014,7,-0.008812069730006403,-0.6548101358514531,False,False,False,True,True,False,True,False,False,False,True,False,False,False
600000,1.18596143429688,7,0.22641758268964243,1.070674896157365,True,False,False,False,True,False,True,False,False,False,True,False,False,False
180000,2.012006096938542,12,0.22641758268964243,1.9006679378629758,True,False,False,False,True,False,True,False,True,False,False,False,False,False
220000,-0.22013088686456064,7,0.4616472351092913,-0.4397448873748026,False,False,False,True,True,False,True,False,True,False,False,False,False,False
70000,-0.19708019307502883,1,0.9321065399485889,-0.5795372988846255,False,False,False,True,True,False,True,False,False,False,False,False,False,False
950000,0.0334267448202893,5,-1.1849603318282507,1.3022836252860654,True,False,False,False,True,False,True,False,True,False,False,False,True,False
800000,-1.1191079446563015,3,-0.24404172214965525,-1.161191039082839,True,False,False,False,True,False,True,False,False,False,False,False,True,False
700000,1.18596143429688,6,0.22641758268964243,1.070674896157365,True,False,False,False,True,False,True,False,False,False,True,False,True,False
265000,-0.6580940688656651,10,-0.7145010269889529,-0.37044608508788207,False,False,False,True,True,False,True,False,False,False,False,False,True,False
175000,0.4944406206109256,14,0.4616472351092913,0.22695738290281348,True,False,False,False,True,False,True,False,False,False,True,False,True,False
260000,0.47138992682139375,6,0.22641758268964243,0.35268783585839364,True,False,False,False,True,False,True,False,True,False,False,False,True,False
950000,0.26393368271560746,13,-0.008812069730006403,0.2986457990616971,True,False,False,False,True,False,True,False,False,False,True,False,False,True
250000,3.030016937459425,7,0.9321065399485889,2.055011994954342,True,False,False,False,True,False,True,True,False,False,False,False,False,False
630000,-0.42758713097034695,6,-0.4792713745693041,-0.2031731140504873,True,False,False,False,True,False,True,False,False,False,False,False,True,False
35000,-0.7733475378133242,12,0.22641758268964243,-0.8979993014365886,False,False,False,True,True,False,True,False,False,False,True,False,False,False
330000,3.030016937459425,1,-0.24404172214965525,3.7657582896549697,True,False,False,False,True,False,True,False,False,False,True,False,False,False
150000,1.18596143429688,7,0.9321065399485889,0.5495552556177892,False,False,False,True,True,False,True,False,False,False,False,False,False,False
105000,0.4944406206109256,12,1.167336192368238,-0.11461683526598422,True,False,False,False,True,False,True,False,False,False,False,False,False,False
185000,-0.08182672412736977,12,-0.008812069730006403,-0.07771838577244113,True,False,False,False,True,False,True,False,False,False,False,False,False,False
260000,-0.42758713097034695,2,-0.24404172214965525,-0.3400328176265377,True,False,False,False,True,False,True,False,False,False,False,False,False,False
450000,-0.8194489253923878,7,0.22641758268964243,-0.9443210472623287,True,False,False,False,True,False,True,False,False,False,False,False,False,False
500000,-0.7041954564447287,7,-0.7145010269889529,-0.4373552735028398,False,False,False,True,True,False,True,False,False,False,False,False,False,False
260000,-0.6580940688656651,7,0.22641758268964243,-0.7821949368722383,False,False,False,True,True,False,True,False,False,False,False,False,False,False
265000,-0.3123336620226879,14,0.22641758268964243,-0.43478184317918783,True,False,False,False,True,False,True,False,True,False,False,False,True,False
800000,-0.9808037819191106,6,-0.9497306794086018,-0.7300829728182808,True,False,False,False,True,False,True,False,True,False,False,False,True,False
869999,0.26393368271560746,12,-0.7145010269889529,0.967737683211276,True,False,False,False,True,False,True,False,False,False,False,False,False,False
690000,-0.6580940688656651,7,-1.1849603318282507,0.011892134426163232,False,False,False,True,True,False,True,False,False,False,False,False,False,False
825000,1.18596143429688,9,0.4616472351092913,0.8721531283327645,True,False,False,False,True,False,True,False,False,False,False,False,False,True
160000,-0.12262645213484108,7,1.6377954972075355,-0.7066295415107218,False,False,False,True,True,False,True,False,True,False,False,False,False,False
300000,1.18596143429688,6,1.6377954972075355,0.19299971209071093,True,False,False,False,True,False,True,False,True,False,False,False,True,False
100000,0.7249475585062437,7,1.8730251496271844,-0.2031731140504873,False,False,False,True,True,False,True,False,False,False,True,False,False,False
530000,0.194781601347012,5,-0.4792713745693041,0.6097735251912513,True,False,False,False,True,False,True,False,True,False,False,False,True,False
360000,-0.8886010067609833,7,-0.7145010269889529,-0.7049920271626715,False,False,False,True,True,False,True,False,False,False,False,False,False,False
220000,-0.6580940688656651,7,-0.4792713745693041,-0.5042644619177978,False,False,False,True,True,False,True,False,False,False,False,False,False,False
178000,-0.7733475378133242,7,-0.9497306794086018,-0.3913552064675564,False,False,False,True,True,False,True,False,False,False,False,False,False,False
515000,-1.4648683514992786,6,-1.1849603318282507,-1.4935646049103897,True,False,False,False,True,False,True,False,False,False,False,False,True,False
300000,-0.7733475378133242,7,-0.24404172214965525,-0.7506119283546883,False,False,False,True,True,False,True,False,False,False,False,False,False,False
150000,0.26393368271560746,12,0.22641758268964243,0.1442399796425635,True,False,False,False,True,False,True,False,True,False,False,False,False,False
750000,-1.2343614136039605,12,-0.9497306794086018,-1.1440835761358328,False,False,False,True,True,False,True,False,False,False,False,False,False,False
950000,0.26393368271560746,13,0.22641758268964243,0.1442399796425635,True,False,False,False,True,False,True,False,False,False,False,False,False,True
90000,-0.6580940688656651,7,1.6377954972075355,-1.0747533315611233,False,False,False,True,True,False,True,False,True,False,False,False,False,False
65000,0.9554544964015619,12,1.167336192368238,0.23960827987202835,False,False,False,True,True,False,True,False,False,False,True,False,False,False
312000,0.4944406206109256,5,0.22641758268964243,0.37584870877126375,True,False,False,False,True,False,True,False,True,False,False,False,True,False
700000,-1.0038544757086423,7,-1.1849603318282507,-0.6333036110037881,True,False,False,False,True,False,True,False,False,False,False,False,False,False
150000,-0.4967392123389424,5,1.8730251496271844,-1.0010651858988602,False,False,False,True,True,False,True,False,False,False,False,False,True,False
450000,-0.19708019307502883,10,-0.008812069730006403,-0.2031731140504873,True,False,False,False,True,False,True,False,False,False,False,False,True,False
229999,1.18596143429688,5,0.6968768875289402,0.7001009295514444,True,False,False,False,True,False,True,False,True,False,False,False,True,False
111000,1.18596143429688,7,1.167336192368238,0.4167208374410345,True,False,False,False,True,False,True,False,False,False,False,False,False,False
250000,1.6469753100875162,7,0.22641758268964243,1.533892354414766,True,False,False,False,True,False,True,False,True,False,False,False,False,False
750000,-1.5570480759636163,3,-1.4201899842478996,-1.6583977801845105,True,False,False,False,False,False,True,False,False,False,False,False,True,False
774000,-1.5395987007649408,3,-0.9497306794086018,-1.6424650296931986,False,False,False,True,False,False,False,False,False,False,False,False,True,False
711000,-1.5466522130645375,3,-1.1849603318282507,-1.6461749052294208,False,False,False,True,False,False,False,False,False,False,False,False,True,False
600000,-0.7705353531710013,3,-0.9497306794086018,-0.3867635634125799,True,False,False,False,False,False,True,False,False,False,False,False,True,False
455000,0.5548564890332884,7,-0.4792713745693041,1.0801083196947772,True,False,False,False,False,False,True,False,False,False,False,False,False,False
225000,0.5451060455603165,9,-0.4792713745693041,1.0673721556799896,False,False,False,True,False,False,True,False,True,False,False,False,False,False
650000,-1.4648683514992786,7,-1.4201899842478996,-1.457720396830948,True,False,False,False,True,False,True,False,False,False,False,False,False,False
200000,-0.42758713097034695,1,-0.008812069730006403,-0.45408257060657936,False,False,False,True,True,False,True,False,False,False,False,False,False,False
875000,0.12562951997841657,5,-0.7145010269889529,0.7670101179664024,True,False,False,False,True,False,False,False,False,False,False,False,True,False
750000,-0.6580940688656651,11,-0.9497306794086018,-0.2031731140504873,True,False,False,False,True,False,False,False,False,False,False,False,True,False
725000,-1.0730065570772378,7,-1.4201899842478996,-0.6046282445402348,True,False,False,False,True,False,False,False,False,False,False,False,False,False
100000,0.7249475585062437,7,1.4025658447878866,-0.0359001430130925,False,False,False,True,True,False,True,False,True,False,False,False,False,False
1100000,-0.6580940688656651,12,-1.4201899842478996,0.2986457990616971,True,False,False,False,True,False,True,False,False,False,False,False,False,False
2675000,-0.8886010067609833,3,-0.9497306794086018,-0.5795372988846255,True,False,False,False,True,False,False,False,False,False,False,False,True,False
280000,-1.049955863287706,10,-0.7145010269889529,-0.9391741866150242,False,False,False,True,True,False,True,False,False,False,False,False,True,False
150000,-0.8886010067609833,12,0.9321065399485889,-1.1440835761358328,True,False,False,False,True,False,True,False,False,False,False,False,False,False
200000,-0.42758713097034695,12,0.6968768875289402,-0.7049920271626715,False,False,False,True,True,False,True,False,False,False,False,False,False,False
148000,0.7249475585062437,7,0.6968768875289402,0.2986457990616971,True,False,False,False,True,False,True,False,True,False,False,False,False,False
254999,0.0334267448202893,7,0.4616472351092913,-0.2031731140504873,False,False,False,True,True,False,True,False,True,False,False,False,False,False
360000,-0.19708019307502883,7,-0.008812069730006403,-0.2031731140504873,False,False,False,True,True,False,True,False,True,False,False,False,False,False
95000,0.4944406206109256,7,1.6377954972075355,-0.28240767927872706,False,False,False,True,True,False,True,False,True,False,False,False,False,False
185000,3.563834124514915,6,1.4025658447878866,2.0242070046080927,True,False,False,False,True,False,True,False,True,False,False,False,True,False
185000,-0.6580940688656651,12,0.22641758268964243,-0.7821949368722383,True,False,False,False,True,False,True,False,False,False,False,False,False,False
300000,-1.2343614136039605,10,-1.4201899842478996,-0.9559014837187637,False,False,False,True,True,False,True,False,False,False,False,False,True,False
800000,-0.6580940688656651,5,-1.1849603318282507,0.011892134426163232,False,False,False,True,True,False,True,False,False,False,False,False,True,False
60000,-0.42758713097034695,7,3.0491734117254286,-1.106447157652419,False,False,False,True,True,False,True,False,False,False,False,False,False,False
80000,-0.42758713097034695,2,0.6968768875289402,-0.7049920271626715,False,False,False,True,True,False,True,False,True,False,False,False,False,False
500000,-1.3957162701306831,5,-1.1849603318282507,-1.3645254558243993,False,False,False,True,True,False,True,False,False,False,False,False,True,False
250000,-0.7733475378133242,5,-0.008812069730006403,-0.8304467554407177,False,False,False,True,True,False,True,False,False,False,False,False,True,False
250000,0.26393368271560746,12,0.6968768875289402,-0.10280933142805053,True,False,False,False,True,False,True,False,False,False,False,False,False,False
125000,-0.42758713097034695,7,1.8730251496271844,-0.9559014837187637,False,False,False,True,True,False,True,False,True,False,False,False,False,False
100000,0.26393368271560746,7,2.578714106886131,-0.6613555999355251,False,False,False,True,True,False,True,True,False,False,False,False,False,False
480000,0.4944406206109256,6,0.6968768875289402,0.09791823381682327,True,False,False,False,True,False,True,False,False,False,False,False,True,False
320000,-0.8886010067609833,6,-1.1849603318282507,-0.4182383625271378,False,False,False,True,True,False,True,False,True,False,False,False,True,False
130000,0.0334267448202893,7,0.6968768875289402,-0.30353689667292405,False,False,False,True,True,False,True,False,True,False,False,False,False,False
57000,0.26393368271560746,12,1.6377954972075355,-0.44087680973520627,True,False,False,False,True,False,True,False,True,False,False,False,False,False
75000,-0.19708019307502883,5,1.8730251496271844,-0.8053558097851085,False,False,False,True,True,False,True,False,False,False,False,False,True,False
60000,-0.7733475378133242,7,2.343484454466482,-1.2296208908708641,False,False,False,True,True,False,True,False,False,False,False,False,False,False
125000,0.0334267448202893,7,1.167336192368238,-0.4688419504039965,False,False,False,True,True,False,True,False,False,False,False,False,False,False
105000,0.7249475585062437,4,2.108254802046833,-0.2748615302093709,False,False,False,True,True,False,True,False,False,False,True,False,True,False
125000,1.923583635561898,7,1.167336192368238,0.9834810216618546,False,False,True,False,True,False,True,False,True,False,False,False,False,False
69000,0.0334267448202893,7,3.5196327165647263,-0.9280226552125312,False,False,False,True,True,False,True,False,True,False,False,False,False,False
130000,0.4944406206109256,12,0.22641758268964243,0.37584870877126375,True,False,False,False,True,False,True,False,True,False,False,False,False,False
630000,-0.6580940688656651,7,-1.4201899842478996,0.2986457990616971,False,False,False,True,True,False,True,False,False,False,False,False,False,False
330000,-0.42758713097034695,4,-0.7145010269889529,-0.0359001430130925,False,False,False,True,True,False,True,False,True,False,False,False,True,False
340000,-1.2343614136039605,7,-0.24404172214965525,-1.2980507426588892,False,False,False,True,True,False,True,False,True,False,False,False,False,False
60000,1.18596143429688,5,1.6377954972075355,0.19299971209071093,False,False,False,True,True,False,True,False,False,False,True,False,True,False
550000,0.22525461853677306,12,-0.24404172214965525,0.43519528730964147,True,False,False,False,True,False,True,False,False,False,False,False,False,False
480000,0.9554544964015619,7,-0.24404172214965525,1.3022836252860654,True,False,False,False,True,False,True,False,True,False,False,False,False,False
315000,0.26393368271560746,5,-0.008812069730006403,0.2986457990616971,True,False,False,False,True,False,True,False,True,False,False,False,True,False
165000,1.18596143429688,3,0.22641758268964243,1.070674896157365,True,False,False,False,True,False,True,False,False,False,False,False,True,False
170000,1.301214903244539,1,-0.7145010269889529,2.4731944225478286,False,False,False,True,True,False,True,False,False,False,False,False,False,False
550000,-1.3957162701306831,7,-1.1849603318282507,-1.3645254558243993,False,False,False,True,True,False,True,False,False,False,False,False,False,False
465000,-1.2804628011830241,14,-1.1849603318282507,-1.1494602073477491,False,False,False,True,True,False,True,False,False,False,False,False,True,False
120000,0.26393368271560746,12,0.22641758268964243,0.1442399796425635,True,False,False,False,True,False,True,False,False,False,True,False,False,False
220000,-0.3282616914312544,5,1.167336192368238,-0.7467492644855243,False,False,False,True,True,False,True,False,False,False,False,False,True,False
180000,0.0334267448202893,3,0.4616472351092913,-0.2031731140504873,True,False,False,False,True,False,True,False,True,False,False,False,True,False
150000,-0.7825678153291369,1,1.6377954972075355,-1.1603266620076218,False,False,False,True,True,False,True,False,False,False,True,False,False,False
520000,-1.0038544757086423,12,-0.7145010269889529,-0.8722649982000663,False,False,False,True,True,False,True,False,False,False,False,False,False,False
430000,0.26393368271560746,12,-0.008812069730006403,0.2986457990616971,True,False,False,False,True,False,True,False,False,False,True,False,False,False
300000,-0.3123336620226879,6,0.9321065399485889,-0.67362834509316,True,False,False,False,True,False,True,False,True,False,False,False,True,False
1000000,-1.4648683514992786,5,-1.6554196366675484,-1.4075385055197296,True,False,False,False,True,False,True,False,False,False,False,False,True,False
725000,-0.8886010067609833,4,-0.9497306794086018,-0.5795372988846255,True,False,False,False,True,False,True,False,False,False,False,False,True,False
500000,-0.8655503129714515,5,0.4616472351092913,-1.041927583109424,True,False,False,False,True,False,True,False,False,False,False,False,True,False
250000,-0.42758713097034695,7,0.4616472351092913,-0.6333036110037881,False,False,False,True,True,False,True,False,False,False,False,False,False,False
700000,-0.6991934558924003,7,-1.1849603318282507,-0.06480013318061045,True,False,False,False,True,False,True,False,False,False,False,False,False,False
185000,-0.42758713097034695,3,0.4616472351092913,-0.6333036110037881,False,False,False,True,True,False,True,False,False,False,True,False,True,False
200000,1.18596143429688,7,0.4616472351092913,0.8721531283327645,True,False,False,False,True,False,True,False,False,False,False,False,False,False
315000,0.9554544964015619,6,2.108254802046833,-0.1314846978916037,True,False,False,False,True,False,True,False,False,False,True,False,True,False
1700000,-1.3496148825516194,12,-1.4201899842478996,-1.2068109402748557,True,False,False,False,True,False,True,False,False,False,False,False,False,False
370000,-0.19708019307502883,6,-0.7145010269889529,0.2986457990616971,False,False,False,True,True,False,True,False,False,False,False,False,True,False
250000,-0.42758713097034695,5,0.4616472351092913,-0.6333036110037881,False,False,False,True,True,False,True,False,False,False,False,False,True,False
500000,-1.2343614136039605,7,-1.4201899842478996,-0.9559014837187637,False,False,False,True,True,False,True,False,False,False,False,False,False,False
400000,-0.7733475378133242,13,1.167336192368238,-1.0887359018955183,False,False,False,True,True,False,True,False,True,False,False,False,False,True
200000,0.7249475585062437,12,-0.24404172214965525,1.0285642181339647,True,False,False,False,True,False,True,False,False,False,False,False,False,False
284000,-0.6580940688656651,7,-0.7145010269889529,-0.37044608508788207,True,False,False,False,True,False,True,False,True,False,False,False,False,False
80000,-0.19708019307502883,7,1.4025658447878866,-0.7049920271626715,False,False,False,True,True,False,True,False,False,False,True,False,False,False
170000,0.194781601347012,1,-0.24404172214965525,0.39900958168413386,False,False,False,True,True,False,True,False,False,False,False,False,False,False
150000,-0.19708019307502883,5,0.4616472351092913,-0.4182383625271378,False,False,False,True,True,False,True,False,False,False,False,False,True,False
110000,0.1964643019936478,12,0.6968768875289402,-0.16156228977522502,False,False,False,True,True,False,True,False,True,False,False,False,False,False
400000,0.0334267448202893,3,-0.7145010269889529,0.6331917411364864,True,False,False,False,True,False,True,False,False,False,False,False,True,False
275000,0.4944406206109256,5,-0.008812069730006403,0.5495552556177892,False,False,True,False,True,False,True,False,True,False,False,False,True,False
800000,2.7073072244059797,13,-0.008812069730006403,2.958286038556274,True,False,False,False,True,False,True,False,False,False,True,False,False,True
550000,0.4944406206109256,6,-0.24404172214965525,0.7548448109818645,True,False,False,False,True,False,True,False,False,False,False,False,True,False
125000,0.7249475585062437,7,1.4025658447878866,-0.0359001430130925,False,False,False,True,True,False,True,False,True,False,False,False,False,False
135000,0.26393368271560746,1,0.6968768875289402,-0.10280933142805053,False,False,False,True,True,False,True,False,True,False,False,False,False,False
349000,1.8774822479828344,6,0.22641758268964243,1.7655010835434666,True,False,False,False,True,False,True,False,False,False,False,False,True,False
458000,0.26393368271560746,7,-0.24404172214965525,0.48112540382976404,True,False,False,False,True,False,True,False,False,False,False,False,False,False
300000,-0.7733475378133242,7,-1.1849603318282507,-0.2031731140504873,False,False,False,True,True,False,True,False,False,False,False,False,False,False
95000,0.0334267448202893,7,1.167336192368238,-0.4688419504039965,False,False,False,True,True,False,True,False,False,False,False,False,False,False
850000,-0.42758713097034695,7,-1.1849603318282507,0.442022631379464,True,False,False,False,True,False,True,False,False,False,False,False,False,False
750000,-1.0038544757086423,3,-1.4201899842478996,-0.45408257060657936,True,False,False,False,True,False,True,False,False,False,False,False,True,False
190000,1.18596143429688,3,-0.008812069730006403,1.3022836252860654,True,False,False,False,True,False,True,False,False,False,False,False,True,False
150000,0.0334267448202893,7,0.9321065399485889,-0.3913552064675564,False,False,False,True,True,False,True,False,False,False,False,False,False,False
114999,0.8632517212434346,5,0.9321065399485889,0.28610032623389237,False,False,False,True,True,False,True,False,False,False,True,False,True,False
320000,1.18596143429688,13,0.6968768875289402,0.7001009295514444,False,False,False,True,True,False,True,False,False,False,True,False,False,True
300000,1.18596143429688,7,-1.4201899842478996,4.313197103959172,False,False,False,False,True,False,True,False,False,False,False,False,False,False
275000,2.1079891858781528,7,-0.7145010269889529,3.6441052198095925,False,False,False,True,True,False,True,False,False,False,False,False,False,False
140000,1.18596143429688,1,0.6968768875289402,0.7001009295514444,False,False,False,True,True,False,True,False,True,False,False,False,False,False
830000,-1.3496148825516194,12,-1.6554196366675484,-1.106447157652419,False,False,False,True,True,False,True,False,False,False,False,False,False,False
380000,-0.42758713097034695,14,-0.008812069730006403,-0.45408257060657936,False,False,False,True,True,False,True,False,False,False,False,False,True,False
150000,0.4944406206109256,5,0.6968768875289402,0.09791823381682327,False,False,False,True,True,False,True,False,True,False,False,False,True,False
50000,0.0334267448202893,1,1.167336192368238,-0.4688419504039965,False,False,False,True,True,False,True,False,False,False,False,False,False,False
155000,0.7249475585062437,6,1.167336192368238,0.06249572230302194,True,False,False,False,True,False,True,False,False,False,False,False,True,False
300000,0.26393368271560746,11,0.6968768875289402,-0.10280933142805053,False,False,False,True,True,False,True,False,False,False,False,False,True,False
300000,-1.1978491146413421,7,-1.1849603318282507,-0.995301437239686,False,False,False,True,False,False,True,False,False,False,False,False,False,False
385000,-0.7041954564447287,12,-0.7145010269889529,-0.4373552735028398,True,False,False,False,False,False,True,False,False,False,False,False,False,False
221000,-0.40453643718081517,7,0.6968768875289402,-0.6849192706381841,False,False,False,True,False,False,True,False,False,False,False,False,False,False
381000,-0.7041954564447287,12,-0.7145010269889529,-0.4373552735028398,True,False,False,False,False,False,True,False,False,False,False,False,False,False
250999,-0.7733475378133242,7,-0.4792713745693041,-0.6548101358514531,False,False,False,True,False,False,True,False,False,False,False,False,False,False
60000,1.18596143429688,5,2.578714106886131,-0.13771847320976763,False,False,False,True,True,False,True,False,False,False,True,False,True,False
380000,-0.7041954564447287,12,-0.7145010269889529,-0.4373552735028398,True,False,False,False,False,False,True,False,False,False,False,False,False,False
180000,1.7391780852456435,11,1.167336192368238,0.8417909756066492,True,False,False,False,True,False,True,False,False,False,True,False,True,False
751000,-0.10487741791690158,7,-0.9497306794086018,0.7001009295514444,True,False,False,False,False,False,True,False,False,False,False,False,False,False
1250000,-0.19708019307502883,6,-0.4792713745693041,0.09791823381682327,True,False,False,False,False,False,False,False,False,False,False,False,True,False
229999,-0.08182672412736977,5,-0.24404172214965525,0.0705462931016132,False,False,False,True,False,False,True,False,False,False,False,False,True,False
1250000,-1.0269051694981741,12,-1.4201899842478996,-0.5042644619177978,True,False,False,False,True,False,True,False,False,False,False,False,False,False
782000,-0.24318158065409246,6,-0.24404172214965525,-0.12105729190485706,True,False,False,False,False,False,True,False,True,False,False,False,True,False
780000,-0.24318158065409246,6,-0.24404172214965525,-0.12105729190485706,True,False,False,False,False,False,True,False,True,False,False,False,True,False
245000,-0.012674642758774326,7,-0.7145010269889529,0.5662825527215286,False,False,False,True,False,False,True,False,False,False,False,False,False,False
321000,0.29290840480904895,5,0.4616472351092913,0.03892583615967803,True,False,False,False,False,False,True,False,False,False,False,False,True,False
509999,-0.5658912937075379,5,-0.9497306794086018,-0.05262744011683201,True,False,False,False,False,False,True,False,False,False,False,False,True,False
110000,-0.542840599918006,12,-0.4792713745693041,-0.3537187879841426,False,False,False,True,False,False,True,False,False,False,False,False,False,False
400000,0.14868021376794838,14,-0.008812069730006403,0.17319107078365092,True,False,False,False,False,False,True,False,False,False,False,False,True,False
370000,0.4944406206109256,7,-0.008812069730006403,0.5495552556177892,False,False,False,True,True,False,True,False,False,False,False,False,False,False
175000,0.26393368271560746,5,1.4025658447878866,-0.37044608508788207,True,False,False,False,True,False,True,False,True,False,False,False,True,False
1000000,-0.7733475378133242,9,3.5196327165647263,-1.3183262542997856,False,False,False,True,True,False,False,False,True,False,False,True,False,False
92800,-1.0038544757086423,7,-0.008812069730006403,-1.0813562119968096,False,False,False,True,True,False,True,False,True,False,False,False,False,False
291000,0.4944406206109256,12,-0.24404172214965525,0.7548448109818645,True,False,False,False,True,False,True,False,False,False,False,False,False,False
335000,0.9554544964015619,5,-0.008812069730006403,1.0513741687299731,True,False,False,False,True,False,True,False,False,False,True,False,True,False
170000,-0.7733475378133242,7,-0.008812069730006403,-0.8304467554407177,False,False,False,True,True,False,True,False,False,False,False,False,False,False
295000,-1.3496148825516194,7,-1.4201899842478996,-1.2068109402748557,False,False,False,True,True,False,True,False,False,False,False,False,False,False
375000,-1.3496148825516194,10,-1.4201899842478996,-1.2068109402748557,False,False,False,True,True,False,True,False,False,False,False,False,True,False
215000,0.0334267448202893,5,0.22641758268964243,-0.08736874948613703,False,False,False,True,True,False,True,False,True,False,False,False,True,False
150000,0.9554544964015619,3,0.9321065399485889,0.36137316320072,True,False,False,False,True,False,True,False,True,False,False,False,True,False
60000,-1.4648683514992786,7,2.343484454466482,-1.640200001599015,False,False,False,True,True,False,True,False,True,False,False,False,False,False
280000,0.9554544964015619,12,0.22641758268964243,0.8390661670286645,True,False,False,False,True,False,True,True,False,False,False,False,False,False
450000,-0.42758713097034695,13,-0.7145010269889529,-0.0359001430130925,True,False,False,False,True,False,True,False,True,False,False,False,False,True
1150000,-0.24318158065409246,6,-1.1849603318282507,0.7861270289421047,True,False,False,False,True,False,True,False,False,False,False,False,True,False
650000,-1.2343614136039605,7,-1.1849603318282507,-1.063434107957089,True,False,False,False,True,False,True,False,False,False,False,False,False,False
300000,-0.19708019307502883,12,-0.4792713745693041,0.09791823381682327,False,False,False,True,True,False,True,False,True,False,False,False,False,False
73000,-0.2662322744436243,12,-0.4792713745693041,0.007590829456630106,False,False,False,True,True,False,True,False,False,False,False,False,False,False
400000,0.4252885392423301,7,-0.4792713745693041,0.9108648730585618,True,False,False,False,True,False,True,False,False,False,True,False,False,False
300000,0.0334267448202893,10,-0.9497306794086018,0.9259194404519273,False,False,False,True,True,False,True,False,False,False,False,False,True,False
300000,-0.8886010067609833,7,0.22641758268964243,-1.0138036660009389,False,False,False,True,True,False,False,False,True,False,False,False,False,False
450000,0.26393368271560746,7,0.22641758268964243,0.1442399796425635,True,False,False,False,True,False,True,False,False,False,False,False,False,False
200000,0.7249475585062437,5,0.9321065399485889,0.17319107078365092,False,False,False,True,True,False,True,False,True,False,False,False,True,False
580000,-0.6580940688656651,7,-1.4201899842478996,0.2986457990616971,False,False,False,True,True,False,True,False,False,False,False,False,False,False
550000,-1.4898322528733416,5,-0.9497306794086018,-1.561208002187508,False,False,False,True,True,False,True,False,False,False,False,False,True,False
190000,2.1079891858781528,6,1.4025658447878866,0.967737683211276,True,False,False,False,True,False,True,False,True,False,False,False,True,False
450000,-0.7733475378133242,12,-0.9497306794086018,-0.3913552064675564,True,False,False,False,True,False,True,False,False,False,False,False,False,False
220000,0.0334267448202893,1,-0.24404172214965525,0.20740599667766357,False,False,False,True,True,False,True,False,False,False,False,False,False,False
310000,0.011966548902235183,7,0.22641758268964243,-0.10893152216801909,False,False,False,True,False,False,True,False,False,False,False,False,False,False
650000,-1.268937454288258,5,-1.4201899842478996,-1.0311743206855915,False,False,False,True,True,False,True,False,False,False,False,False,True,False
300000,-0.2187708959309783,7,-0.24404172214965525,-0.09207040668744969,False,False,False,True,False,False,True,False,False,False,False,False,False,False
200000,0.0334267448202893,5,-0.008812069730006403,0.047736342505604754,False,False,False,True,True,False,True,False,False,False,False,False,True,False
285000,-0.6802457855974052,4,0.22641758268964243,-0.8044525357415064,False,False,False,True,False,False,True,False,False,False,False,False,True,False
335000,-0.8186882524973332,4,-0.24404172214965525,-0.8044525357415064,False,False,False,True,False,False,True,False,False,False,False,False,True,False
370000,-0.3084611454660466,5,0.4616472351092913,-0.5221578905910552,False,False,False,True,True,False,True,False,True,False,False,False,True,False
375000,-0.6340982966307624,5,-0.008812069730006403,-0.6788723527351823,False,False,False,True,False,False,True,False,False,False,False,False,True,False
235000,-0.03418094006440751,5,0.9321065399485889,-0.44654901417348275,False,False,False,True,False,False,True,False,False,False,False,False,True,False
345000,-0.057254684547728855,5,-0.008812069730006403,-0.0509714377035618,False,False,False,True,False,False,False,False,False,False,False,False,True,False
365000,0.31192522718541266,6,-0.008812069730006403,0.35088514791667547,True,False,False,False,False,False,True,False,False,False,False,False,True,False
400000,-0.47368851854941063,5,-0.24404172214965525,-0.39477669905695756,False,False,False,True,True,False,True,False,False,False,False,False,True,False
250000,-0.8886010067609833,5,-0.4792713745693041,-0.8053558097851085,False,False,False,True,True,False,True,False,False,False,False,False,True,False
465000,0.03504029338555653,5,0.22641758268964243,-0.08574748838223617,True,False,False,False,False,False,False,False,False,False,False,False,True,False
300000,-1.3496148825516194,10,-0.9497306794086018,-1.332265668552902,False,False,False,True,True,False,True,False,False,False,False,False,True,False
655000,-1.0038544757086423,7,-1.1849603318282507,-0.6333036110037881,False,False,False,True,True,False,True,False,False,False,False,False,False,False
350000,-0.8886010067609833,7,-0.7145010269889529,-0.7049920271626715,False,False,False,False,True,False,True,False,True,False,False,False,False,False
500000,-0.42758713097034695,5,-0.4792713745693041,-0.2031731140504873,False,False,False,True,False,False,False,False,False,False,False,False,True,False
465000,-0.1264759179976929,5,-0.4792713745693041,0.19014251366858057,False,False,False,True,False,False,False,False,False,False,False,False,True,False
263000,0.0334267448202893,7,1.167336192368238,-0.4688419504039965,True,False,False,False,True,False,True,False,False,False,False,False,False,False
250000,0.4944406206109256,7,0.22641758268964243,0.37584870877126375,False,False,False,True,True,False,True,False,False,False,False,False,False,False
60000,0.4944406206109256,5,3.2844030641450774,-0.6663905723078882,False,False,False,True,True,False,True,True,False,False,False,False,True,False
70000,0.4944406206109256,5,1.8730251496271844,-0.3537187879841426,False,False,False,True,True,False,True,False,False,False,True,False,True,False
650000,1.6469753100875162,4,-0.9497306794086018,3.560468734290895,True,False,False,False,True,False,True,False,False,False,False,False,True,False
370000,0.26393368271560746,5,-0.24404172214965525,0.48112540382976404,True,False,False,False,True,False,True,False,True,False,False,False,True,False
509999,-0.6580940688656651,7,-0.7145010269889529,-0.37044608508788207,True,False,False,False,True,False,True,False,False,False,False,False,False,False
280000,-0.8194489253923878,7,0.4616472351092913,-0.9989145334140938,False,False,False,True,True,False,True,False,False,False,False,False,False,False
180000,-0.6580940688656651,7,0.6968768875289402,-0.9057195924075453,False,False,False,True,True,False,True,False,False,False,False,False,False,False
650000,-1.4418176577097468,3,-0.9497306794086018,-1.4828113424865572,False,False,False,True,True,False,True,False,False,False,False,False,True,False
200000,0.2178322951365438,5,0.6968768875289402,-0.14295484447702517,True,False,False,False,False,False,True,False,True,False,False,False,True,False
210000,0.07952813239935293,5,0.4616472351092913,-0.16016006435515712,True,False,False,False,False,False,True,False,False,False,True,False,True,False
75000,-1.3604948100202785,12,0.4616472351092913,-1.5037156846384876,False,False,False,True,False,False,True,False,False,False,False,False,False,False
450000,1.5363319798977635,13,0.4616472351092913,1.1990523060172733,True,False,False,False,False,False,True,False,False,False,False,False,False,True
220000,-0.24318158065409246,5,0.4616472351092913,-0.4612514122224677,False,False,False,True,False,False,True,False,True,False,False,False,True,False
325000,0.2178322951365438,5,-0.008812069730006403,0.24846390775047855,True,False,False,False,False,False,True,False,True,False,False,False,True,False
450000,-0.542840599918006,12,-1.1849603318282507,0.22695738290281348,False,False,False,True,True,False,True,False,False,False,False,False,False,False
825000,-0.7733475378133242,3,-0.9497306794086018,-0.3913552064675564,True,False,False,False,True,False,True,False,False,False,False,False,True,False
125000,0.1717309075574802,5,1.4025658447878866,-0.4373552735028398,False,False,False,True,False,False,True,False,False,False,True,False,True,False
434999,0.7249475585062437,6,-0.4792713745693041,1.3022836252860654,True,False,False,False,True,False,True,False,False,False,True,False,True,False
484999,0.7018968647167119,6,0.4616472351092913,0.42051610653179894,True,False,False,False,True,False,True,False,True,False,False,False,True,False
175000,0.26393368271560746,7,0.9321065399485889,-0.2031731140504873,True,False,False,False,True,False,True,False,False,False,True,False,False,False
220000,1.18596143429688,4,1.6377954972075355,0.19299971209071093,False,False,False,True,True,False,True,False,False,False,True,False,True,False
1250000,-1.5547660572784527,4,-1.6554196366675484,-1.6423897568562318,False,False,False,True,False,False,True,False,False,False,False,False,True,False
215000,-0.7963982316028559,7,-0.9497306794086018,-0.4289916249509702,False,False,False,True,False,False,True,False,False,False,False,False,False,False
625000,-0.012674642758774326,6,-0.24404172214965525,0.15266211524724344,True,False,False,False,False,False,True,False,False,False,False,False,True,False
615000,-1.2343614136039605,3,-1.1849603318282507,-1.063434107957089,True,False,False,False,True,False,True,False,False,False,False,False,True,False
130000,-0.24318158065409246,1,0.22641758268964243,-0.3652992244405775,True,False,False,False,False,False,True,False,False,False,False,False,False,False
175000,-0.4206719228334874,12,-0.008812069730006403,-0.4465552869098966,True,False,False,False,True,False,True,False,False,False,False,False,False,False
150000,0.0334267448202893,12,0.4616472351092913,-0.2031731140504873,True,False,False,False,True,False,True,False,True,False,False,False,False,False
195000,-0.19708019307502883,12,0.4616472351092913,-0.4182383625271378,True,False,False,False,True,False,True,False,False,False,True,False,False,False
550000,0.4944406206109256,7,-1.6554196366675484,3.71101440822455,True,False,False,False,True,False,True,False,False,False,False,False,False,False
1500000,-0.6580940688656651,9,-1.1849603318282507,0.011892134426163232,True,False,False,False,True,False,True,False,False,False,False,False,False,True
400000,0.26393368271560746,11,0.6968768875289402,-0.10280933142805053,False,False,False,True,True,False,True,False,True,False,False,False,True,False
1350000,-1.2343614136039605,8,-1.4201899842478996,-0.9559014837187637,True,False,False,False,True,False,True,False,False,False,False,False,True,False
217000,-0.542840599918006,7,-0.4792713745693041,-0.3537187879841426,False,False,False,True,True,False,True,False,False,False,False,False,False,False
290000,1.4164683721921982,7,0.4616472351092913,1.0872183768094152,True,False,False,False,True,False,True,False,True,False,False,False,False,False
700000,0.26393368271560746,6,-1.1849603318282507,1.7324141222393665,True,False,False,False,True,False,True,False,False,False,False,False,True,False
175000,-0.6580940688656651,7,-0.24404172214965525,-0.613752224778638,False,False,False,True,True,False,True,False,False,False,False,False,False,False
575000,0.26393368271560746,14,-0.9497306794086018,1.3022836252860654,True,False,False,False,True,False,True,False,False,False,False,False,True,False
380000,0.7249475585062437,7,-0.7145010269889529,1.636829567360855,True,False,False,False,True,False,True,False,True,False,False,False,False,False
350000,1.914916574697034,6,-0.008812069730006403,2.0957596906990514,True,False,False,False,True,False,True,False,True,False,False,False,True,False
450000,2.1079891858781528,10,0.22641758268964243,1.9971098126721671,True,False,False,False,True,False,True,False,False,False,False,False,True,False
130000,0.9554544964015619,5,1.8730251496271844,-0.05262744011683201,False,False,False,False,True,False,True,False,True,False,False,False,True,False
320000,0.14453108888583263,7,-0.4792713745693041,0.5441356113561775,True,False,False,False,True,False,True,False,False,False,False,False,False,False
550000,0.3100350702946711,6,-0.24404172214965525,0.5358692852601842,True,False,False,False,True,False,True,False,False,False,False,False,True,False
370000,-0.42758713097034695,7,-0.4792713745693041,-0.2031731140504873,False,False,False,True,True,False,True,False,True,False,False,False,False,False
114999,0.0334267448202893,1,0.6968768875289402,-0.30353689667292405,False,False,False,True,True,False,True,False,True,False,False,False,False,False
1100000,-1.5570711266574058,3,-1.6554196366675484,-1.648411583813578,False,False,False,True,True,False,True,False,False,False,False,False,True,False
170000,2.3384961237734707,5,1.6377954972075355,0.985345364373107,True,False,False,False,True,False,True,False,False,False,False,False,True,False
80000,1.8774822479828344,12,1.167336192368238,0.9480585101480532,True,False,False,False,True,False,True,False,False,False,True,False,False,False
950000,-1.1882600260248968,3,-1.4201899842478996,-0.8555377010963268,True,False,False,False,True,False,True,False,False,False,False,False,True,False
425000,1.8774822479828344,7,-0.24404172214965525,2.3971612538944673,True,False,False,False,True,False,True,False,False,False,False,False,False,False
500000,0.26393368271560746,5,-0.4792713745693041,0.7001009295514444,True,False,False,False,True,False,True,False,False,False,False,False,True,False
70000,2.3384961237734707,5,1.8730251496271844,0.8506466034850997,False,False,False,True,True,False,True,False,False,False,True,False,True,False
349000,1.18596143429688,4,-0.008812069730006403,1.3022836252860654,True,False,False,False,True,False,True,False,False,False,False,False,True,False
330000,0.4944406206109256,5,0.22641758268964243,0.37584870877126375,False,False,False,True,True,False,True,False,False,False,True,False,True,False
120000,0.4944406206109256,5,0.6968768875289402,0.09791823381682327,False,False,False,True,True,False,True,False,False,False,True,False,True,False
430000,0.7249475585062437,5,-0.008812069730006403,0.8004647121738815,True,False,False,False,True,False,True,False,True,False,False,False,True,False
390000,0.4944406206109256,7,-0.24404172214965525,0.7548448109818645,True,False,False,False,True,False,True,False,False,False,False,False,False,False
225000,1.3934176784026664,8,0.22641758268964243,1.2791227523731956,True,False,False,False,True,False,True,False,False,False,False,False,True,False
350000,2.7073072244059797,6,0.6968768875289402,2.024902860167611,True,False,False,False,True,False,False,False,True,False,False,False,True,False
100000,-0.040842590569582206,12,0.9321065399485889,-0.4519874766443361,True,False,False,False,True,False,True,False,False,False,False,False,False,False
190000,-0.42758713097034695,5,-0.24404172214965525,-0.3400328176265377,False,False,False,True,True,False,True,False,False,False,False,False,True,False
315000,0.9554544964015619,5,-0.24404172214965525,1.3022836252860654,True,False,False,False,True,False,True,False,True,False,False,False,True,False
300000,-0.19708019307502883,5,-0.4792713745693041,0.09791823381682327,True,False,False,False,True,False,True,False,True,False,False,False,True,False
280000,-0.6580940688656651,10,-0.7145010269889529,-0.37044608508788207,False,False,False,True,True,False,True,False,False,False,False,False,True,False
539000,-1.3496148825516194,12,-1.1849603318282507,-1.2784993564337392,False,False,False,True,True,False,True,False,False,False,False,False,False,False
420000,-0.42758713097034695,7,-0.9497306794086018,0.17319107078365092,False,False,False,True,True,False,True,False,False,False,False,False,False,False
85000,0.0334267448202893,7,2.8139437593057797,-0.8304467554407177,False,False,False,True,True,False,True,False,False,False,True,False,False,False
142000,0.10257882618888474,9,2.108254802046833,-0.6619789774673415,False,False,False,True,True,False,True,True,False,False,False,False,False,False
180000,0.1717309075574802,5,-0.24404172214965525,0.37163764096892377,False,False,False,True,True,False,True,False,True,False,False,False,True,False
400000,1.18596143429688,1,-0.24404172214965525,1.5760030324381662,True,False,False,False,True,False,True,False,True,False,False,False,False,False
360000,2.3384961237734707,6,0.9321065399485889,1.4904657177031346,True,False,False,False,True,False,False,False,False,False,True,False,True,False
85000,0.9554544964015619,5,2.343484454466482,-0.2031731140504873,False,False,False,True,True,False,True,False,True,False,False,False,True,False
350000,-0.11870783419062067,4,-0.7145010269889529,0.41239141936712537,False,False,False,True,True,False,True,False,False,False,False,False,True,False
380000,-1.0038544757086423,9,-0.4792713745693041,-0.9559014837187637,False,False,False,True,True,False,True,False,False,False,False,False,False,False
140000,0.26393368271560746,5,0.9321065399485889,-0.2031731140504873,False,False,False,True,True,False,True,False,False,False,True,False,True,False
200000,0.4944406206109256,7,0.22641758268964243,0.37584870877126375,False,False,False,True,True,False,True,False,False,False,False,False,False,False
150000,2.038837104509557,5,0.4616472351092913,1.6678945476963711,False,False,False,True,True,False,True,False,False,False,False,False,True,False
300000,0.7249475585062437,6,1.4025658447878866,-0.0359001430130925,True,False,False,False,True,False,True,False,True,False,False,False,True,False
280000,-0.42758713097034695,10,-0.9497306794086018,0.17319107078365092,False,False,False,True,True,False,True,False,False,False,False,False,True,False
200000,-0.6580940688656651,7,0.4616472351092913,-0.8483688594804384,False,False,False,True,True,False,True,False,False,False,False,False,False,False
110000,-0.6926701095499629,1,0.9321065399485889,-0.9841287975813241,False,False,False,True,True,False,True,False,True,False,False,False,False,False
140000,0.815329328854998,5,1.167336192368238,0.13194155612582936,False,False,False,True,True,False,True,False,True,False,False,False,True,False
1150000,-1.2383952850171285,4,-1.1849603318282507,-1.0709613916537717,False,False,False,True,False,False,True,False,False,False,False,False,True,False
910000,-0.5802518759384162,4,-0.7145010269889529,-0.2574699204492255,True,False,False,False,False,False,True,False,False,False,False,False,True,False
160000,0.7781255090786936,3,0.6968768875289402,0.34495364836368925,True,False,False,False,False,False,True,False,False,False,False,False,True,False
105000,0.24088298892607563,7,2.108254802046833,-0.5759528780766813,False,False,False,True,True,False,True,False,True,False,False,False,False,False
70000,0.4944406206109256,7,2.108254802046833,-0.4182383625271378,False,False,False,True,True,False,True,True,False,False,False,False,False,False
160000,0.9554544964015619,1,0.22641758268964243,0.8390661670286645,True,False,False,False,True,False,True,False,False,False,False,False,False,False
225000,0.26393368271560746,1,-0.008812069730006403,0.2986457990616971,True,False,False,False,True,False,True,False,False,False,False,False,False,False
145000,0.7249475585062437,4,2.578714106886131,-0.3995370365726463,False,False,False,True,True,False,True,False,False,False,False,False,True,False
930000,-1.1191079446563015,3,-1.1849603318282507,-0.8483688594804384,True,False,False,False,True,False,True,False,False,False,False,False,True,False
110000,1.9696850231409617,5,1.167336192368238,1.0189035331756553,True,False,False,False,True,False,True,False,False,False,True,False,True,False
650000,-0.6580940688656651,10,-0.9497306794086018,-0.2031731140504873,True,False,False,False,True,False,True,False,False,False,False,False,True,False
550000,-0.40453643718081517,7,-1.4201899842478996,0.8506466034850997,False,False,False,True,True,False,True,False,False,False,False,False,False,False
85000,1.18596143429688,7,1.167336192368238,0.4167208374410345,False,False,False,True,True,False,True,False,True,False,False,False,False,False
509999,-0.7733475378133242,13,-0.7145010269889529,-0.5377190561252768,False,False,False,True,True,False,True,False,False,False,False,False,False,True
650000,0.0334267448202893,7,-0.9497306794086018,0.9259194404519273,True,False,False,False,True,False,True,False,False,False,False,False,False,False
140000,-0.19708019307502883,1,0.4616472351092913,-0.4182383625271378,False,False,False,True,True,False,True,False,True,False,False,False,False,False
150000,0.0334267448202893,7,0.4616472351092913,-0.2031731140504873,False,False,False,True,True,False,True,False,False,False,False,False,False,False
450000,-1.3496148825516194,9,-1.1849603318282507,-1.2784993564337392,False,False,False,True,True,False,True,False,True,False,False,False,False,False
170000,3.563834124514915,5,1.6377954972075355,1.8277419068188752,True,False,False,False,True,False,True,True,False,False,False,False,True,False
400000,-0.19708019307502883,10,-0.9497306794086018,0.5495552556177892,False,False,False,True,True,False,True,False,False,False,False,False,True,False
300000,-0.8886010067609833,12,-0.7145010269889529,-0.7049920271626715,False,False,False,True,True,False,True,False,False,False,False,False,False,False
250000,-1.3957162701306831,7,0.22641758268964243,-1.5233428700840799,False,False,False,True,True,False,True,False,False,False,False,False,False,False
500000,-1.3496148825516194,12,-1.4201899842478996,-1.2068109402748557,False,False,False,True,True,False,True,False,False,False,False,False,False,False
85000,0.7249475585062437,5,2.578714106886131,-0.3995370365726463,True,False,False,False,True,False,True,False,False,False,True,False,True,False
300000,0.9554544964015619,8,0.22641758268964243,0.8390661670286645,True,False,False,False,True,False,True,False,False,False,False,False,True,False
740000,-0.542840599918006,6,-0.4792713745693041,-0.3537187879841426,True,False,False,False,False,False,False,False,False,False,False,False,True,False
70000,-0.0011492958640084191,5,1.8730251496271844,-0.6773919869415014,False,False,False,True,False,False,True,False,False,False,False,False,True,False
484999,-1.464706996642752,5,-1.4201899842478996,-1.4573691235917694,False,False,False,True,False,False,False,False,False,False,False,False,True,False
164000,-0.8886010067609833,8,-0.008812069730006403,-0.9559014837187637,False,False,False,True,True,False,True,False,False,False,False,False,True,False
140000,0.0334267448202893,4,1.167336192368238,-0.4688419504039965,False,False,False,True,True,False,False,False,False,False,False,False,True,False
999000,-0.4368074084861597,9,0.4616472351092913,-0.6419062209428542,True,False,False,False,False,False,False,False,False,False,False,True,False,False
56000,-1.049955863287706,7,1.8730251496271844,-1.362374803339633,False,False,False,True,True,False,True,False,True,False,False,False,False,False
1050000,-0.8886010067609833,9,1.6377954972075355,-1.2332224620176024,True,False,False,False,False,False,False,False,False,False,False,True,False,False
190000,-0.7041954564447287,5,0.6968768875289402,-0.9458651054565199,False,False,False,True,False,False,True,False,False,False,False,False,True,False
2675000,-1.0730065570772378,0,-1.1849603318282507,-0.7623427600897784,True,False,False,False,False,False,False,False,False,False,False,True,False,False
235000,-0.5866369181181165,5,0.4616472351092913,-0.7816986324526769,False,False,False,True,False,False,True,False,False,False,False,False,True,False
350000,-1.3456732139136096,9,-0.9497306794086018,-1.3258298409922382,False,False,False,True,False,False,True,False,False,False,False,False,False,False
465000,-0.6322081397400209,10,-0.4792713745693041,-0.4704519035522988,True,False,False,False,False,False,True,False,False,False,False,False,True,False
1900000,-1.1163879627891367,13,-0.9497306794086018,-0.9514603863377209,False,False,False,True,False,False,False,False,False,False,False,False,False,True
450000,-0.6580940688656651,4,-0.24404172214965525,-0.613752224778638,True,False,False,False,False,False,True,False,False,False,False,False,True,False
790000,-0.3695685347020954,14,-0.4792713745693041,-0.12738842179228527,True,False,False,False,False,False,True,False,False,False,False,False,True,False
900000,-1.1191079446563015,6,-1.4201899842478996,-0.7049920271626715,True,False,False,False,True,False,True,False,False,False,False,False,True,False
450000,0.7045937958900871,3,-0.24404172214965525,1.0043947944824347,True,False,False,False,False,False,True,False,False,False,False,False,True,False
135000,0.4944406206109256,1,0.9321065399485889,-0.014991021633418186,False,False,False,True,True,False,True,False,False,False,False,False,False,False
425000,-1.49483425342567,7,-1.4201899842478996,-1.5229568555355317,False,False,False,True,True,False,True,False,False,False,False,False,False,False
100000,0.26393368271560746,12,0.6968768875289402,-0.10280933142805053,True,False,False,False,True,False,True,False,False,False,False,False,False,False
650000,0.7249475585062437,3,-0.4792713745693041,1.3022836252860654,True,False,False,False,True,False,True,False,True,False,False,False,True,False
90000,-0.3353843558122197,12,0.4616472351092913,-0.5472775116131279,True,False,False,False,True,False,True,False,False,False,False,False,False,False
250000,-1.142158638445833,5,-0.9497306794086018,-0.9935379022021775,False,False,False,True,True,False,True,False,False,False,False,False,True,False
300000,1.18596143429688,7,-0.24404172214965525,1.5760030324381662,True,False,False,False,True,False,True,False,False,False,False,False,False,False
275000,-0.8886010067609833,7,-0.24404172214965525,-0.8874716319307385,False,False,False,True,True,False,True,False,False,False,False,False,False,False
600000,-0.5774166406023038,4,-0.9497306794086018,-0.07144564935853892,False,False,False,True,True,False,True,False,False,False,False,False,True,False
270000,-0.19708019307502883,10,-0.7145010269889529,0.2986457990616971,False,False,False,True,True,False,True,False,True,False,False,False,True,False
240000,0.0334267448202893,10,-0.7145010269889529,0.6331917411364864,False,False,False,True,True,False,True,False,True,False,False,False,True,False
350000,-1.1191079446563015,10,-0.7145010269889529,-1.0395379692374611,False,False,False,True,True,False,True,False,False,False,False,False,True,False
65000,-0.19708019307502883,7,3.5196327165647263,-1.0395379692374611,False,False,False,True,False,False,True,False,False,False,True,False,False,False
650000,-0.24318158065409246,7,-0.4792713745693041,0.03769996424336116,True,False,False,False,True,False,True,False,False,False,False,False,False,False
350000,-0.6580940688656651,7,-0.24404172214965525,-0.613752224778638,False,False,False,True,False,False,True,False,False,False,False,False,False,False
75000,0.0334267448202893,7,1.8730251496271844,-0.6548101358514531,False,False,False,True,True,False,True,False,True,False,False,False,False,False
440000,0.0334267448202893,5,0.22641758268964243,-0.08736874948613703,True,False,False,False,False,False,True,False,False,False,False,False,True,False
270000,-0.19708019307502883,5,-0.008812069730006403,-0.2031731140504873,False,False,False,True,True,False,True,False,False,False,False,False,True,False
1150000,1.5317218411398572,13,-0.24404172214965525,1.9865821431663166,True,False,False,False,False,False,True,False,False,False,False,False,False,True
238000,0.0334267448202893,7,-0.4792713745693041,0.39900958168413386,False,False,False,True,False,False,True,False,False,False,False,False,False,False
1100000,-0.6580940688656651,9,-0.008812069730006403,-0.7049920271626715,False,False,False,True,True,False,False,False,True,False,False,True,False,False
1200000,0.14868021376794838,6,-0.4792713745693041,0.5495552556177892,True,False,False,False,False,False,True,False,True,False,False,False,True,False
260000,1.8774822479828344,11,0.6968768875289402,1.3022836252860654,True,False,False,False,True,False,True,False,False,False,False,False,True,False
350000,1.6469753100875162,13,0.22641758268964243,1.533892354414766,True,False,False,False,True,False,True,False,False,False,True,False,False,True
480000,0.0334267448202893,13,-0.4792713745693041,0.39900958168413386,True,False,False,False,True,False,True,False,False,False,False,False,False,True
345000,1.5835859021663037,13,0.22641758268964243,1.4701999539043735,True,False,False,False,True,False,True,False,True,False,False,False,False,True
500000,0.9554544964015619,6,-0.008812069730006403,1.0513741687299731,True,False,False,False,True,False,True,False,True,False,False,False,True,False
595000,-0.9577530881295787,5,-0.9497306794086018,-0.6924465543348669,False,False,False,True,False,False,True,False,False,False,False,False,True,False
1295000,-1.3726655763411513,5,-1.4201899842478996,-1.2569928315860743,True,False,False,False,False,False,True,False,False,False,False,False,True,False
1350000,-1.4556480739834659,14,-1.4201899842478996,-1.4376476403064606,True,False,False,False,False,False,True,False,False,True,False,False,True,False
541000,-1.5570711266574058,10,-1.6554196366675484,-1.648411583813578,False,False,False,True,False,False,True,False,False,True,False,False,True,False
515000,-1.2113107198144286,5,-1.1849603318282507,-1.0204210582617588,False,False,False,True,False,False,True,False,False,False,False,False,True,False
894999,-1.2804628011830241,3,-1.4201899842478996,-1.0562652663412007,True,False,False,False,False,False,True,False,False,True,False,False,True,False
325000,-0.4967392123389424,10,0.22641758268964243,-0.6200688264821481,True,False,False,False,False,False,True,False,False,False,False,False,True,False
925000,-1.0730065570772378,7,-1.1849603318282507,-0.7623427600897784,False,False,False,True,True,False,True,False,False,False,False,False,False,False
844999,-0.8886010067609833,8,-0.9497306794086018,-0.5795372988846255,False,False,False,True,True,False,True,False,False,False,False,False,True,False
925000,-1.1191079446563015,7,-1.1849603318282507,-0.8483688594804384,False,False,False,True,True,False,True,False,False,False,False,False,False,False
300000,-0.19708019307502883,12,-0.008812069730006403,-0.2031731140504873,True,False,False,False,True,False,True,False,False,False,False,False,False,False
650000,0.14868021376794838,13,1.167336192368238,-0.38028567161949345,False,False,False,True,True,False,True,False,True,False,False,False,False,True
175000,-0.10487741791690158,7,0.6968768875289402,-0.42397343581984825,False,False,False,True,False,False,True,False,False,False,False,False,False,False
325000,0.26393368271560746,7,-0.4792713745693041,0.7001009295514444,True,False,False,False,True,False,True,False,False,False,False,False,False,False
600000,0.4944406206109256,10,-0.9497306794086018,1.6786478101202038,True,False,False,False,True,False,True,False,False,False,False,False,True,False
700000,-0.8886010067609833,7,-1.1849603318282507,-0.4182383625271378,False,False,False,True,True,False,True,False,False,False,False,False,False,False
95000,1.18596143429688,13,2.343484454466482,-0.06631341047443691,False,False,False,True,True,False,False,False,True,False,False,False,False,True
490000,-1.1191079446563015,7,-1.4201899842478996,-0.7049920271626715,False,False,False,True,False,False,True,False,False,False,False,False,False,False
380000,0.7249475585062437,12,-0.008812069730006403,0.8004647121738815,True,False,False,False,True,False,True,False,False,False,False,False,False,False
550000,-0.8655503129714515,5,-1.1849603318282507,-0.37522531283180766,False,False,False,True,False,False,True,False,False,False,False,False,True,False
225000,-0.4967392123389424,7,-0.008812069730006403,-0.5293554075734072,False,False,False,True,False,False,True,False,False,False,False,False,False,False
570000,-1.3219540500041813,12,-1.1849603318282507,-1.2268836967993433,False,False,False,True,True,False,True,False,False,False,False,False,False,False
305000,-0.7733475378133242,7,-1.1849603318282507,-0.2031731140504873,False,False,False,True,False,False,True,False,False,False,False,False,False,False
240000,-0.42758713097034695,7,0.6968768875289402,-0.7049920271626715,False,False,True,False,False,False,True,False,False,False,False,False,False,False
700000,-0.3123336620226879,7,-0.4792713745693041,-0.05262744011683201,True,False,False,False,False,False,True,False,False,False,False,False,False,False
288000,-1.1191079446563015,7,-1.1849603318282507,-0.8483688594804384,False,False,False,True,False,False,True,False,False,False,False,False,False,False
800000,0.14868021376794838,6,-0.9497306794086018,1.1141015328689965,True,False,False,False,False,False,True,False,False,False,False,False,True,False
430000,0.563592701979521,7,-0.9497306794086018,1.7915570655704451,False,False,False,True,False,False,True,False,False,False,False,False,False,False
195000,-0.2662322744436243,1,0.9321065399485889,-0.6359919266097462,True,False,False,False,False,False,True,False,True,False,False,False,False,False
325000,-0.8886010067609833,7,-0.24404172214965525,-0.8874716319307385,False,False,False,True,False,False,True,False,False,False,False,False,False,False
450000,0.10257882618888474,10,-0.008812069730006403,0.1230091794724324,True,False,False,False,False,False,True,False,False,False,False,False,True,False
630000,-0.08182672412736977,7,-0.7145010269889529,0.4659187700990919,True,False,False,False,False,False,True,False,False,False,False,False,False,False
250000,-0.1509788054959652,7,0.9321065399485889,-0.5419008804012116,False,False,False,True,False,False,True,False,True,False,False,False,False,False
135000,0.3791871516632665,5,1.4025658447878866,-0.28680959956918456,False,False,False,True,False,False,True,False,False,False,False,False,True,False
110000,0.10257882618888474,1,0.6968768875289402,-0.24331862709946195,False,False,False,True,True,False,True,False,False,False,False,False,False,False
350000,-0.3123336620226879,7,0.22641758268964243,-0.43478184317918783,True,False,False,False,False,False,True,False,False,False,False,False,False,False
240000,-1.446427796467653,7,-0.7145010269889529,-1.5145932069836623,False,False,False,True,True,False,True,False,True,False,False,False,False,False
350000,3.563834124514915,13,0.9321065399485889,2.4908116118574846,True,False,False,False,True,False,True,False,False,False,False,False,False,True
600000,-0.8886010067609833,7,-1.1849603318282507,-0.4182383625271378,False,False,False,True,True,False,True,False,False,False,False,False,False,False
750000,-1.1191079446563015,7,-1.1849603318282507,-0.8483688594804384,True,False,False,False,True,False,True,False,False,False,False,False,False,False
270000,-1.1191079446563015,5,-1.1849603318282507,-0.8483688594804384,False,False,False,True,True,False,True,False,False,False,False,False,True,False
90000,0.7249475585062437,7,1.4025658447878866,-0.0359001430130925,False,False,False,True,True,False,True,False,True,False,False,False,False,False
350000,-0.08182672412736977,7,-0.008812069730006403,-0.07771838577244113,False,False,False,True,True,False,True,False,False,False,False,False,False,False
285000,0.4944406206109256,3,-0.008812069730006403,0.5495552556177892,True,False,False,False,True,False,True,False,True,False,False,False,True,False
665000,3.563834124514915,13,0.4616472351092913,3.0907318211781303,True,False,False,False,True,False,True,False,True,False,False,False,False,True
175000,3.563834124514915,6,1.8730251496271844,1.6509233188085797,True,False,False,False,True,False,True,False,True,False,False,False,True,False
350000,1.6469753100875162,6,0.4616472351092913,1.3022836252860654,True,False,False,False,True,False,True,False,True,False,False,False,True,False
1225000,-1.0730065570772378,4,-1.1849603318282507,-0.7623427600897784,False,False,False,True,False,False,False,False,False,False,False,False,True,False
285000,-0.19708019307502883,4,0.6968768875289402,-0.5042644619177978,False,False,False,True,False,False,True,False,True,False,False,False,True,False
1000000,-0.9200652037836942,4,-1.1849603318282507,-0.47695117536126325,False,False,False,True,False,False,True,False,False,False,False,False,True,False
780000,-0.839871840089913,4,-1.1849603318282507,-0.32730877547121,True,False,False,False,False,False,True,False,False,False,False,False,True,False
300000,0.3100350702946711,7,-0.24404172214965525,0.5358692852601842,False,False,False,True,False,False,True,False,True,False,False,False,False,False
160000,0.6131286429332249,7,1.6377954972075355,-0.20081192400668588,False,False,False,True,False,False,True,False,True,False,False,False,False,False
625000,-0.0021174250031687552,4,-1.1849603318282507,1.2359575026558667,False,False,False,True,False,False,True,False,False,False,False,False,True,False
265000,-0.6119926812866014,7,0.6968768875289402,-0.8655740793585706,False,False,False,True,True,False,True,False,False,False,False,False,False,False
515000,0.4944406206109256,4,-0.24404172214965525,0.7548448109818645,True,False,False,False,True,False,True,False,True,False,False,False,True,False
650000,0.7249475585062437,5,-0.7145010269889529,1.636829567360855,True,False,False,False,True,False,True,False,False,False,False,False,True,False
650000,0.26393368271560746,6,-0.9497306794086018,1.3022836252860654,True,False,False,False,True,False,True,False,False,False,False,False,True,False
150000,0.8527867062629871,5,0.6968768875289402,0.40996930674650384,False,False,False,True,True,False,True,False,False,False,False,False,True,False
500000,-1.3496148825516194,13,-1.1849603318282507,-1.2784993564337392,False,False,False,True,True,False,True,False,False,False,False,False,False,True
1000000,0.26393368271560746,13,0.22641758268964243,0.1442399796425635,True,False,False,False,True,False,True,False,True,False,False,False,False,True
340000,-0.7733475378133242,5,-0.008812069730006403,-0.8304467554407177,False,False,False,True,True,False,True,False,False,False,False,False,True,False
1010000,1.18596143429688,13,-0.008812069730006403,1.3022836252860654,True,False,False,False,True,False,True,False,False,False,False,False,False,True
350000,1.18596143429688,13,0.4616472351092913,0.8721531283327645,True,False,False,False,True,False,True,False,False,False,True,False,False,True
595000,0.0334267448202893,7,-0.7145010269889529,0.6331917411364864,True,False,False,False,True,False,True,False,False,False,False,False,False,False
700000,1.4164683721921982,6,-0.24404172214965525,1.8497224395902665,True,False,False,False,True,False,True,False,False,False,True,False,True,False
265000,-0.6580940688656651,10,-1.4201899842478996,0.2986457990616971,False,False,False,True,True,False,True,False,False,False,False,False,True,False
320000,-0.19708019307502883,7,-0.4792713745693041,0.09791823381682327,False,False,False,True,True,False,True,False,True,False,False,False,False,False
310000,0.9554544964015619,4,0.4616472351092913,0.6570878798561143,False,False,False,True,True,False,True,False,False,False,False,False,True,False
700000,1.4164683721921982,4,-0.24404172214965525,1.8497224395902665,True,False,False,False,True,False,True,False,False,False,False,False,True,False
130000,0.26393368271560746,7,0.9321065399485889,-0.2031731140504873,False,False,False,True,True,False,True,False,True,False,False,False,False,False
150000,1.18596143429688,7,0.9321065399485889,0.5495552556177892,True,False,False,False,True,False,True,False,True,False,False,False,False,False
300000,0.817150333664371,4,-0.4792713745693041,1.4227201644329897,True,False,False,False,True,False,True,False,True,False,False,False,True,False
150000,0.7249475585062437,7,0.4616472351092913,0.442022631379464,False,False,False,True,True,False,True,False,True,False,False,False,False,False
120000,1.4704761477410713,4,2.343484454466482,0.10261252164948177,False,False,False,True,True,False,True,False,True,False,False,False,True,False
950000,0.4944406206109256,5,-0.7145010269889529,1.3022836252860654,True,False,False,False,True,False,True,False,True,False,False,False,True,False
100000,-0.19708019307502883,7,1.4025658447878866,-0.7049920271626715,False,False,False,True,True,False,True,False,True,False,False,False,False,False
450000,0.1717309075574802,4,-0.4792713745693041,0.5796643904045202,True,False,False,False,True,False,True,False,False,False,False,False,True,False
30000,-0.19708019307502883,7,2.108254802046833,-0.8483688594804384,False,False,False,True,True,False,True,False,False,False,True,False,False,False
200000,-0.8886010067609833,6,0.9321065399485889,-1.1440835761358328,False,False,False,True,True,False,True,False,True,False,False,False,True,False
250000,0.6327447833481165,12,0.6968768875289402,0.2183547729637475,True,False,False,False,True,False,True,False,True,False,False,False,False,False
280000,-0.9777149889513133,7,-0.4792713745693041,-0.9217577248706107,False,False,False,True,False,False,True,False,False,False,False,False,False,False
260000,-0.3608553724496524,7,0.4616472351092913,-0.5710422215697978,True,False,False,False,False,False,True,False,False,False,False,False,False,False
550000,-0.6045242564987932,5,-0.008812069730006403,-0.6466806694590358,True,False,False,False,False,False,True,False,True,False,False,False,True,False
1044999,-0.08182672412736977,6,-0.7145010269889529,0.4659187700990919,True,False,False,False,False,False,True,False,False,False,False,False,True,False
550000,-0.19164022934069933,6,0.22641758268964243,-0.31351151260740007,True,False,False,False,False,False,True,False,False,False,False,False,True,False
210000,0.0334267448202893,7,-0.24404172214965525,0.20740599667766357,False,False,False,True,True,False,True,False,True,False,False,False,False,False
210000,0.0334267448202893,7,-0.24404172214965525,0.20740599667766357,False,False,False,True,True,False,True,False,False,False,True,False,False,False
290000,0.7249475585062437,6,0.9321065399485889,0.17319107078365092,True,False,False,False,True,False,True,False,True,False,False,False,True,False
250999,0.9554544964015619,2,1.167336192368238,0.23960827987202835,True,False,False,False,True,False,True,False,False,False,False,False,False,False
600000,-1.34269967441476,10,-1.4201899842478996,-1.1917563728814902,False,False,False,True,True,False,True,False,False,False,False,False,True,False
270000,1.18596143429688,2,-0.24404172214965525,1.5760030324381662,True,False,False,False,True,False,True,False,True,False,False,False,False,False
550000,1.6930766976665799,12,0.22641758268964243,1.5802141002405063,True,False,False,False,True,False,True,False,False,False,False,False,False,False
800000,-1.0038544757086423,6,-0.9497306794086018,-0.7677193913016946,True,False,False,False,True,False,True,False,False,False,False,False,True,False
500000,-1.4648683514992786,12,-1.6554196366675484,-1.4075385055197296,False,False,False,True,True,False,True,False,False,False,False,False,False,False
396000,-0.9198807982333779,5,-0.7145010269889529,-0.7503899115022205,False,False,False,True,False,False,True,False,False,False,False,False,True,False
600000,-0.42758713097034695,4,-0.24404172214965525,-0.3400328176265377,True,False,False,False,True,False,True,False,False,False,False,False,True,False
575000,-0.8886010067609833,7,-1.4201899842478996,-0.2031731140504873,False,False,False,True,False,False,True,False,False,False,False,False,False,False
520000,-1.4648683514992786,5,-1.6554196366675484,-1.4075385055197296,False,False,False,True,True,False,True,False,False,False,False,False,True,False
1400000,-0.8886010067609833,6,-1.1849603318282507,-0.4182383625271378,True,False,False,False,True,False,False,False,False,False,False,False,True,False
600000,-1.404936547646496,7,-1.1849603318282507,-1.3817306757025316,False,False,False,True,True,False,False,False,False,False,False,False,False,False
195000,-0.49090738681019086,1,-0.008812069730006403,-0.523007398322538,True,False,False,False,False,False,True,False,False,False,False,False,False,False
281000,-1.4779611455717327,7,-0.4792713745693041,-1.575186168012248,False,False,False,True,False,False,False,False,True,False,False,False,False,False
75000,0.9554544964015619,12,0.6968768875289402,0.4993733643065706,False,False,False,True,True,False,True,False,True,False,False,False,False,False
400000,-1.0038544757086423,5,-0.24404172214965525,-1.024331335506789,False,False,False,True,True,False,True,False,False,False,False,False,True,False
93000,0.0334267448202893,12,0.9321065399485889,-0.3913552064675564,True,False,False,False,True,False,True,False,True,False,False,False,False,False
560000,-0.0006191299068491874,5,-0.7145010269889529,0.5837793054920402,False,False,False,True,False,False,True,False,False,False,False,False,True,False
400000,-1.4648683514992786,5,-1.4201899842478996,-1.457720396830948,False,False,False,True,True,False,True,False,False,False,False,False,True,False
459999,-0.6580940688656651,12,-1.1849603318282507,0.011892134426163232,False,False,False,True,True,False,True,False,False,False,False,False,False,False
450000,-0.5889419874970697,5,-0.9497306794086018,-0.09026385860024583,True,False,False,False,True,False,True,False,False,False,False,False,True,False
88000,0.2697194068567799,7,0.6968768875289402,-0.09777106954040413,False,False,False,False,False,False,True,False,True,False,False,False,False,False
250000,-0.7848728847080901,5,0.6968768875289402,-1.0161197532922257,False,False,False,True,True,False,True,False,True,False,False,False,True,False
22000,-0.5948660158009793,3,3.0491734117254286,-1.1938479541113418,False,False,False,True,False,False,True,False,False,False,True,False,True,False
130000,0.5843383263900996,1,-0.008812069730006403,0.6474099436746651,True,False,False,False,True,False,True,False,True,False,False,False,False,False
79000,0.26393368271560746,7,2.108254802046833,-0.5616151948449046,False,False,False,True,True,False,True,False,False,False,False,False,False,False
120000,0.9554544964015619,1,0.22641758268964243,0.8390661670286645,True,False,False,False,True,False,True,False,False,False,False,False,False,False
1700000,0.7249475585062437,9,0.4616472351092913,0.442022631379464,True,False,False,False,True,False,False,False,True,False,False,True,False,False
300000,-1.0038544757086423,1,0.22641758268964243,-1.1296080305652891,True,False,False,False,True,False,True,False,False,False,False,False,False,False
145000,-1.0038544757086423,7,0.9321065399485889,-1.2381746223443673,False,False,False,True,True,False,True,False,False,False,False,False,False,False
2675000,-1.1191079446563015,3,-1.4201899842478996,-0.7049920271626715,True,False,False,False,True,False,False,False,False,False,False,False,True,False
240000,-1.3496148825516194,1,-0.008812069730006403,-1.457720396830948,False,False,False,True,True,False,True,False,False,False,False,False,False,False
700000,-0.8886010067609833,4,-1.1849603318282507,-0.4182383625271378,True,False,False,False,True,False,True,False,False,False,False,False,True,False
145000,0.9554544964015619,5,0.6968768875289402,0.4993733643065706,False,False,False,True,True,False,True,False,True,False,False,False,True,False
535000,0.26393368271560746,7,-0.24404172214965525,0.48112540382976404,True,False,False,False,True,False,True,False,True,False,False,False,False,False
420000,-1.0960572508667696,6,-0.7145010269889529,-1.006083375029982,False,False,False,True,True,False,True,False,False,False,False,False,True,False
350000,-1.1191079446563015,7,-0.7145010269889529,-1.0395379692374611,False,False,False,True,True,False,True,False,False,False,False,False,False,False
550000,-0.8424996191819196,7,-0.4792713745693041,-0.7451375402116464,True,False,False,False,True,False,True,False,False,False,False,False,False,False
750000,2.5690030616687887,9,1.4025658447878866,1.3022836252860654,True,False,False,False,True,False,True,False,False,False,False,False,False,True
198000,0.0334267448202893,12,0.22641758268964243,-0.08736874948613703,True,False,False,False,True,False,True,False,True,False,False,False,False,False
420000,-0.42758713097034695,5,-0.008812069730006403,-0.45408257060657936,True,False,False,False,True,False,True,False,False,False,False,False,True,False
195000,1.18596143429688,3,2.108254802046833,0.011892134426163232,True,False,False,False,True,False,True,False,False,False,False,False,True,False
150000,-0.2946768305799065,5,0.22641758268964243,-0.4170406145279293,False,False,False,True,True,False,True,False,True,False,False,False,True,False
275000,-0.6580940688656651,8,0.4616472351092913,-0.8483688594804384,False,False,False,True,True,False,True,False,True,False,False,False,True,False
65000,-0.19708019307502883,7,2.8139437593057797,-0.9559014837187637,False,False,False,True,True,False,True,False,False,False,True,False,False,False
200000,-0.42758713097034695,7,1.167336192368238,-0.823067065542009,False,False,False,True,True,False,True,False,False,False,False,False,False,False
250000,0.9554544964015619,7,0.6968768875289402,0.4993733643065706,True,False,False,False,True,False,True,False,True,False,False,False,False,False
182000,0.7249475585062437,12,-0.008812069730006403,0.8004647121738815,True,False,False,False,True,False,True,False,False,False,False,False,False,False
85000,0.40223784545279834,7,2.8139437593057797,-0.6297191901958439,False,False,False,True,True,False,True,False,True,False,False,False,False,False
400000,-0.42758713097034695,7,-0.008812069730006403,-0.45408257060657936,True,False,False,False,True,False,True,False,False,False,False,False,False,False
650000,-1.1191079446563015,7,-0.9497306794086018,-0.9559014837187637,True,False,False,False,True,False,True,False,False,False,False,False,False,False
400000,-0.42758713097034695,5,0.6968768875289402,-0.7049920271626715,False,False,False,True,True,False,True,False,False,False,False,False,True,False
295000,0.26393368271560746,12,0.22641758268964243,0.1442399796425635,True,False,False,False,True,False,True,False,True,False,False,False,False,False
60000,1.5317218411398572,7,1.6377954972075355,0.43070340777542965,False,False,True,False,True,False,True,True,False,False,False,False,False,False
110000,1.18596143429688,7,2.343484454466482,-0.06631341047443691,True,False,False,False,True,False,True,False,False,False,True,False,False,False
550000,1.0384369940438765,2,-0.4792713745693041,1.711767858385608,True,False,False,False,True,False,True,False,False,False,False,False,False,False
190000,0.0334267448202893,5,1.167336192368238,-0.4688419504039965,False,False,False,True,True,False,True,False,False,False,True,False,True,False
861999,-1.1191079446563015,3,-1.1849603318282507,-0.8483688594804384,True,False,False,False,False,False,True,False,False,False,False,False,True,False
782000,-1.2574121073934923,3,-1.1849603318282507,-1.106447157652419,False,False,False,True,False,False,True,False,False,False,False,False,True,False
836000,-0.9808037819191106,3,-1.1849603318282507,-0.590290561308458,True,False,False,False,False,False,True,False,False,False,False,False,True,False
696000,1.6221958142637696,4,-0.7145010269889529,2.939049646886973,False,False,False,True,False,False,True,False,False,False,False,False,True,False
596000,1.226622858141614,4,-0.7145010269889529,2.364935355692427,True,False,False,False,False,False,True,False,False,False,False,False,True,False
612000,0.8500897750896119,4,-0.7145010269889529,1.8184545593132584,False,False,False,True,False,False,True,False,False,False,False,False,True,False
114999,-0.7733475378133242,7,-0.4792713745693041,-0.6548101358514531,False,False,False,True,True,False,True,False,False,False,False,False,False,False
340000,-0.19708019307502883,12,-0.9497306794086018,0.5495552556177892,True,False,False,False,True,False,True,False,False,False,False,False,False,False
550000,-1.4648683514992786,7,-1.6554196366675484,-1.4075385055197296,False,False,False,True,True,False,True,False,False,False,False,False,False,False
114999,0.0334267448202893,1,1.167336192368238,-0.4688419504039965,False,False,False,True,True,False,True,False,False,False,True,False,False,False
105000,0.26393368271560746,7,3.0491734117254286,-0.7451375402116464,False,False,False,True,True,False,True,False,False,False,False,False,False,False
890000,-1.1191079446563015,7,-1.4201899842478996,-0.7049920271626715,True,False,False,False,True,False,True,False,False,False,False,False,False,False
715000,-1.3957162701306831,12,-1.4201899842478996,-1.3071747228972928,False,False,False,True,True,False,True,False,False,False,False,False,False,False
525000,-0.3353843558122197,5,-0.24404172214965525,-0.23054505476569737,False,False,False,True,False,False,True,False,True,False,False,False,True,False
475000,-1.0471436786453832,5,-0.24404172214965525,-1.0757358401699533,False,False,False,True,False,False,True,False,True,False,False,False,True,False
349000,-0.554365946812772,1,0.22641758268964243,-0.6779710087643233,True,False,False,False,False,False,True,False,True,False,False,False,False,False
825000,-1.2666554356030946,14,-0.9497306794086018,-1.1968121984310955,False,False,False,True,False,False,False,False,False,False,False,False,True,False
550000,0.7249475585062437,6,-0.24404172214965525,1.0285642181339647,True,False,False,False,True,False,True,False,True,False,False,False,True,False
95000,0.9554544964015619,7,1.6377954972075355,0.03453058163423169,False,False,False,True,True,False,True,False,False,False,True,False,False,False
725000,0.4944406206109256,13,-0.24404172214965525,0.7548448109818645,True,False,False,False,True,False,True,False,True,False,False,False,False,True
670000,-1.1882600260248968,12,-1.4201899842478996,-0.8555377010963268,False,False,False,True,True,False,True,False,False,False,False,False,False,False
65000,1.6469753100875162,7,1.167336192368238,0.7709459525790471,False,False,False,True,True,False,True,False,False,False,False,False,False,False
500000,-0.42758713097034695,6,-0.4792713745693041,-0.2031731140504873,True,False,False,False,True,False,True,False,True,False,False,False,True,False
600000,-0.35843504960175154,6,-0.9497306794086018,0.28610032623389237,False,False,False,True,True,False,True,False,False,False,False,False,True,False
350000,0.0334267448202893,7,-0.9497306794086018,0.9259194404519273,False,False,False,True,True,False,True,False,True,False,False,False,False,False
200000,0.0334267448202893,1,0.22641758268964243,-0.08736874948613703,True,False,False,False,True,False,True,False,True,False,False,False,False,False
150000,0.26393368271560746,5,0.22641758268964243,0.1442399796425635,False,False,False,True,True,False,True,False,False,False,False,False,True,False
75000,0.9554544964015619,7,2.343484454466482,-0.2031731140504873,True,False,False,False,True,False,True,False,True,False,False,False,False,False
350000,0.4944406206109256,4,-0.008812069730006403,0.5495552556177892,True,False,False,False,True,False,True,False,True,False,False,False,True,False
1700000,-1.2343614136039605,13,-1.1849603318282507,-1.063434107957089,True,False,False,False,True,False,True,False,False,False,False,False,False,True
890000,0.40223784545279834,9,0.4616472351092913,0.14093128351215342,True,False,False,False,True,False,False,False,True,False,False,True,False,False
500000,1.18596143429688,6,-0.24404172214965525,1.5760030324381662,True,False,False,False,True,False,True,False,False,False,False,False,True,False
600000,-1.4602582127413721,5,-1.4201899842478996,-1.447684018568704,False,False,False,True,True,False,True,False,False,False,False,False,True,False
99000,-0.19708019307502883,1,0.6968768875289402,-0.5042644619177978,False,False,False,True,True,False,True,False,True,False,False,False,False,False
235000,-0.5197899061284742,5,0.4616472351092913,-0.7193297103944483,False,False,False,True,True,False,True,False,False,False,False,False,True,False
75000,-0.6580940688656651,12,1.6377954972075355,-1.0747533315611233,False,False,False,True,True,False,True,False,True,False,False,False,False,False
600000,0.4944406206109256,4,-0.24404172214965525,0.7548448109818645,True,False,False,False,True,False,True,False,True,False,False,False,True,False
1000000,-1.0038544757086423,5,-1.4201899842478996,-0.45408257060657936,True,False,False,False,True,False,True,False,True,False,False,False,True,False
390000,0.4944406206109256,5,0.22641758268964243,0.37584870877126375,True,False,False,False,True,False,True,False,False,False,False,False,True,False
600000,0.0334267448202893,14,-0.4792713745693041,0.39900958168413386,True,False,False,False,True,False,True,False,False,False,False,False,True,False
600000,0.0334267448202893,5,-0.9497306794086018,0.9259194404519273,False,False,False,True,True,False,True,False,True,False,False,False,True,False
730000,-0.7733475378133242,5,-1.4201899842478996,0.047736342505604754,True,False,False,False,True,False,True,False,True,False,False,False,True,False
450000,-1.2873780093198837,5,-0.9497306794086018,-1.2306473386476846,False,False,False,True,True,False,False,False,False,False,False,False,True,False
250000,0.26393368271560746,7,0.4616472351092913,0.011892134426163232,True,False,False,False,True,False,True,False,False,False,False,False,False,False
1400000,-1.1191079446563015,6,-1.1849603318282507,-0.8483688594804384,True,False,False,False,True,False,True,False,False,False,False,False,True,False
300000,-1.1191079446563015,10,-1.1849603318282507,-0.8483688594804384,False,False,False,True,True,False,True,False,False,False,False,False,True,False
800000,-1.142158638445833,3,-0.9497306794086018,-0.9935379022021775,False,False,False,True,True,False,True,False,False,False,False,False,True,False
125000,0.6096940895585846,2,0.9321065399485889,0.07910002457511636,True,False,False,False,True,False,True,False,True,False,False,False,False,False
295000,0.4944406206109256,14,0.22641758268964243,0.37584870877126375,True,False,False,False,True,False,True,False,False,False,False,False,True,False
650000,-0.5235010678285889,3,-0.008812069730006403,-0.5584859954795695,False,False,False,True,False,False,True,False,False,False,False,False,True,False
200000,0.1373853738110778,1,0.6968768875289402,-0.2130087647474862,False,False,False,True,False,False,True,False,False,False,False,False,False,False
130000,0.43204239252266297,1,0.9321065399485889,-0.0659319140507188,False,False,False,True,False,False,True,False,False,False,False,False,False,False
250000,2.0167084384716065,3,0.22641758268964243,1.9053927559372017,True,False,False,False,False,False,True,False,False,False,False,False,True,False
400000,0.5731587399021767,3,2.108254802046833,-0.3692751742906204,True,False,False,False,False,False,True,False,False,False,False,False,True,False
430000,0.7516633126083111,3,-0.9497306794086018,2.0986326039766188,False,False,False,True,False,False,True,False,False,False,False,False,True,False
170000,0.26393368271560746,5,-0.4792713745693041,0.7001009295514444,False,False,False,True,True,False,True,False,True,False,False,False,True,False
450000,-1.303513494972556,12,-1.4201899842478996,-1.106447157652419,False,False,False,True,True,False,True,False,False,False,False,False,False,False
350000,0.4944406206109256,7,-0.008812069730006403,0.5495552556177892,False,False,False,True,True,False,True,False,False,False,False,False,False,False
130000,-0.0007113326820073146,1,0.4616472351092913,-0.23502427734987932,False,False,False,True,False,False,True,False,False,False,False,False,False,False
180000,-0.30933707183004877,1,0.22641758268964243,-0.4317709297005147,True,False,False,False,False,False,True,False,False,False,False,False,False,False
475000,-0.07631760831167167,3,-0.24404172214965525,0.07708818693254847,False,False,False,True,False,False,True,False,False,False,False,False,True,False
470000,-0.23898635438439766,14,-0.4792713745693041,0.04317982677454616,False,False,False,True,False,False,True,False,False,False,False,False,True,False
200000,0.5231387343788927,3,0.22641758268964243,0.4046839955477871,True,False,False,False,False,False,True,False,False,False,False,False,True,False
650000,0.7938460822431543,6,-0.008812069730006403,0.875461548738497,True,False,False,False,False,False,True,False,False,False,False,False,True,False
400000,-0.42758713097034695,4,0.6968768875289402,-0.7049920271626715,False,False,False,True,True,False,True,False,False,False,False,False,True,False
100000,1.18596143429688,7,3.0491734117254286,-0.2633913836239494,False,False,False,True,True,False,True,False,False,False,False,False,False,False
409999,0.4944406206109256,7,-0.24404172214965525,0.7548448109818645,True,False,False,False,True,False,True,False,False,False,False,False,False,False
640000,-1.0038544757086423,7,-1.1849603318282507,-0.6333036110037881,True,False,False,False,True,False,True,False,False,False,False,False,False,False
160000,0.26393368271560746,7,1.4025658447878866,-0.37044608508788207,False,False,False,True,True,False,True,False,True,False,False,False,False,False
750000,0.0334267448202893,7,-1.1849603318282507,1.3022836252860654,True,False,False,False,True,False,True,False,False,False,False,False,False,False
150000,-0.42758713097034695,6,2.578714106886131,-1.0540834449798433,True,False,False,False,True,False,True,False,False,False,True,False,True,False
80000,0.7249475585062437,7,1.167336192368238,0.06249572230302194,False,False,False,True,True,False,True,False,True,False,False,False,False,False
240000,0.4944406206109256,7,-0.7145010269889529,1.3022836252860654,True,False,False,False,True,False,True,False,False,False,True,False,False,False
60000,-0.19708019307502883,7,1.8730251496271844,-0.8053558097851085,False,False,False,True,True,False,True,False,False,False,True,False,False,False
70000,1.18596143429688,7,1.4025658447878866,0.2986457990616971,False,False,False,True,True,False,True,False,False,False,True,False,False,False
285000,0.4944406206109256,14,1.167336192368238,-0.11461683526598422,True,False,False,False,True,False,False,False,True,False,False,False,True,False
350000,-0.19708019307502883,7,-0.4792713745693041,0.09791823381682327,True,False,False,False,True,False,True,False,True,False,False,False,False,False
699000,-0.8886010067609833,5,-0.4792713745693041,-0.8053558097851085,True,False,False,False,True,False,True,False,True,False,False,False,True,False
275000,0.9093531088224982,3,0.4616472351092913,0.6140748301607843,True,False,False,False,True,False,True,False,True,False,False,False,True,False
350000,2.1079891858781528,5,0.22641758268964243,1.9971098126721671,True,False,False,False,True,False,True,False,True,False,False,False,True,False
135000,0.4944406206109256,7,1.6377954972075355,-0.28240767927872706,False,False,False,True,True,False,True,False,False,False,True,False,False,False
325000,1.18596143429688,6,0.6968768875289402,0.7001009295514444,True,False,False,False,True,False,True,False,False,False,True,False,True,False
650000,0.7710489460853074,6,0.22641758268964243,0.6537791837257042,True,False,False,False,True,False,True,False,True,False,False,False,True,False
300000,2.522901674089725,6,0.9321065399485889,1.6410113916367899,True,False,False,False,True,False,True,False,True,False,False,False,True,False
1200000,3.030016937459425,13,-0.24404172214965525,3.7657582896549697,True,False,False,False,True,False,True,False,True,False,False,False,False,True
450000,-0.19708019307502883,3,0.22641758268964243,-0.31897747861483755,False,False,False,True,False,False,True,False,False,False,False,False,True,False
425000,-1.5109697390783423,12,-1.4201899842478996,-1.5580841794533848,False,False,False,True,True,False,True,False,False,False,False,False,False,False
150000,0.15140019563511312,7,1.6377954972075355,-0.5182414392240593,False,False,False,True,True,False,True,False,True,False,False,False,False,False
290000,1.6469753100875162,7,-0.008812069730006403,1.8041025383982496,True,False,False,False,True,False,True,False,True,False,False,False,False,False
335000,-0.19708019307502883,5,-0.24404172214965525,-0.06631341047443691,False,False,False,True,True,False,True,False,True,False,False,False,True,False
120000,0.24088298892607563,1,1.6377954972075355,-0.45672372278085416,False,False,False,True,False,False,True,True,False,False,False,False,False,False
20000,-1.0038544757086423,3,1.8730251496271844,-1.332265668552902,False,False,False,True,True,False,True,False,True,False,False,False,True,False
220000,0.0334267448202893,12,0.22641758268964243,-0.08736874948613703,True,False,False,False,True,False,True,False,True,False,False,False,False,False
61000,-1.4732357533448786,3,1.8730251496271844,-1.638821824384004,False,False,False,True,True,False,True,False,True,False,False,False,True,False
620000,0.0334267448202893,7,-0.7145010269889529,0.6331917411364864,True,False,False,False,True,False,True,False,False,False,False,False,False,False
425000,0.7249475585062437,7,-0.24404172214965525,1.0285642181339647,True,False,False,False,True,False,True,False,True,False,False,False,False,False
85000,1.18596143429688,12,0.9321065399485889,0.5495552556177892,True,False,False,False,True,False,True,False,True,False,False,False,False,False
270000,-0.6580940688656651,7,-0.4792713745693041,-0.5042644619177978,True,False,False,False,True,False,True,False,True,False,False,False,False,False
180000,3.4910308132500614,7,0.9321065399485889,2.4313761797884803,True,False,False,False,True,False,True,False,False,False,False,False,False,False
450000,-0.8886010067609833,6,-0.9497306794086018,-0.5795372988846255,False,False,False,True,True,False,True,False,False,False,False,False,True,False
450000,-0.5968944768544582,12,0.22641758268964243,-0.7207028192885684,True,False,False,False,True,False,True,False,False,False,False,False,False,False
250000,-0.5889419874970697,10,-0.9497306794086018,-0.09026385860024583,False,False,False,True,True,False,True,False,True,False,False,False,True,False
725000,0.0334267448202893,13,0.22641758268964243,-0.08736874948613703,True,False,False,False,True,False,True,False,False,False,False,False,False,True
250000,-0.3123336620226879,5,0.6968768875289402,-0.6046282445402348,False,False,False,True,True,False,True,False,False,False,False,False,True,False
99000,0.26393368271560746,2,0.6968768875289402,-0.10280933142805053,True,False,False,False,True,False,True,False,True,False,False,False,False,False
350000,-0.3123336620226879,10,-0.9497306794086018,0.36137316320072,False,False,False,True,True,False,True,False,False,False,False,False,True,False
511000,0.0334267448202893,5,-1.1849603318282507,1.3022836252860654,False,False,False,True,True,False,True,False,False,False,False,False,True,False
300000,0.26393368271560746,7,0.22641758268964243,0.1442399796425635,True,False,False,False,True,False,True,False,False,False,False,False,False,False
1100000,0.9554544964015619,0,0.6968768875289402,0.4993733643065706,False,False,False,True,True,False,False,False,False,False,False,True,False,False
125000,-0.19708019307502883,5,0.6968768875289402,-0.5042644619177978,False,False,False,True,True,False,True,False,False,False,True,False,True,False
500000,-0.8886010067609833,12,-1.1849603318282507,-0.4182383625271378,False,False,False,True,True,False,True,False,False,False,False,False,False,False
385000,0.26393368271560746,10,-0.008812069730006403,0.2986457990616971,True,False,False,False,True,False,True,False,True,False,False,False,True,False
350000,0.4944406206109256,11,0.22641758268964243,0.37584870877126375,False,False,False,True,True,False,True,False,False,False,False,False,True,False
60000,-0.42758713097034695,7,2.343484454466482,-1.024331335506789,False,False,False,True,True,False,True,False,False,False,False,False,False,False
300000,-0.42758713097034695,5,0.22641758268964243,-0.550586207743538,False,False,False,True,True,False,True,False,False,False,False,False,True,False
400000,0.0334267448202893,5,0.22641758268964243,-0.08736874948613703,True,False,False,False,True,False,True,False,False,False,False,False,True,False
550000,0.9554544964015619,3,-0.24404172214965525,1.3022836252860654,True,False,False,False,True,False,True,False,False,False,False,False,True,False
300000,0.26393368271560746,8,0.22641758268964243,0.1442399796425635,False,False,False,True,True,False,True,False,True,False,False,False,True,False
250000,2.0157864107200254,7,0.22641758268964243,1.9044663210206867,True,False,False,False,True,False,True,False,False,False,False,False,False,False
800000,2.5690030616687887,13,0.22641758268964243,2.4603272709295676,True,False,False,False,True,False,True,False,False,False,False,False,False,True
300000,-1.0038544757086423,7,-1.1849603318282507,-0.6333036110037881,False,False,False,True,True,False,True,False,False,False,False,False,False,False
80000,1.18596143429688,7,2.108254802046833,0.011892134426163232,False,False,False,True,True,False,True,False,False,False,False,False,False,False
1200000,-1.3265641887620878,6,-1.6554196366675484,-1.046228888078957,True,False,False,False,True,False,True,False,False,False,False,False,True,False
355000,-0.6580940688656651,10,-0.9497306794086018,-0.2031731140504873,False,False,False,True,True,False,False,False,False,False,False,False,True,False
520000,-0.42758713097034695,7,-0.4792713745693041,-0.2031731140504873,True,False,False,False,True,False,True,False,False,False,False,False,False,False
500000,-0.9808037819191106,5,0.22641758268964243,-1.106447157652419,True,False,False,False,True,False,True,False,False,False,False,False,True,False
114999,-0.8886010067609833,7,1.167336192368238,-1.1772921806800214,False,False,False,True,True,False,True,False,False,False,False,False,False,False
1800000,-0.42758713097034695,13,-0.24404172214965525,-0.3400328176265377,True,False,False,False,True,False,True,False,False,False,False,False,False,True
800000,-1.1191079446563015,6,-1.1849603318282507,-0.8483688594804384,True,False,False,False,True,False,True,False,False,False,False,False,True,False
105000,-0.8886010067609833,7,1.167336192368238,-1.1772921806800214,False,False,False,True,True,False,True,False,True,False,False,False,False,False
135000,0.2178322951365438,7,0.4616472351092913,-0.031120915269166927,False,False,False,True,True,False,True,False,False,False,False,False,False,False
170000,-0.6580940688656651,7,0.4616472351092913,-0.8483688594804384,False,False,False,True,True,False,True,False,True,False,False,False,False,False
550000,0.7249475585062437,5,-0.24404172214965525,1.0285642181339647,False,False,False,True,True,False,True,False,False,False,False,False,True,False
250000,0.0334267448202893,4,0.9321065399485889,-0.3913552064675564,False,False,False,True,True,False,True,False,False,False,True,False,True,False
650000,-0.8886010067609833,5,-0.24404172214965525,-0.8874716319307385,True,False,False,False,True,False,True,False,True,False,False,False,True,False
210000,0.194781601347012,4,1.167336192368238,-0.3448631601056924,False,False,False,True,True,False,False,False,False,False,True,False,True,False
260000,1.8774822479828344,14,0.4616472351092913,1.5173488737627159,True,False,False,False,True,False,True,False,False,False,False,False,True,False
750000,0.010376051030757488,7,-0.7145010269889529,0.5997371469290076,True,False,False,False,True,False,True,False,False,False,False,False,False,False
1350000,1.18596143429688,13,-0.7145010269889529,2.3059214515104345,True,False,False,False,True,False,False,False,False,False,False,False,False,True
220000,1.18596143429688,7,0.22641758268964243,1.070674896157365,True,False,False,False,True,False,True,False,True,False,False,False,False,False
110000,0.9554544964015619,5,1.167336192368238,0.23960827987202835,False,False,False,True,True,False,True,False,True,False,False,False,True,False
1230000,0.0334267448202893,6,-0.9497306794086018,0.9259194404519273,True,False,False,False,True,False,False,False,False,False,False,False,True,False
220000,0.9554544964015619,6,-0.008812069730006403,1.0513741687299731,True,False,False,False,True,False,True,False,False,False,False,False,True,False
130000,-0.42758713097034695,12,0.9321065399485889,-0.7677193913016946,True,False,False,False,True,False,True,False,False,False,False,False,False,False
330000,-0.5658912937075379,5,0.22641758268964243,-0.6895514452207582,False,False,False,True,True,False,True,False,False,False,False,False,True,False
254999,0.4944406206109256,4,0.6968768875289402,0.09791823381682327,False,False,False,True,True,False,True,False,True,False,False,False,True,False
600000,-0.42758713097034695,5,-0.24404172214965525,-0.3400328176265377,False,False,False,True,True,False,True,False,True,False,False,False,True,False
210000,-0.42758713097034695,5,0.22641758268964243,-0.550586207743538,False,False,False,True,True,False,True,False,False,False,False,False,True,False
300000,1.7852794728247072,1,-0.24404172214965525,2.2876734910336274,True,False,False,False,True,False,True,False,False,False,False,False,False,False
426000,-1.2343614136039605,12,-1.1849603318282507,-1.063434107957089,False,False,False,True,True,False,False,False,False,False,False,False,False,False
265000,-0.19708019307502883,7,-0.4792713745693041,0.09791823381682327,False,False,False,True,True,False,True,False,False,False,False,False,False,False
450000,-0.7733475378133242,5,-0.7145010269889529,-0.5377190561252768,False,False,False,True,True,False,True,False,True,False,False,False,True,False
480000,0.26393368271560746,5,0.22641758268964243,0.1442399796425635,True,False,False,False,True,False,True,False,False,False,False,False,True,False
40000,0.4944406206109256,12,0.6968768875289402,0.09791823381682327,False,False,False,True,True,False,True,False,False,False,False,False,False,False
395000,0.0334267448202893,4,0.4616472351092913,-0.2031731140504873,False,False,False,True,True,False,True,False,True,False,False,False,True,False
229999,-0.1509788054959652,7,-0.008812069730006403,-0.15299122273926877,False,False,False,True,True,False,True,False,True,False,False,False,False,False
875000,-1.3496148825516194,3,-1.1849603318282507,-1.2784993564337392,False,False,False,True,True,False,False,False,False,False,False,False,True,False
170000,0.26393368271560746,7,0.6968768875289402,-0.10280933142805053,False,False,False,False,True,False,True,True,False,False,False,False,False,False
500000,-0.7733475378133242,5,-0.4792713745693041,-0.6548101358514531,False,False,False,True,True,False,True,False,True,False,False,False,True,False
450000,-0.6580940688656651,7,-1.4201899842478996,0.2986457990616971,False,False,False,True,True,False,True,False,False,False,False,False,False,False
550000,1.18596143429688,7,0.22641758268964243,1.070674896157365,True,False,False,False,True,False,True,False,False,False,True,False,False,False
200000,-0.19708019307502883,12,-0.008812069730006403,-0.2031731140504873,False,False,False,True,True,False,True,False,False,False,False,False,False,False
80000,0.4944406206109256,12,1.167336192368238,-0.11461683526598422,False,False,False,True,True,False,True,False,True,False,False,False,False,False
300000,3.563834124514915,12,0.6968768875289402,2.770774376207119,True,False,False,False,True,False,True,False,True,False,False,False,False,False
675000,-1.2343614136039605,3,-1.4201899842478996,-0.9559014837187637,True,False,False,False,True,False,True,False,False,False,False,False,True,False
260000,-0.8886010067609833,7,-0.9497306794086018,-0.5795372988846255,False,False,False,True,True,False,True,False,False,False,False,False,False,False
70000,1.1168093529282845,7,2.8139437593057797,-0.2408095325339011,False,False,False,True,True,False,True,False,True,False,False,False,False,False
100000,0.0334267448202893,7,2.108254802046833,-0.7049920271626715,False,False,False,True,True,False,True,False,False,False,False,False,False,False
730000,0.9554544964015619,13,0.22641758268964243,0.8390661670286645,True,False,False,False,True,False,True,False,True,False,False,False,False,True
525000,0.7249475585062437,8,-0.7145010269889529,1.636829567360855,True,False,False,False,True,False,True,False,True,False,False,False,True,False
525000,0.8402010274539028,8,-0.7145010269889529,1.8041025383982496,True,False,False,False,True,False,True,False,True,False,False,False,True,False
550000,2.6151044492478523,13,0.9321065399485889,1.7162842286036175,True,False,False,False,True,False,True,False,False,False,True,False,False,True
420000,0.6096940895585846,13,0.22641758268964243,0.491653073335614,True,False,False,False,True,False,True,False,True,False,False,False,False,True
500000,0.0334267448202893,4,-0.4792713745693041,0.39900958168413386,False,False,False,True,True,False,True,False,False,False,False,False,True,False
165000,0.1717309075574802,7,0.9321065399485889,-0.27844595101731495,False,False,False,True,True,False,True,False,True,False,False,False,False,False
650000,0.0334267448202893,5,-0.24404172214965525,0.20740599667766357,True,False,False,False,True,False,True,False,True,False,False,False,True,False
195000,-0.5197899061284742,1,-0.008812069730006403,-0.5544463532290163,True,False,False,False,True,False,True,False,False,False,False,False,False,False
75000,0.0334267448202893,7,3.2844030641450774,-0.8979993014365886,False,False,False,True,True,False,True,False,False,False,False,False,False,False
90000,0.4944406206109256,7,1.6377954972075355,-0.28240767927872706,False,False,False,True,True,False,True,False,False,False,False,False,False,False
515000,-0.42758713097034695,5,-0.7145010269889529,-0.0359001430130925,True,False,False,False,True,False,True,False,False,False,False,False,True,False
700000,-1.013420513631298,4,-0.9497306794086018,-0.7833385049723113,True,False,False,False,False,False,True,False,False,True,False,False,True,False
62000,0.0334267448202893,7,2.8139437593057797,-0.8304467554407177,False,False,False,True,True,False,True,False,False,False,False,False,False,False
220000,0.9554544964015619,13,0.4616472351092913,0.6570878798561143,True,False,False,False,True,False,True,False,False,False,True,False,False,True
520000,-1.3496148825516194,5,-1.4201899842478996,-1.2068109402748557,False,False,False,False,True,False,True,False,False,False,False,False,True,False
170000,0.7249475585062437,2,0.6968768875289402,0.2986457990616971,False,False,False,True,True,False,True,False,False,False,False,False,False,False
190000,0.9554544964015619,3,0.4616472351092913,0.6570878798561143,True,False,False,False,True,False,True,False,True,False,False,False,True,False
150000,0.7249475585062437,3,0.4616472351092913,0.442022631379464,True,False,False,False,True,False,True,False,True,False,False,False,True,False
125000,-0.08182672412736977,7,0.9321065399485889,-0.48544625267609093,False,False,False,True,True,False,True,False,False,False,False,False,False,False
290000,-0.6580940688656651,4,-0.4792713745693041,-0.5042644619177978,True,False,False,False,True,False,True,False,False,False,True,False,True,False
490000,-1.2597171767724455,7,-1.4201899842478996,-1.011101564161104,False,False,False,True,True,False,True,False,False,False,False,False,False,False
434999,-1.1752824854213904,12,-0.9497306794086018,-1.0476214355628433,False,False,False,True,True,False,True,False,False,False,False,False,False,False
380000,-1.2343614136039605,12,-0.7145010269889529,-1.2068109402748557,False,False,False,True,True,False,True,False,False,False,False,False,False,False
200000,0.3100350702946711,14,0.22641758268964243,0.19056172546830344,True,False,False,False,True,False,True,False,True,False,False,False,True,False
495000,-0.6580940688656651,3,-0.7145010269889529,-0.37044608508788207,True,False,False,False,True,False,True,False,False,False,False,False,True,False
894999,2.407648205142066,13,-0.24404172214965525,3.0267158903442994,True,False,False,False,True,False,True,False,False,False,True,False,False,True
600000,1.9005329417723662,6,-0.24404172214965525,2.424533194609678,True,False,False,False,True,False,True,False,True,False,False,False,True,False
300000,-0.42758713097034695,4,-0.4792713745693041,-0.2031731140504873,False,False,False,True,True,False,True,False,False,False,False,False,True,False
430000,-1.2343614136039605,4,-0.9497306794086018,-1.1440835761358328,False,False,False,True,True,False,True,False,False,False,False,False,True,False
370000,0.26393368271560746,4,-0.9497306794086018,1.3022836252860654,True,False,False,False,True,False,True,False,False,False,False,False,True,False
750000,-1.3265641887620878,7,-1.4201899842478996,-1.1566290489636375,False,False,False,True,True,False,True,False,False,False,False,False,False,False
300000,-0.42758713097034695,7,-0.7145010269889529,-0.0359001430130925,False,False,False,False,True,False,True,False,False,False,False,False,False,False
700000,1.18596143429688,9,0.22641758268964243,1.070674896157365,True,False,False,False,True,False,False,False,True,False,False,True,False,False
100000,0.0334267448202893,7,1.4025658447878866,-0.5377190561252768,False,False,True,False,True,False,True,False,False,False,True,False,False,False
300000,0.4944406206109256,5,-0.4792713745693041,1.001192277418755,False,False,False,True,True,False,True,False,False,False,False,False,True,False
130000,2.684256530616448,12,0.22641758268964243,2.576131635493918,True,False,False,False,True,False,True,False,True,False,False,False,False,False
650000,-0.6580940688656651,5,-0.7145010269889529,-0.37044608508788207,True,False,False,False,True,False,True,False,False,False,False,False,True,False
509999,-1.0038544757086423,7,-0.9497306794086018,-0.7677193913016946,True,False,False,False,True,False,True,False,False,False,False,False,False,False
1000000,1.1347888940841193,13,-0.008812069730006403,1.2465817259306131,True,False,False,False,True,False,True,False,True,False,False,False,False,True
280000,1.18596143429688,5,0.6968768875289402,0.7001009295514444,True,False,False,False,True,False,True,False,True,False,False,False,True,False
600000,1.18596143429688,7,-0.9497306794086018,2.8077403646226187,True,False,False,False,True,False,True,False,False,False,False,False,False,False
210000,1.18596143429688,11,-0.008812069730006403,1.3022836252860654,True,False,False,False,True,False,True,False,False,False,True,False,True,False
1150000,0.9554544964015619,0,-0.24404172214965525,1.3022836252860654,True,False,False,False,True,False,False,False,True,False,False,True,False,False
245000,-0.8886010067609833,5,-1.1849603318282507,-0.4182383625271378,False,False,False,True,True,False,True,False,False,False,False,False,True,False
375000,-1.0038544757086423,5,-0.7145010269889529,-0.8722649982000663,False,False,False,True,True,False,True,False,False,False,False,False,True,False
150000,-0.3123336620226879,6,-0.4792713745693041,-0.05262744011683201,True,False,False,False,True,False,True,False,True,False,False,False,True,False
1450000,-1.1191079446563015,6,-1.1849603318282507,-0.8483688594804384,True,False,False,False,True,False,True,False,False,False,False,False,True,False
500000,0.7249475585062437,7,-0.24404172214965525,1.0285642181339647,True,False,False,False,True,False,True,False,True,False,False,False,False,False
75000,-0.6580940688656651,7,1.4025658447878866,-1.0395379692374611,False,False,False,True,True,False,True,False,True,False,False,False,False,False
225000,0.26393368271560746,5,1.6377954972075355,-0.44087680973520627,False,False,False,True,True,False,False,False,False,False,True,False,True,False
275000,0.26393368271560746,5,1.6377954972075355,-0.44087680973520627,False,False,False,True,True,False,False,True,False,False,False,False,True,False
620000,-0.7733475378133242,6,-1.1849603318282507,-0.2031731140504873,True,False,False,False,True,False,True,False,False,False,False,False,True,False
600000,0.9554544964015619,8,0.6968768875289402,0.4993733643065706,True,False,False,False,True,False,True,False,True,False,False,False,True,False
275000,2.1079891858781528,6,0.4616472351092913,1.7324141222393665,True,False,False,False,True,False,True,False,False,False,False,False,True,False
125000,1.301214903244539,12,-0.008812069730006403,1.4277383535641115,True,False,False,False,True,False,True,False,False,False,False,False,False,False
80000,-0.1509788054959652,12,0.4616472351092913,-0.37522531283180766,False,False,False,True,True,False,True,False,True,False,False,False,False,False
199000,1.18596143429688,8,0.4616472351092913,0.8721531283327645,True,False,False,False,True,False,True,False,True,False,False,False,True,False
440000,-0.8194489253923878,8,-0.7145010269889529,-0.6046282445402348,False,False,False,True,True,False,True,False,True,False,False,False,True,False
250000,0.26393368271560746,7,-0.008812069730006403,0.2986457990616971,True,False,False,False,True,False,True,True,False,False,False,False,False,False
700000,-0.7733475378133242,5,-0.9497306794086018,-0.3913552064675564,True,False,False,False,True,False,True,False,False,False,False,False,True,False
450000,-0.42758713097034695,5,-0.4792713745693041,-0.2031731140504873,True,False,False,False,True,False,True,False,False,False,False,False,True,False
240000,-1.4648683514992786,7,-1.4201899842478996,-1.457720396830948,False,False,False,True,True,False,True,False,False,False,False,False,False,False
650000,0.30069953930991067,3,-0.7145010269889529,1.021097760972205,True,False,False,False,False,False,True,False,False,False,False,False,True,False
71000,-1.0730065570772378,5,1.8730251496271844,-1.3774293707329985,False,False,False,True,True,False,True,False,False,False,False,False,True,False
400000,-0.6580940688656651,7,-0.4792713745693041,-0.5042644619177978,False,False,False,True,True,False,True,False,False,False,False,False,False,False
130000,-0.6580940688656651,7,1.167336192368238,-1.0001796231110152,False,False,False,True,True,False,True,False,True,False,False,False,False,False
300000,0.0334267448202893,6,-0.008812069730006403,0.047736342505604754,True,False,False,False,True,False,True,False,True,False,False,False,True,False
1100000,-1.4879190452888105,8,-1.4201899842478996,-1.5079022881421662,True,False,False,False,True,False,True,False,False,False,False,False,True,False
2200000,-1.0269051694981741,9,-0.4792713745693041,-0.9860106185054948,True,False,False,False,True,False,False,False,False,False,False,True,False,False
800000,-1.268937454288258,4,-1.1849603318282507,-1.127953682500084,False,False,False,True,False,False,True,False,False,False,False,False,True,False
490000,-0.6580940688656651,7,-0.008812069730006403,-0.7049920271626715,True,False,False,False,True,False,True,False,False,False,False,False,False,False
836000,-1.3565300906884792,4,-1.1849603318282507,-1.2914032713423385,False,False,False,True,False,False,True,False,False,False,False,False,True,False
375000,-0.1509788054959652,14,0.22641758268964243,-0.2726557327890973,False,False,False,True,True,False,True,False,True,False,False,False,True,False
1249000,-1.0269051694981741,4,-0.7145010269889529,-0.9057195924075453,True,False,False,False,False,False,True,False,False,False,False,False,True,False
1240000,-1.2804628011830241,4,-1.4201899842478996,-1.0562652663412007,True,False,False,False,False,False,True,False,False,False,False,False,True,False
35000,-0.42758713097034695,12,0.9321065399485889,-0.7677193913016946,False,False,False,True,True,False,True,False,False,False,True,False,False,False
1068000,-0.7502968440237924,4,-0.9497306794086018,-0.3537187879841426,False,False,False,True,False,False,True,False,False,False,False,False,True,False
1189000,-0.6580940688656651,4,-0.9497306794086018,-0.2031731140504873,True,False,False,False,False,False,True,False,False,False,False,False,True,False
700000,-0.9577530881295787,5,-1.1849603318282507,-0.5472775116131279,False,False,False,True,True,False,True,False,False,False,False,False,True,False
350000,-0.6580940688656651,7,-0.7145010269889529,-0.37044608508788207,False,False,False,True,True,False,True,False,False,False,False,False,False,False
254999,0.26393368271560746,5,0.9321065399485889,-0.2031731140504873,False,False,False,True,True,False,True,False,True,False,False,False,True,False
229999,3.514081507039593,6,1.8730251496271844,1.6184295405467417,True,False,False,False,True,False,True,False,False,False,True,False,True,False
750000,0.26393368271560746,5,-0.7145010269889529,0.967737683211276,True,False,False,False,True,False,True,False,False,False,False,False,True,False
325000,1.1629107405073482,7,0.22641758268964243,1.0475140232444953,True,False,False,False,True,False,True,False,True,False,False,False,False,False
760000,2.799509999564107,13,0.9321065399485889,1.8668299025372728,True,False,False,False,True,False,True,False,True,False,False,False,False,True
509999,-1.0038544757086423,7,-0.9497306794086018,-0.7677193913016946,False,False,False,True,True,False,False,False,False,False,False,False,False,False
363000,-0.9176448809357933,8,-0.008812069730006403,-0.9875160752448313,False,False,False,True,True,False,True,False,False,False,False,False,True,False
229999,-0.4621631716546447,7,0.6968768875289402,-0.7351011619494026,False,False,False,True,True,False,True,False,False,False,False,False,False,False
290000,0.9554544964015619,8,0.22641758268964243,0.8390661670286645,False,False,False,True,True,False,True,False,True,False,False,False,True,False
550000,-0.8886010067609833,7,-1.1849603318282507,-0.4182383625271378,False,False,False,True,True,False,True,False,False,False,False,False,False,False
125000,1.18596143429688,12,0.4616472351092913,0.8721531283327645,True,False,False,False,True,False,True,False,True,False,False,False,False,False
2000000,1.4164683721921982,9,-0.24404172214965525,1.8497224395902665,True,False,False,False,True,False,False,False,False,False,False,True,False,False
350000,1.6469753100875162,13,1.167336192368238,0.7709459525790471,True,False,False,False,True,False,True,False,True,False,False,False,False,True
390000,0.4944406206109256,5,0.4616472351092913,0.22695738290281348,True,False,False,False,True,False,True,False,False,False,False,False,True,False
220000,-0.542840599918006,7,-0.4792713745693041,-0.3537187879841426,False,False,False,True,True,False,True,False,False,False,False,False,False,False
140000,0.26393368271560746,5,1.8730251496271844,-0.5042644619177978,False,False,False,True,True,False,True,False,False,False,True,False,True,False
370000,-1.2343614136039605,7,-1.1849603318282507,-1.063434107957089,False,False,False,True,True,False,False,False,False,False,False,False,False,False
650000,-1.1191079446563015,7,-1.4201899842478996,-0.7049920271626715,True,False,False,False,True,False,True,False,False,False,False,False,False,False
280000,-0.7272461502342605,7,-0.9497306794086018,-0.31608236950072877,False,False,False,True,True,False,True,False,False,False,False,False,False,False
540000,0.26393368271560746,7,-0.7145010269889529,0.967737683211276,True,False,False,False,True,False,True,False,False,False,False,False,False,False
50000,1.18596143429688,9,2.578714106886131,-0.13771847320976763,True,False,False,False,True,False,True,True,False,False,False,False,False,False
800000,-1.1191079446563015,7,-1.1849603318282507,-0.8483688594804384,False,False,False,True,True,False,True,False,False,False,False,False,False,False
515000,-1.0038544757086423,3,-0.7145010269889529,-0.8722649982000663,True,False,False,False,True,False,True,False,False,False,False,False,True,False
220000,0.6327447833481165,5,0.6968768875289402,0.2183547729637475,False,False,False,True,True,False,True,False,False,False,True,False,True,False
165000,-0.35843504960175154,1,-0.008812069730006403,-0.3788097336397517,False,False,False,True,False,False,True,False,False,False,False,False,False,False
221000,-0.08182672412736977,2,0.6968768875289402,-0.4039006792953611,True,False,False,False,False,False,True,False,False,False,False,False,False,False
245000,-0.5889419874970697,1,-0.4792713745693041,-0.4139370575576047,False,False,False,True,False,False,True,False,False,False,False,False,False,False
260000,-0.6119926812866014,3,0.22641758268964243,-0.7358731910464983,False,False,False,True,False,False,True,False,False,False,False,False,True,False
550000,0.10257882618888474,11,0.4616472351092913,-0.13865353950749204,True,False,False,False,False,False,False,False,False,False,False,False,True,False
434999,-0.911651700550515,5,-0.4792713745693041,-0.8354649445718395,False,False,False,True,False,False,True,False,False,False,False,False,True,False
450000,0.6096940895585846,12,-0.008812069730006403,0.6750099838958353,True,False,False,False,False,False,True,False,False,False,False,False,False,False
290000,-1.0038544757086423,1,-0.24404172214965525,-1.024331335506789,False,False,False,True,True,False,True,False,False,False,False,False,False,False
305000,-0.35843504960175154,14,0.4616472351092913,-0.568784036460793,False,False,False,True,False,False,True,False,True,False,False,False,True,False
265000,-1.1191079446563015,3,0.4616472351092913,-1.2784993564337392,False,False,False,True,False,False,True,False,False,False,False,False,True,False
325000,-0.2662322744436243,4,-0.24404172214965525,-0.14842923262006713,False,False,False,True,False,False,True,False,False,False,False,False,True,False
550000,-0.3814857433912833,1,-0.24404172214965525,-0.2852889361961175,True,False,False,False,False,False,True,False,False,False,False,False,False,False
105000,-0.6580940688656651,7,1.167336192368238,-1.0001796231110152,False,False,False,True,True,False,True,False,False,False,False,False,False,False
275000,-0.4967392123389424,4,0.22641758268964243,-0.6200688264821481,False,False,False,True,False,False,True,False,False,False,False,False,True,False
434999,-0.4967392123389424,4,0.22641758268964243,-0.6200688264821481,False,False,False,True,False,False,True,False,True,False,False,False,True,False
690000,0.10257882618888474,5,-0.7145010269889529,0.7335555237589234,True,False,False,False,False,False,True,False,False,False,False,False,True,False
249000,-0.6119926812866014,4,0.22641758268964243,-0.7358731910464983,False,False,False,True,False,False,True,False,True,False,False,False,True,False
204999,-0.19708019307502883,5,0.22641758268964243,-0.31897747861483755,False,False,False,True,False,False,True,False,False,False,True,False,True,False
190000,1.18596143429688,7,-0.4792713745693041,1.9044663210206867,False,False,False,True,True,False,True,False,False,False,False,False,False,False
150000,-0.42758713097034695,7,0.22641758268964243,-0.550586207743538,False,False,False,True,True,False,True,False,False,False,False,False,False,False
70000,0.0334267448202893,7,3.2844030641450774,-0.8979993014365886,False,False,False,True,True,False,True,True,False,False,False,False,False,False
900000,-1.0038544757086423,6,-1.1849603318282507,-0.6333036110037881,True,False,False,False,True,False,True,False,False,False,False,False,True,False
950000,-1.3265641887620878,7,-1.4201899842478996,-1.1566290489636375,False,False,False,True,True,False,False,False,False,False,False,False,False,False
475000,0.26393368271560746,7,-0.008812069730006403,0.2986457990616971,False,False,False,True,True,False,True,False,False,False,False,False,False,False
55000,0.26393368271560746,7,3.5196327165647263,-0.8165073411876014,False,False,False,True,True,False,True,True,False,False,False,False,False,False
450000,0.14868021376794838,3,-0.008812069730006403,0.17319107078365092,True,False,False,False,True,False,True,False,True,False,False,False,True,False
1200000,-0.542840599918006,9,0.9321065399485889,-0.8618104375102291,True,False,False,False,True,False,False,False,False,False,True,True,False,False
300000,0.7249475585062437,6,1.4025658447878866,-0.0359001430130925,True,False,False,False,True,False,True,False,True,False,False,False,True,False
350000,-0.19708019307502883,4,-0.24404172214965525,-0.06631341047443691,True,False,False,False,True,False,True,False,True,False,False,False,True,False
229999,2.1079891858781528,12,0.4616472351092913,1.7324141222393665,True,False,False,False,True,False,True,False,True,False,False,False,False,False
821000,-0.42758713097034695,5,-0.4792713745693041,-0.2031731140504873,False,False,False,True,True,False,True,False,False,False,False,False,True,False
200000,0.26393368271560746,7,-0.24404172214965525,0.48112540382976404,False,False,False,True,True,False,True,False,True,False,False,False,False,False
1000000,-0.19708019307502883,6,-0.9497306794086018,0.5495552556177892,True,False,False,False,True,False,True,False,True,False,False,False,True,False
220000,-0.19708019307502883,7,-0.7145010269889529,0.2986457990616971,False,False,False,True,True,False,True,False,True,False,False,False,False,False
459999,1.8456722905532805,3,-0.4792713745693041,2.76618975861693,True,False,False,False,False,False,True,False,False,False,False,False,True,False
310000,0.0334267448202893,7,0.22641758268964243,-0.08736874948613703,True,False,False,False,True,False,True,False,True,False,False,False,False,False
815000,-0.6119926812866014,5,-1.1849603318282507,0.09791823381682327,True,False,False,False,True,False,True,False,False,False,False,False,True,False
1200000,-0.6580940688656651,5,-0.9497306794086018,-0.2031731140504873,True,False,False,False,True,False,True,False,False,False,False,False,True,False
170000,1.8774822479828344,1,0.4616472351092913,1.5173488737627159,True,False,False,False,True,False,True,False,True,False,False,False,False,False
1000000,-0.8886010067609833,7,-0.9497306794086018,-0.5795372988846255,True,False,False,False,True,False,True,False,False,False,False,False,False,False
155000,0.4944406206109256,5,0.6968768875289402,0.09791823381682327,False,False,False,True,True,False,True,True,False,False,False,False,True,False
400000,1.18596143429688,6,-0.9497306794086018,2.8077403646226187,True,False,False,False,True,False,True,False,False,False,False,False,True,False
400000,0.26393368271560746,6,-0.7145010269889529,0.967737683211276,True,False,False,False,True,False,True,False,True,False,False,False,True,False
250000,0.26393368271560746,12,0.6968768875289402,-0.10280933142805053,True,False,False,False,True,False,True,False,True,False,False,False,False,False
150000,-0.42758713097034695,12,1.167336192368238,-0.823067065542009,False,False,False,True,True,False,True,False,False,False,True,False,False,False
80000,0.0334267448202893,5,2.578714106886131,-0.7922648816169645,False,False,False,True,True,False,True,False,True,False,False,False,True,False
325000,0.0334267448202893,14,-0.24404172214965525,0.20740599667766357,True,False,False,False,True,False,False,False,False,False,False,False,True,False
738000,-1.3957162701306831,5,-1.4201899842478996,-1.3071747228972928,False,False,False,True,True,False,False,False,False,False,False,False,True,False
300000,-0.8886010067609833,7,-0.7145010269889529,-0.7049920271626715,False,False,False,True,True,False,True,False,False,False,False,False,False,False
150000,0.9554544964015619,12,0.22641758268964243,0.8390661670286645,True,False,False,False,True,False,True,False,False,False,False,False,False,False
440000,3.5601828946186567,13,1.4025658447878866,2.021557400746863,True,False,False,False,True,False,True,True,False,False,False,False,False,True
280000,0.9554544964015619,14,0.4616472351092913,0.6570878798561143,True,False,False,False,True,False,True,False,False,False,False,False,True,False
100000,1.18596143429688,5,1.6377954972075355,0.19299971209071093,False,False,False,True,True,False,True,False,True,False,False,False,True,False
150000,0.7249475585062437,7,1.167336192368238,0.06249572230302194,False,False,False,True,True,False,True,False,True,False,False,False,False,False
380000,0.7249475585062437,7,-0.24404172214965525,1.0285642181339647,True,False,False,False,True,False,True,False,True,False,False,False,False,False
90000,-0.19708019307502883,7,1.6377954972075355,-0.7578150706481646,False,False,False,True,True,False,True,False,True,False,False,False,False,False
300000,3.563834124514915,6,1.167336192368238,2.243785643313689,True,False,False,False,True,False,True,False,False,False,True,False,True,False
275000,-0.19708019307502883,11,0.4616472351092913,-0.4182383625271378,True,False,False,False,True,False,True,False,True,False,False,False,True,False
180000,-0.6329688126350754,7,0.9321065399485889,-0.9353896356453032,False,False,False,True,True,False,True,False,False,False,False,False,False,False
225000,3.563834124514915,7,0.22641758268964243,3.4599134884523752,True,False,False,False,True,False,True,False,False,False,False,False,False,False
200000,-0.6580940688656651,7,-0.24404172214965525,-0.613752224778638,False,False,False,True,True,False,True,False,False,False,False,False,False,False
500000,-0.6580940688656651,13,0.4616472351092913,-0.8483688594804384,False,False,False,True,True,False,True,False,True,False,False,False,False,True
300000,0.0334267448202893,3,0.6968768875289402,-0.30353689667292405,False,False,False,True,True,False,True,False,True,False,False,False,True,False
765000,0.26393368271560746,5,-0.4792713745693041,0.7001009295514444,True,False,False,False,True,False,True,False,True,False,False,False,True,False
650000,0.4944406206109256,7,-0.9497306794086018,1.6786478101202038,True,False,False,False,True,False,True,False,False,False,False,False,False,False
380000,-1.142158638445833,7,-0.9497306794086018,-0.9935379022021775,False,False,False,True,True,False,True,False,False,False,False,False,False,False
480000,0.9554544964015619,7,-0.24404172214965525,1.3022836252860654,True,False,False,False,True,False,True,False,True,False,False,False,False,False
200000,-0.19708019307502883,6,3.990092021404024,-1.0856822371098458,True,False,False,False,True,False,True,False,False,False,False,False,True,False
145000,-0.012674642758774326,7,0.6968768875289402,-0.34368240972189895,False,False,False,False,True,False,True,False,True,False,False,False,False,False
280000,1.18596143429688,7,0.4616472351092913,0.8721531283327645,True,False,False,False,True,False,True,False,True,False,False,False,False,False
254999,-0.8886010067609833,7,-0.24404172214965525,-0.8874716319307385,True,False,False,False,True,False,True,False,False,False,False,False,False,False
300000,0.4944406206109256,12,-0.7145010269889529,1.3022836252860654,False,False,False,True,True,False,True,False,True,False,False,False,False,False
480000,1.6469753100875162,7,-0.4792713745693041,2.506649016755308,True,False,False,False,True,False,True,False,False,False,True,False,False,False
850000,-0.554365946812772,11,-0.9497306794086018,-0.0338092308751251,False,False,False,True,True,False,False,False,False,False,False,False,True,False
350000,-0.3814857433912833,5,-0.24404172214965525,-0.2852889361961175,True,False,False,False,True,False,True,False,True,False,False,False,True,False
650000,-0.9808037819191106,5,-0.7145010269889529,-0.8388104039925874,False,False,False,True,True,False,True,False,False,False,False,False,True,False
550000,0.26393368271560746,12,1.4025658447878866,-0.37044608508788207,False,False,False,True,True,False,True,False,True,False,False,False,False,False
300000,-0.7733475378133242,7,-0.4792713745693041,-0.6548101358514531,False,False,False,True,True,False,True,False,False,False,False,False,False,False
150000,-0.19708019307502883,7,1.167336192368238,-0.6459545079730028,False,False,False,True,True,False,True,False,True,False,False,False,False,False
300000,1.18596143429688,5,-0.24404172214965525,1.5760030324381662,False,False,False,True,True,False,True,False,False,False,False,False,True,False
80000,-0.24318158065409246,5,2.108254802046833,-0.8770442259439919,False,False,False,True,True,False,True,False,False,False,False,False,True,False
180000,0.26393368271560746,12,0.4616472351092913,0.011892134426163232,True,False,False,False,True,False,True,False,False,False,True,False,False,False
110000,0.7249475585062437,3,0.9321065399485889,0.17319107078365092,True,False,False,False,True,False,True,True,False,False,False,False,True,False
425000,-1.303513494972556,5,-0.4792713745693041,-1.3473202359462675,False,False,False,True,True,False,True,False,False,False,False,False,True,False
700000,-0.7733475378133242,4,-0.7145010269889529,-0.5377190561252768,True,False,False,False,True,False,True,False,False,False,False,False,True,False
130000,-0.42758713097034695,7,0.6968768875289402,-0.7049920271626715,False,False,False,True,True,False,True,False,True,False,False,False,False,False
650000,-0.03572533654830614,7,-0.9497306794086018,0.8130101850016859,True,False,False,False,True,False,True,False,False,False,False,False,False,False
400000,0.7249475585062437,10,-0.008812069730006403,0.8004647121738815,False,False,False,True,True,False,True,False,True,False,False,False,True,False
800000,-0.19708019307502883,6,-0.9497306794086018,0.5495552556177892,True,False,False,False,True,False,True,False,False,False,False,False,True,False
675000,0.0334267448202893,6,-0.9497306794086018,0.9259194404519273,True,False,False,False,True,False,True,False,False,False,False,False,True,False
210000,-0.42758713097034695,7,-0.9497306794086018,0.17319107078365092,False,False,False,True,True,False,True,True,False,False,False,False,False,False
150000,1.18596143429688,12,0.9321065399485889,0.5495552556177892,True,False,False,False,True,False,True,False,False,False,True,False,False,False
45000,0.7249475585062437,7,1.4025658447878866,-0.0359001430130925,False,False,False,False,True,False,True,True,False,False,False,False,False,False
516000,0.4944406206109256,5,-0.4792713745693041,1.001192277418755,False,False,False,True,True,False,True,False,False,False,False,False,True,False
450000,0.26393368271560746,5,-0.24404172214965525,0.48112540382976404,False,False,False,True,True,False,True,False,False,False,False,False,True,False
134000,0.4944406206109256,1,0.22641758268964243,0.37584870877126375,False,False,False,True,True,False,True,False,True,False,False,False,False,False
509999,2.038837104509557,13,-0.24404172214965525,2.588764838900938,True,False,False,False,True,False,True,False,True,False,False,False,False,True
500000,-1.1191079446563015,14,-0.7145010269889529,-1.0395379692374611,False,False,False,True,True,False,True,False,False,False,False,False,True,False
130000,0.26393368271560746,7,1.167336192368238,-0.2917293928349904,False,False,False,True,True,False,True,True,False,False,False,False,False,False
575000,-0.19708019307502883,7,-0.4792713745693041,0.09791823381682327,True,False,False,False,True,False,True,False,False,False,False,False,False,False
550000,-0.4506378247598788,5,-0.4792713745693041,-0.23328224883721835,False,False,False,True,True,False,True,False,False,False,False,False,True,False
145000,0.4772678537377244,12,0.9321065399485889,-0.029010587518489835,True,False,False,False,True,False,True,False,False,False,False,False,False,False
347000,-1.4648683514992786,7,-1.6554196366675484,-1.4075385055197296,False,False,False,True,True,False,True,False,False,False,False,False,False,False
275000,0.9554544964015619,12,-0.008812069730006403,1.0513741687299731,True,False,False,False,True,False,True,False,False,False,False,False,False,False
630000,3.030016937459425,13,0.6968768875289402,2.3059214515104345,True,False,False,False,True,False,True,False,False,False,True,False,False,True
160000,0.4944406206109256,1,0.22641758268964243,0.37584870877126375,True,False,False,False,True,False,True,False,True,False,False,False,False,False
150000,-0.1279281117064334,2,0.6968768875289402,-0.44404619234433573,True,False,False,False,True,False,True,False,False,False,True,False,False,False
550000,-1.049955863287706,4,-0.4792713745693041,-1.0161197532922257,False,False,False,True,True,False,True,False,False,False,False,False,True,False
349000,0.7249475585062437,6,-0.008812069730006403,0.8004647121738815,True,False,False,False,True,False,True,False,False,False,False,False,True,False
229999,2.292394736194407,6,2.108254802046833,0.7001009295514444,True,False,False,False,True,False,True,True,False,False,False,False,True,False
110000,0.4944406206109256,12,1.167336192368238,-0.11461683526598422,True,False,False,False,True,False,True,False,False,False,True,False,False,False
110000,0.0334267448202893,7,1.167336192368238,-0.4688419504039965,False,False,False,True,True,False,True,False,False,False,True,False,False,False
245000,-1.452190469915036,10,-1.1849603318282507,-1.469907427577958,False,False,False,True,True,False,True,False,True,False,False,False,True,False
180000,0.7249475585062437,7,-0.24404172214965525,1.0285642181339647,False,False,False,True,True,False,True,False,True,False,False,False,False,False
290000,0.26393368271560746,7,-0.24404172214965525,0.48112540382976404,False,False,False,True,True,False,True,False,True,False,False,False,False,False
250000,-0.6580940688656651,5,0.6968768875289402,-0.9057195924075453,False,False,False,True,True,False,True,False,False,False,False,False,True,False
150000,0.7249475585062437,12,0.6968768875289402,0.2986457990616971,True,False,False,False,True,False,True,False,False,False,False,False,False,False
55000,-0.7733475378133242,7,2.108254802046833,-1.2068109402748557,False,False,False,True,True,False,True,False,False,False,True,False,False,False
500000,0.14868021376794838,11,1.6377954972075355,-0.5201113749634457,True,False,False,False,True,False,True,False,True,False,False,False,True,False
290000,1.8774822479828344,6,-0.008812069730006403,2.055011994954342,True,False,False,False,True,False,True,True,False,False,False,False,True,False
72000,0.0334267448202893,7,0.9321065399485889,-0.3913552064675564,False,False,False,True,True,False,True,False,False,False,False,False,False,False
250000,1.0707079653492209,7,-0.24404172214965525,1.4391433288621156,True,False,False,False,True,False,True,False,False,False,False,False,False,False
575000,-1.0038544757086423,7,-1.4201899842478996,-0.45408257060657936,False,False,False,True,True,False,False,False,False,False,False,False,False,False
1300000,-1.3496148825516194,9,-1.4201899842478996,-1.2068109402748557,True,False,False,False,True,False,False,False,False,False,False,False,False,True
425000,-1.2343614136039605,5,-1.4201899842478996,-0.9559014837187637,False,False,False,True,True,False,True,False,False,False,False,False,True,False
470000,-1.3496148825516194,7,-1.4201899842478996,-1.2068109402748557,False,False,False,False,True,False,True,False,False,False,False,False,False,False
220000,0.26393368271560746,13,0.22641758268964243,0.1442399796425635,False,False,False,True,True,False,True,False,False,False,True,False,False,True
310000,-1.5409356410047337,7,-1.6554196366675484,-1.6062587951121545,False,False,False,True,True,False,True,False,False,False,False,False,False,False
400000,-0.5378385993656777,3,-0.7145010269889529,-0.1959134671074643,True,False,False,False,False,False,True,False,False,False,False,False,True,False
310000,-1.1191079446563015,5,-1.1849603318282507,-0.8483688594804384,False,False,False,True,True,False,True,False,False,False,False,False,True,False
750000,-0.42758713097034695,7,-0.9497306794086018,0.17319107078365092,True,False,False,False,True,False,True,False,False,False,False,False,False,False
204999,1.18596143429688,12,0.9321065399485889,0.5495552556177892,True,False,False,False,True,False,True,False,True,False,False,False,False,False
260000,-0.42758713097034695,7,0.6968768875289402,-0.7049920271626715,False,False,False,True,True,False,True,False,False,False,False,False,False,False
180000,-0.6580940688656651,7,0.22641758268964243,-0.7821949368722383,False,False,False,True,True,False,True,False,True,False,False,False,False,False
125000,0.9554544964015619,6,1.4025658447878866,0.13137282802430228,True,False,False,False,True,False,True,False,True,False,False,False,True,False
420000,1.9927357169304936,7,-0.24404172214965525,2.5340209574705175,True,False,False,False,True,False,True,False,False,False,False,False,False,False
220000,0.0334267448202893,7,0.4616472351092913,-0.2031731140504873,False,False,False,True,True,False,True,False,True,False,False,False,False,False
200000,0.0334267448202893,7,0.6968768875289402,-0.30353689667292405,False,False,False,True,True,False,True,False,False,False,True,False,False,False
130000,0.7249475585062437,3,0.9321065399485889,0.17319107078365092,True,False,False,False,True,False,True,False,False,False,True,False,True,False
335000,-0.6350433750761333,12,-0.7145010269889529,-0.3369914908804031,False,False,False,True,False,False,True,False,False,False,False,False,False,False
2650000,-0.19708019307502883,3,-0.9497306794086018,0.5495552556177892,True,False,False,False,False,False,False,False,False,False,False,False,True,False
2675000,-0.2892829682331561,3,-1.1849603318282507,0.7001009295514444,True,False,False,False,False,False,False,False,False,False,False,False,True,False
2675000,-0.19708019307502883,3,-0.9497306794086018,0.5495552556177892,True,False,False,False,False,False,False,False,False,False,False,False,True,False
434999,0.6557954771376483,4,0.4616472351092913,0.3775030568364688,False,False,False,True,False,False,False,False,True,False,False,False,True,False
500000,-0.19708019307502883,4,-0.24404172214965525,-0.06631341047443691,False,False,False,True,True,False,True,False,False,False,False,False,True,False
290000,-0.19708019307502883,7,-0.9497306794086018,0.5495552556177892,False,False,False,True,True,False,True,False,False,False,False,False,False,False
475000,-0.47368851854941063,3,-0.24404172214965525,-0.39477669905695756,False,False,False,True,False,False,False,False,True,False,False,False,True,False
270000,2.799509999564107,7,0.9321065399485889,1.8668299025372728,True,False,False,False,True,False,True,False,False,False,True,False,False,False
600000,0.26393368271560746,5,-1.4201899842478996,2.3059214515104345,False,False,False,True,True,False,True,False,False,False,False,False,True,False
300000,0.0334267448202893,5,-0.008812069730006403,0.047736342505604754,True,False,False,False,True,False,True,False,True,False,False,False,True,False
415000,0.26393368271560746,14,0.22641758268964243,0.1442399796425635,True,False,False,False,True,False,True,False,True,False,False,False,True,False
800000,-0.8886010067609833,7,-1.1849603318282507,-0.4182383625271378,True,False,False,False,True,False,False,False,True,False,False,False,False,False
420000,-0.5557489884401439,5,-0.7145010269889529,-0.22190768680667564,False,False,False,True,True,False,True,False,True,False,False,False,True,False
1250000,-0.8886010067609833,5,-1.1849603318282507,-0.4182383625271378,True,False,False,False,True,False,True,False,False,False,False,False,True,False
270000,1.18596143429688,7,0.4616472351092913,0.8721531283327645,True,False,False,False,True,False,True,False,False,False,False,False,False,False
390000,0.26393368271560746,5,-0.4792713745693041,0.7001009295514444,True,False,False,False,True,False,True,False,True,False,False,False,True,False
400000,0.9554544964015619,11,0.22641758268964243,0.8390661670286645,True,False,False,False,True,False,True,False,False,False,False,False,True,False
100000,2.3384961237734707,3,1.4025658447878866,1.135010654248671,False,False,False,True,True,False,True,False,False,False,False,False,True,False
850000,-0.5197899061284742,0,0.6968768875289402,-0.7852830532606211,True,False,False,False,True,False,False,False,False,False,False,True,False,False
359000,1.18596143429688,1,0.22641758268964243,1.070674896157365,True,False,False,False,True,False,False,False,False,False,True,False,False,False
470000,0.5259048176336365,7,-0.4792713745693041,1.0422912464026428,True,False,False,False,False,False,True,False,False,False,False,False,False,False
360000,0.4946711275488209,7,-0.008812069730006403,0.5498061650743451,True,False,False,False,False,False,True,False,True,False,False,False,False,False
250999,0.26393368271560746,7,-0.008812069730006403,0.2986457990616971,True,False,False,False,True,False,True,False,False,False,False,False,False,False
45000,-0.7733475378133242,12,0.22641758268964243,-0.8979993014365886,False,False,False,True,True,False,True,False,True,False,False,False,False,False
75000,0.26393368271560746,7,1.6377954972075355,-0.44087680973520627,False,False,False,True,True,False,True,False,True,False,False,False,False,False
495000,-0.847109757939826,7,-0.008812069730006403,-0.9107377815386671,True,False,False,False,False,False,True,False,False,False,False,False,False,False
310000,-0.21782581748560748,7,-0.008812069730006403,-0.22575496514053559,False,False,False,False,False,False,True,False,False,False,False,False,False,False
540000,-0.8609401742135451,4,-0.7145010269889529,-0.6648465141136969,False,False,False,True,False,False,True,False,False,False,False,False,True,False
665000,-0.40453643718081517,7,-0.7145010269889529,-0.0024455488056134883,True,False,False,False,False,False,True,False,False,False,False,False,False,False
425000,-1.0568710714245655,5,-0.008812069730006403,-1.139065387004711,True,False,False,False,False,False,True,False,True,False,False,False,True,False
1295000,-0.24318158065409246,0,0.4616472351092913,-0.4612514122224677,True,False,False,False,False,False,False,False,False,False,False,True,False,False
675000,-0.40684150655976836,7,-0.7145010269889529,-0.005791008226361445,True,False,False,False,False,False,True,False,False,False,False,False,False,False
980000,-1.3496148825516194,7,-1.1849603318282507,-1.2784993564337392,True,False,False,False,True,False,True,False,False,False,False,False,False,False
320000,-0.19708019307502883,1,-0.24404172214965525,-0.06631341047443691,True,False,False,False,True,False,True,False,False,False,False,False,False,False
250000,0.26393368271560746,7,0.4616472351092913,0.011892134426163232,False,False,False,True,True,False,True,False,True,False,False,False,False,False
600000,0.07952813239935293,7,-0.7145010269889529,0.7001009295514444,True,False,False,False,True,False,True,False,False,False,False,False,False,False
300000,0.6327447833481165,5,-0.7145010269889529,1.5030111905309391,False,False,False,True,True,False,True,False,False,False,False,False,True,False
305000,-0.05877603033783795,1,-0.24404172214965525,0.09791823381682327,True,False,False,False,True,False,True,False,False,False,False,False,False,False
106000,0.0334267448202893,7,0.9321065399485889,-0.3913552064675564,False,False,False,True,True,False,True,False,False,False,False,False,False,False
90000,0.14868021376794838,5,1.6377954972075355,-0.5201113749634457,False,False,False,True,True,False,True,False,False,False,True,False,True,False
539000,-1.5244082935576393,12,-1.4201899842478996,-1.5873402220878252,False,False,False,True,True,False,True,False,False,False,False,False,False,False
250000,-0.8886010067609833,5,-0.7145010269889529,-0.7049920271626715,False,False,False,True,True,False,True,False,True,False,False,False,True,False
707000,-0.19708019307502883,6,-1.1849603318282507,0.8721531283327645,True,False,False,False,True,False,True,False,False,False,False,False,True,False
95000,1.18596143429688,5,1.4025658447878866,0.2986457990616971,False,False,False,True,True,False,True,True,False,False,False,False,True,False
495000,-1.418766963920215,7,-1.6554196366675484,-1.2871019663728054,False,False,False,False,True,False,True,False,False,False,False,False,False,False
200000,-0.7733475378133242,12,0.22641758268964243,-0.8979993014365886,True,False,False,False,True,False,True,False,False,False,False,False,False,False
110000,0.9554544964015619,7,0.9321065399485889,0.36137316320072,False,False,False,True,True,False,True,True,False,False,False,False,False,False
100000,1.4164683721921982,7,1.167336192368238,0.5938333950100406,False,False,False,True,True,False,True,True,False,False,False,False,False,False
150000,-1.0038544757086423,7,-0.7145010269889529,-0.8722649982000663,False,False,False,True,True,False,True,False,True,False,False,False,False,False
50000,0.26393368271560746,3,1.8730251496271844,-0.5042644619177978,False,False,False,True,True,False,True,False,False,False,True,False,True,False
85000,0.0334267448202893,1,1.4025658447878866,-0.5377190561252768,False,False,False,True,True,False,True,False,True,False,False,False,False,False
475000,-1.049955863287706,5,-1.1849603318282507,-0.7193297103944483,False,False,False,True,True,False,True,False,False,False,False,False,True,False
425000,-0.6580940688656651,14,-0.24404172214965525,-0.613752224778638,False,False,False,True,True,False,True,False,False,False,False,False,True,False
480000,0.9554544964015619,9,1.6377954972075355,0.03453058163423169,False,False,False,True,True,False,False,False,True,False,False,True,False,False
950000,-1.3496148825516194,7,-1.4201899842478996,-1.2068109402748557,True,False,False,False,True,False,True,False,False,False,False,False,False,False
535000,0.26393368271560746,7,-0.4792713745693041,0.7001009295514444,True,False,False,False,True,False,True,False,False,False,False,False,False,False
325000,-1.0038544757086423,5,0.9321065399485889,-1.2381746223443673,True,False,False,False,True,False,True,False,False,False,True,False,True,False
270000,0.12562951997841657,7,-0.008812069730006403,0.1481001251280418,False,False,False,True,True,False,True,False,False,False,True,False,False,False
300000,-0.19708019307502883,7,-0.4792713745693041,0.09791823381682327,False,False,False,True,True,False,True,False,False,False,True,False,False,False
325000,0.0334267448202893,14,0.4616472351092913,-0.2031731140504873,True,False,False,False,True,False,True,False,False,False,False,False,True,False
350000,0.7249475585062437,12,0.6968768875289402,0.2986457990616971,True,False,False,False,True,False,True,False,False,False,False,False,False,False
229999,1.7852794728247072,5,1.167336192368238,0.8772134871204506,True,False,False,False,True,False,True,False,False,False,True,False,True,False
325000,1.18596143429688,7,0.22641758268964243,1.070674896157365,True,False,False,False,True,False,True,False,True,False,False,False,False,False
70000,0.0334267448202893,7,1.8730251496271844,-0.6548101358514531,False,False,False,True,True,False,True,False,True,False,False,False,False,False
190000,1.18596143429688,11,1.167336192368238,0.4167208374410345,True,False,False,False,True,False,True,False,False,False,True,False,True,False
345000,-0.07030137723260386,1,0.4616472351092913,-0.29995247586498003,True,False,False,False,True,False,True,False,False,False,False,False,False,False
1025000,0.0334267448202893,6,-0.7145010269889529,0.6331917411364864,True,False,False,False,True,False,True,False,False,False,False,False,True,False
120000,-0.42758713097034695,7,0.22641758268964243,-0.550586207743538,False,False,False,True,True,False,True,False,False,False,False,False,False,False
114999,0.4944406206109256,7,0.9321065399485889,-0.014991021633418186,False,False,False,True,True,False,True,False,True,False,False,False,False,False
300000,1.18596143429688,4,0.9321065399485889,0.5495552556177892,False,False,False,True,True,False,True,False,True,False,False,False,True,False
340000,-0.2892829682331561,7,-0.7145010269889529,0.1648274222317813,False,False,False,True,False,False,True,False,False,False,False,False,False,False
90000,0.0334267448202893,7,1.8730251496271844,-0.6548101358514531,False,False,False,True,True,False,True,False,True,False,False,False,False,False
150000,1.6538905182243757,7,1.6377954972075355,0.5146920469173636,False,False,False,True,True,False,True,False,False,False,False,False,False,False
115999,0.0334267448202893,7,0.6968768875289402,-0.30353689667292405,False,False,False,True,True,False,True,False,False,False,False,False,False,False
375000,-1.049955863287706,7,-0.7145010269889529,-0.9391741866150242,False,False,False,True,False,False,True,False,True,False,False,False,False,False
275000,-1.3447511861620283,7,1.4025658447878866,-1.5378274226607562,False,False,False,True,True,False,True,False,False,False,False,False,False,False
120000,1.18596143429688,6,1.8730251496271844,0.09791823381682327,True,False,False,False,True,False,True,False,False,False,True,False,True,False
350000,1.18596143429688,7,-0.4792713745693041,1.9044663210206867,True,False,False,False,True,False,True,False,False,False,False,False,False,False
409999,-0.7733475378133242,7,-0.9497306794086018,-0.3913552064675564,False,False,False,True,True,False,True,False,False,False,False,False,False,False
500000,1.4164683721921982,5,0.22641758268964243,1.3022836252860654,True,False,False,False,True,False,True,False,False,False,False,False,True,False
220000,0.4944406206109256,8,-0.008812069730006403,0.5495552556177892,True,False,False,False,True,False,True,False,True,False,False,False,True,False
120000,0.26393368271560746,3,1.167336192368238,-0.2917293928349904,False,False,False,True,True,False,True,False,True,False,False,False,True,False
70000,-0.3123336620226879,5,1.4025658447878866,-0.7886285126813689,False,False,False,True,True,False,True,False,True,False,False,False,True,False
800000,-1.2343614136039605,7,-0.9497306794086018,-1.1440835761358328,False,False,False,True,True,False,True,False,False,False,False,False,False,False
450000,3.563834124514915,7,-0.24404172214965525,4.399648641514086,True,False,False,False,True,False,True,False,True,False,False,False,False,False
525000,1.7622287790351754,6,0.22641758268964243,1.6496967189791163,True,False,False,False,True,False,True,False,False,False,False,False,True,False
300000,-0.7733475378133242,9,-0.7145010269889529,-0.5377190561252768,False,False,False,True,True,False,True,False,False,False,False,False,False,False
195000,-0.2892829682331561,5,1.167336192368238,-0.7167995310006053,False,False,False,True,True,False,True,False,True,False,False,False,True,False
130000,0.6788461709271801,3,1.4025658447878866,-0.06935473722057152,True,False,False,False,True,False,True,False,True,False,False,False,True,False
300000,1.5317218411398572,13,0.4616472351092913,1.1947510010477405,True,False,False,False,True,False,True,False,True,False,False,False,False,True
120000,-0.19708019307502883,7,2.578714106886131,-0.9231741632984038,False,False,False,True,True,False,True,False,False,False,True,False,False,False
450000,1.18596143429688,13,0.6968768875289402,0.7001009295514444,True,False,False,False,True,False,True,False,False,False,True,False,False,True
160000,0.7710489460853074,12,0.6968768875289402,0.3387913121106717,True,False,False,False,True,False,True,False,True,False,False,False,False,False
800000,-0.7733475378133242,6,-1.1849603318282507,-0.2031731140504873,True,False,False,False,True,False,True,False,False,False,False,False,True,False
100000,0.26393368271560746,7,-0.008812069730006403,0.2986457990616971,False,False,False,True,True,False,True,False,False,False,False,False,False,False
265000,-0.8209933218762865,7,-0.4792713745693041,-0.7170457174556262,False,False,False,True,False,False,True,False,False,False,False,False,False,False
175000,-0.32268342353418766,7,1.167336192368238,-0.7424631405923543,False,False,False,True,False,False,True,False,False,False,False,False,False,False
250999,-0.2636505967391967,7,-0.24404172214965525,-0.14536357525996366,False,False,False,True,False,False,True,False,False,False,False,False,False,False
471000,-0.634467107731395,5,-0.4792713745693041,-0.4734025987613985,False,False,False,True,False,False,False,False,False,False,False,False,True,False
650000,-1.4648683514992786,7,-1.4201899842478996,-1.457720396830948,True,False,False,False,True,False,True,False,False,False,False,False,False,False
225000,-0.35562286495942863,5,0.22641758268964243,-0.4782779625095576,False,False,False,True,False,False,True,False,True,False,False,False,True,False
245000,-0.10231879090626356,7,-0.008812069730006403,-0.1000242364602779,False,False,False,False,False,False,True,False,False,False,False,False,False,False
221000,0.2383935139968062,7,0.4616472351092913,-0.011937095105049828,False,False,False,True,False,False,True,False,False,False,False,False,False,False
271000,0.12823424837663366,5,0.4616472351092913,-0.11471677735204086,False,False,False,True,False,False,True,False,False,False,False,False,True,False
290000,0.26393368271560746,7,0.22641758268964243,0.1442399796425635,False,False,False,True,False,False,True,False,False,False,False,False,False,False
525000,-0.681144762655197,7,-0.9497306794086018,-0.2408095325339011,False,False,False,True,False,False,True,False,False,False,False,False,False,False
377000,0.37400074556062185,14,0.22641758268964243,0.25483314780151767,False,False,False,True,False,False,True,False,False,False,False,False,True,False
95000,-1.1011745048880457,12,0.22641758268964243,-1.2273932360034263,False,False,False,True,False,False,True,False,False,False,False,False,False,False
763000,-0.09471206195571805,7,-0.4792713745693041,0.231632901404696,True,False,False,False,False,False,True,False,False,False,False,False,False,False
450000,-0.5845162542894796,4,-0.4792713745693041,-0.4081561036785524,False,False,False,True,False,False,True,False,False,False,False,False,True,False
140000,-0.5563022050910926,12,-0.24404172214965525,-0.4928777345802704,False,False,False,True,False,False,True,False,False,False,False,False,False,False
701000,0.2637262264715017,7,-0.7145010269889529,0.9674365918634087,True,False,False,False,False,False,True,False,False,False,False,False,False,False
277000,-0.1371253385284566,8,0.4616472351092913,-0.36229989139836094,True,False,False,False,False,False,True,False,True,False,False,False,True,False
520000,-0.42758713097034695,7,-1.1849603318282507,0.442022631379464,False,False,False,True,True,False,False,False,False,False,False,False,False,False
550000,0.7249475585062437,3,-0.9497306794086018,2.055011994954342,True,False,False,False,True,False,True,False,False,False,False,False,True,False
260000,0.6557954771376483,14,0.4616472351092913,0.3775030568364688,True,False,False,False,True,False,True,False,False,False,True,False,True,False
420000,0.7249475585062437,10,-0.4792713745693041,1.3022836252860654,True,False,False,False,True,False,True,False,False,False,False,False,True,False
35000,0.7249475585062437,9,2.578714106886131,-0.3995370365726463,False,False,False,True,True,False,True,False,False,False,True,False,False,False
1150000,-1.1191079446563015,6,-1.1849603318282507,-0.8483688594804384,True,False,False,False,True,False,True,False,False,False,False,False,True,False
680000,-0.5197899061284742,7,-0.9497306794086018,0.022645396849995635,False,False,False,True,True,False,True,False,False,False,False,False,False,False
425000,-0.6580940688656651,7,0.22641758268964243,-0.7821949368722383,True,False,False,False,True,False,True,False,False,False,False,False,False,False
450000,0.0334267448202893,7,-0.24404172214965525,0.20740599667766357,True,False,False,False,True,False,True,False,True,False,False,False,False,False
590000,0.48522034309511286,13,1.167336192368238,-0.12170133756874432,True,False,False,False,True,False,True,False,False,False,True,False,False,True
936999,-0.17863963804340338,14,-0.9497306794086018,0.5796643904045202,False,False,False,True,True,False,True,False,False,False,False,False,True,False
420000,0.817150333664371,4,-0.4792713745693041,1.4227201644329897,True,False,False,False,True,False,True,False,True,False,False,False,True,False
450000,0.26393368271560746,14,-0.24404172214965525,0.48112540382976404,True,False,False,False,True,False,True,False,True,False,False,False,True,False
40000,0.012934678041395519,7,2.108254802046833,-0.717738227555721,False,False,False,True,True,False,True,False,False,False,True,False,False,False
520000,0.0334267448202893,13,-0.24404172214965525,0.20740599667766357,True,False,False,False,True,False,True,False,True,False,False,False,False,True
80000,1.18596143429688,7,1.4025658447878866,0.2986457990616971,False,False,False,True,True,False,True,False,False,False,False,False,False,False
55000,-0.6580940688656651,12,-0.24404172214965525,-0.613752224778638,False,False,False,True,True,False,True,False,False,False,False,False,False,False
80000,0.7249475585062437,6,2.8139437593057797,-0.45408257060657936,True,False,False,False,True,False,True,False,False,False,True,False,True,False
210000,-1.1191079446563015,7,-1.4201899842478996,-0.7049920271626715,False,False,False,True,True,False,True,False,False,False,False,False,False,False
260000,-0.42758713097034695,12,-0.9497306794086018,0.17319107078365092,True,False,False,False,True,False,True,False,False,False,False,False,False,False
250000,0.0334267448202893,12,-0.7145010269889529,0.6331917411364864,True,False,False,False,True,False,True,False,False,False,False,False,False,False
80000,0.4944406206109256,12,1.167336192368238,-0.11461683526598422,True,False,False,False,True,False,True,False,False,False,False,False,False,False
450000,1.8774822479828344,13,0.6968768875289402,1.3022836252860654,True,False,False,False,True,False,True,False,True,False,False,False,False,True
310000,1.18596143429688,13,1.8730251496271844,0.09791823381682327,True,False,False,False,True,False,True,False,True,False,False,False,False,True
350000,0.4944406206109256,3,-0.24404172214965525,0.7548448109818645,False,False,False,True,True,False,True,False,True,False,False,False,True,False
320000,0.7249475585062437,7,0.4616472351092913,0.442022631379464,True,False,False,False,True,False,True,False,False,False,False,False,False,False
475000,0.4944406206109256,4,-0.7145010269889529,1.3022836252860654,True,False,False,False,True,False,True,False,False,False,False,False,True,False
220000,1.6469753100875162,12,0.4616472351092913,1.3022836252860654,True,False,False,False,True,False,True,False,True,False,False,False,False,False
70000,-0.19708019307502883,12,1.167336192368238,-0.6459545079730028,False,False,False,True,True,False,True,False,False,False,False,False,False,False
281000,-0.6580940688656651,1,-0.4792713745693041,-0.5042644619177978,True,False,False,False,True,False,True,False,False,False,False,False,False,False
211000,0.26393368271560746,12,-0.008812069730006403,0.2986457990616971,True,False,False,False,True,False,True,False,False,False,False,False,False,False
550000,-1.3265641887620878,5,-1.1849603318282507,-1.2354863067384092,False,False,False,True,True,False,True,False,False,False,False,False,True,False
350000,0.9554544964015619,1,-0.24404172214965525,1.3022836252860654,True,False,False,False,True,False,True,False,False,False,False,False,False,False
420000,-1.12164352097315,7,-0.9497306794086018,-0.9600414897519393,False,False,False,True,False,False,False,False,False,False,False,False,False,False
270000,-1.096771822374245,10,-0.4792713745693041,-1.0772714060440765,False,False,False,True,False,False,True,False,False,False,False,False,True,False
399000,-1.1146361100611322,7,-0.7145010269889529,-1.0330477779612102,False,False,False,True,False,False,True,False,False,False,False,False,False,False
440000,-0.7737624503015358,3,-0.7145010269889529,-0.5383212388210115,False,False,False,True,False,False,True,False,False,False,False,False,True,False
250000,-0.5523374857592932,5,0.22641758268964243,-0.6759328519479906,False,False,False,True,False,False,True,False,False,False,False,False,True,False
650000,-0.24539444725788753,3,-0.7145010269889529,0.22852496960282098,True,False,False,False,False,False,True,False,False,False,False,False,True,False
270000,-0.21418380786686145,7,-0.4792713745693041,0.07557725580506888,False,False,False,True,False,False,True,False,False,False,False,False,False,False
390000,-0.17804032000487555,3,-0.7145010269889529,0.32627929387707455,False,False,False,True,False,False,True,False,False,False,False,False,True,False
1500000,-0.42758713097034695,6,-1.1849603318282507,0.442022631379464,True,False,False,False,True,False,True,False,False,False,False,False,True,False
225000,-0.7733475378133242,7,-0.24404172214965525,-0.7506119283546883,False,False,False,True,True,False,True,False,False,False,False,False,False,False
900000,0.9554544964015619,6,-0.4792713745693041,1.6033749731533762,True,False,False,False,True,False,True,False,True,False,False,False,True,False
1600000,-0.6580940688656651,5,-1.1849603318282507,0.011892134426163232,True,False,False,False,True,False,False,False,False,False,False,False,True,False
800000,-1.3496148825516194,12,-1.4201899842478996,-1.2068109402748557,False,False,False,True,True,False,True,False,False,False,False,False,False,False
320000,-0.42758713097034695,4,-0.008812069730006403,-0.45408257060657936,True,False,False,False,True,False,True,False,False,False,False,False,True,False
300000,-1.0038544757086423,7,-0.7145010269889529,-0.8722649982000663,False,False,False,True,True,False,True,False,False,False,False,False,False,False
740000,-1.0038544757086423,5,-1.1849603318282507,-0.6333036110037881,False,False,False,True,True,False,True,False,False,False,False,False,True,False
350000,-1.5501559185205462,9,-1.4201899842478996,-1.6433933946824562,False,False,False,True,True,False,True,False,False,False,False,False,False,False
280000,-0.6580940688656651,9,-0.24404172214965525,-0.613752224778638,False,False,False,True,True,False,True,False,False,False,False,False,False,False
675000,-0.42758713097034695,7,-1.1849603318282507,0.442022631379464,True,False,False,False,True,False,False,False,False,False,False,False,False,False
300000,-1.1191079446563015,5,0.4616472351092913,-1.2784993564337392,False,False,False,True,True,False,True,False,False,False,False,False,True,False
400000,0.1717309075574802,1,0.4616472351092913,-0.07413396496449709,True,False,False,False,True,False,True,False,False,False,True,False,False,False
420000,0.7249475585062437,6,0.6968768875289402,0.2986457990616971,True,False,False,False,True,False,True,False,False,False,True,False,True,False
300000,1.18596143429688,12,1.167336192368238,0.4167208374410345,True,False,False,False,True,False,True,False,False,False,False,False,False,False
170000,0.0334267448202893,7,0.6968768875289402,-0.30353689667292405,False,False,False,True,True,False,True,False,False,False,False,False,False,False
210000,0.0334267448202893,5,-0.24404172214965525,0.20740599667766357,False,False,False,True,True,False,True,False,False,False,True,False,True,False
600000,-0.19708019307502883,7,-0.4792713745693041,0.09791823381682327,True,False,False,False,True,False,True,False,True,False,False,False,False,False
260000,-0.7041954564447287,7,-0.24404172214965525,-0.6684961062090582,False,False,False,True,True,False,True,False,True,False,False,False,False,False
82000,-1.142158638445833,12,-0.4792713745693041,-1.1365562924391501,False,False,False,True,True,False,True,False,False,False,False,False,False,False
690000,0.14868021376794838,6,-0.7145010269889529,0.8004647121738815,True,False,False,False,True,False,True,False,False,False,False,False,True,False
300000,0.0334267448202893,5,-0.4792713745693041,0.39900958168413386,True,False,False,False,True,False,True,False,False,False,False,False,True,False
1250000,-0.8886010067609833,4,-0.9497306794086018,-0.5795372988846255,True,False,False,False,True,False,True,False,False,False,False,False,True,False
799000,-0.8492534724622525,5,-0.9497306794086018,-0.5152919325334381,True,False,False,False,True,False,True,False,False,False,False,False,True,False
1000000,2.5690030616687887,13,0.6968768875289402,1.9044663210206867,True,False,False,False,True,False,True,False,False,False,False,False,False,True
190000,0.4944406206109256,7,-0.24404172214965525,0.7548448109818645,False,False,False,True,True,False,True,False,True,False,False,False,False,False
250000,-0.8886010067609833,6,-0.24404172214965525,-0.8874716319307385,True,False,False,False,True,False,True,False,False,False,False,False,True,False
200000,-0.19708019307502883,5,0.9321065399485889,-0.5795372988846255,False,False,False,True,True,False,True,False,False,False,False,False,True,False
300000,0.4944406206109256,6,1.8730251496271844,-0.3537187879841426,True,False,False,False,True,False,True,False,True,False,False,False,True,False
250000,1.18596143429688,12,-0.4792713745693041,1.9044663210206867,False,False,False,True,True,False,True,False,True,False,False,False,False,False
90000,0.0334267448202893,7,1.167336192368238,-0.4688419504039965,False,False,False,True,True,False,True,False,False,False,True,False,False,False
700000,2.1079891858781528,10,-0.7145010269889529,3.6441052198095925,True,False,False,False,True,False,True,False,False,False,False,False,True,False
1750000,1.0935742535884365,9,0.22641758268964243,0.9778461175225821,True,False,False,False,False,False,False,False,False,False,True,True,False,False
290000,0.9554544964015619,7,-0.9497306794086018,2.4313761797884803,False,False,False,True,True,False,True,False,True,False,False,False,False,False
1050000,0.6557954771376483,13,-0.24404172214965525,0.9464483959883349,True,False,False,False,True,False,True,False,True,False,False,False,False,True
70000,0.7249475585062437,12,1.167336192368238,0.06249572230302194,True,False,False,False,True,False,True,False,False,False,True,False,False,False
520000,-0.6350433750761333,7,-0.7145010269889529,-0.3369914908804031,True,False,False,False,True,False,True,False,False,False,False,False,False,False
150000,0.4944406206109256,12,0.22641758268964243,0.37584870877126375,True,False,False,False,True,False,True,False,False,False,False,False,False,False
120000,0.4944406206109256,5,1.167336192368238,-0.11461683526598422,False,False,False,True,True,False,True,False,False,False,False,False,True,False
600000,-1.0038544757086423,5,-0.7145010269889529,-0.8722649982000663,False,False,False,True,True,False,True,False,False,False,False,False,True,False
150000,0.0334267448202893,12,0.6968768875289402,-0.30353689667292405,True,False,False,False,True,False,True,False,True,False,False,False,False,False
400000,-0.19708019307502883,14,0.4616472351092913,-0.4182383625271378,False,False,False,True,True,False,True,False,False,False,False,False,True,False
310000,-0.8886010067609833,7,-0.4792713745693041,-0.8053558097851085,False,False,False,True,True,False,True,False,True,False,False,False,False,False
550000,-0.8886010067609833,7,-0.4792713745693041,-0.8053558097851085,False,False,False,True,True,False,True,False,False,False,False,False,False,False
550000,-0.19708019307502883,5,-0.7145010269889529,0.2986457990616971,True,False,False,False,True,False,True,False,False,False,False,False,True,False
320000,0.10257882618888474,5,-0.008812069730006403,0.1230091794724324,True,False,False,False,True,False,True,False,False,False,False,False,True,False
50000,0.7249475585062437,7,4.93101063108262,-0.796231829546705,False,False,False,True,True,False,True,True,False,False,False,False,False,False
700000,-0.42758713097034695,7,-0.9497306794086018,0.17319107078365092,True,False,False,False,True,False,True,False,True,False,False,False,False,False
700000,0.9554544964015619,7,0.22641758268964243,0.8390661670286645,True,False,False,False,True,False,True,False,True,False,False,False,False,False
655000,0.3561364578737347,5,-0.9497306794086018,1.4528292992197207,True,False,False,False,False,False,True,False,False,False,False,False,True,False
200000,0.9554544964015619,1,0.4616472351092913,0.6570878798561143,False,False,True,False,True,False,True,False,False,False,False,False,False,False
375000,1.8774822479828344,10,0.22641758268964243,1.7655010835434666,True,False,False,False,True,False,True,False,False,False,False,False,True,False
470000,0.9336024386890857,5,0.22641758268964243,0.8171096595072639,True,False,False,False,False,False,True,False,False,False,False,False,True,False
550000,0.5096079771244375,7,-0.4792713745693041,1.0210040881084237,True,False,False,False,False,False,True,False,False,False,False,False,False,False
500000,0.9554544964015619,4,-0.24404172214965525,1.3022836252860654,True,False,False,False,True,False,True,False,True,False,False,False,True,False
210000,-1.0038544757086423,9,-0.4792713745693041,-0.9559014837187637,False,False,False,True,True,False,True,False,False,False,False,False,False,False
1451000,0.28698437650513925,9,-0.008812069730006403,0.3237367447173062,True,False,False,False,False,False,False,False,False,False,False,True,False,False
245000,0.14868021376794838,5,0.9321065399485889,-0.29726416025902186,True,False,False,False,False,False,False,False,False,False,False,False,True,False
700000,-0.9911304927368207,4,-0.9497306794086018,-0.7469440882988502,False,False,False,True,False,False,True,False,True,False,False,False,True,False
300000,-1.1191079446563015,5,-1.1849603318282507,-0.8483688594804384,False,False,False,True,True,False,True,False,False,False,False,False,True,False
350000,0.26393368271560746,5,-0.9497306794086018,1.3022836252860654,True,False,False,False,True,False,True,False,False,False,False,False,True,False
635000,-1.0038544757086423,5,-0.9497306794086018,-0.7677193913016946,False,False,False,True,False,False,False,False,False,False,False,False,True,False
325000,-0.6419585832129928,4,0.22641758268964243,-0.7659823258332293,False,False,False,True,True,False,True,False,False,False,False,False,True,False
1150000,-0.07030137723260386,6,-0.9497306794086018,0.7565555572765651,True,False,False,False,False,False,False,False,False,False,False,False,True,False
110000,-0.6119926812866014,12,1.167336192368238,-0.964757111597214,False,False,False,True,False,False,True,False,False,False,False,False,False,False
890000,-1.3957162701306831,4,-1.1849603318282507,-1.3645254558243993,False,False,False,True,False,False,True,False,False,False,False,False,True,False
73000,0.26393368271560746,7,1.4025658447878866,-0.37044608508788207,False,False,False,True,True,False,True,False,True,False,False,False,False,False
750000,-1.4418176577097468,7,-0.7145010269889529,-1.5079022881421662,False,False,False,True,False,False,True,False,False,False,False,False,False,False
690000,-1.3225533680427093,7,-1.1849603318282507,-1.228002036091422,False,False,False,True,False,False,True,False,False,False,False,False,False,False
130000,1.18596143429688,12,1.167336192368238,0.4167208374410345,False,False,False,True,True,False,True,False,False,False,False,False,False,False
85000,0.3791871516632665,5,1.4025658447878866,-0.28680959956918456,False,False,False,True,True,False,True,False,True,False,False,False,True,False
1575000,-1.3496148825516194,5,-1.1849603318282507,-1.2784993564337392,False,False,False,True,True,False,False,False,False,False,False,False,True,False
325000,0.8402010274539028,8,-0.008812069730006403,0.9259194404519273,True,False,False,False,True,False,True,False,False,False,False,False,True,False
85000,1.18596143429688,4,3.5196327165647263,-0.37044608508788207,False,False,False,True,True,False,True,False,True,False,False,False,True,False
860000,-0.8886010067609833,5,-1.1849603318282507,-0.4182383625271378,True,False,False,False,False,False,True,False,True,False,False,False,True,False
690000,-0.6350433750761333,7,-0.9497306794086018,-0.16553669556707346,True,False,False,False,True,False,True,False,False,False,False,False,False,False
650000,-0.3353843558122197,5,-0.008812069730006403,-0.3537187879841426,True,False,False,False,False,False,True,False,False,False,False,False,True,False
375000,-0.6580940688656651,1,-0.24404172214965525,-0.613752224778638,True,False,False,False,True,False,True,False,False,False,False,False,False,False
525000,0.056477438609821115,5,-0.008812069730006403,0.07282728816121416,True,False,False,False,False,False,True,False,False,False,False,False,True,False
330000,0.09105347929411883,7,-0.7145010269889529,0.7168282266551839,False,False,False,True,False,False,True,False,False,False,False,False,False,False
280000,0.18556132383119928,7,-0.008812069730006403,0.21333658383262558,False,False,False,True,False,False,True,False,False,False,False,False,False,False
470000,-0.6580940688656651,7,-0.24404172214965525,-0.613752224778638,False,False,False,True,True,False,True,False,False,False,False,False,False,False
350000,0.9554544964015619,14,0.4616472351092913,0.6570878798561143,True,False,False,False,True,False,True,False,False,False,False,False,True,False
480000,-0.1279281117064334,4,0.22641758268964243,-0.2494948598762275,False,False,False,True,False,False,True,False,False,False,False,False,True,False
620000,-0.19708019307502883,5,-0.7145010269889529,0.2986457990616971,True,False,False,False,True,False,True,False,False,False,False,False,True,False
250000,-0.24318158065409246,9,-0.24404172214965525,-0.12105729190485706,False,False,False,True,True,False,True,False,False,False,False,False,False,False
78692,0.26393368271560746,1,0.6968768875289402,-0.10280933142805053,False,False,False,True,True,False,True,False,True,False,False,False,False,False
350000,0.26393368271560746,5,0.22641758268964243,0.1442399796425635,True,False,False,False,True,False,True,False,False,False,False,False,True,False
250000,0.0334267448202893,7,-0.008812069730006403,0.047736342505604754,False,False,False,True,True,False,True,False,True,False,False,False,False,False
260000,0.6719309627903205,5,0.4616472351092913,0.3925576242298343,False,False,False,True,True,False,True,True,False,False,False,False,True,False
640000,-0.7502968440237924,4,-0.7145010269889529,-0.5042644619177978,True,False,False,False,True,False,True,False,True,False,False,False,True,False
220000,0.4944406206109256,12,1.167336192368238,-0.11461683526598422,True,False,False,False,True,False,True,False,True,False,False,False,False,False
465000,1.4164683721921982,14,-0.4792713745693041,2.205557668887997,True,False,False,False,True,False,True,False,False,False,False,False,True,False
229999,1.18596143429688,7,0.6968768875289402,0.7001009295514444,True,False,False,False,True,False,True,False,True,False,False,False,False,False
425000,-1.2343614136039605,7,-1.1849603318282507,-1.063434107957089,False,False,False,True,True,False,True,False,False,False,False,False,False,False
95000,1.18596143429688,12,1.167336192368238,0.4167208374410345,False,False,False,True,True,False,True,False,False,False,True,False,False,False
170000,2.3384961237734707,5,0.22641758268964243,2.228718541800867,False,False,True,False,True,False,True,False,False,False,True,False,True,False
229999,-0.7157208033394946,9,-0.7145010269889529,-0.45408257060657936,False,False,False,True,True,False,True,False,True,False,False,False,False,False
45000,-0.42758713097034695,7,3.2844030641450774,-1.1296080305652891,False,False,False,True,True,False,True,False,False,False,True,False,False,False
479000,1.7622287790351754,7,1.4025658447878866,0.7168282266551839,False,False,False,True,True,False,True,False,False,False,True,False,False,False
340000,-0.8886010067609833,5,-0.7145010269889529,-0.7049920271626715,False,False,False,True,True,False,True,False,False,False,False,False,True,False
620000,-0.7733475378133242,7,-0.7145010269889529,-0.5377190561252768,False,False,False,True,True,False,True,False,False,False,False,False,False,False
270000,-0.19708019307502883,12,0.22641758268964243,-0.31897747861483755,True,False,False,False,True,False,True,False,False,False,False,False,False,False
400000,-0.7733475378133242,12,-1.1849603318282507,-0.2031731140504873,True,False,False,False,True,False,True,False,False,False,False,False,False,False
260000,-0.6580940688656651,7,-0.4792713745693041,-0.5042644619177978,False,False,False,True,True,False,True,False,False,False,False,False,False,False
48000,-0.42758713097034695,5,2.343484454466482,-1.024331335506789,False,False,False,True,True,False,True,True,False,False,False,False,True,False
100000,-1.0315153082560804,12,-0.4792713745693041,-0.992032445462841,False,False,False,True,True,False,True,False,True,False,False,False,False,False
490000,0.0334267448202893,8,-0.4792713745693041,0.39900958168413386,True,False,False,False,True,False,True,False,False,False,False,False,True,False
120000,0.4944406206109256,7,0.6968768875289402,0.09791823381682327,False,False,True,False,True,False,True,False,True,False,False,False,False,False
125000,0.7710489460853074,5,1.167336192368238,0.09791823381682327,False,False,False,True,True,False,True,False,True,False,False,False,True,False
190000,-1.4648683514992786,7,-1.4201899842478996,-1.457720396830948,False,False,False,True,True,False,True,False,False,False,False,False,False,False
500000,-1.1191079446563015,2,0.4616472351092913,-1.2784993564337392,False,False,False,True,True,False,True,False,False,False,False,False,False,False
1800000,0.7018968647167119,13,-0.24404172214965525,1.001192277418755,True,False,False,False,True,False,False,False,False,False,False,False,False,True
320000,0.4944406206109256,4,1.167336192368238,-0.11461683526598422,False,False,False,True,True,False,True,False,False,False,False,False,True,False
250000,-0.4967392123389424,4,1.4025658447878866,-0.9224468895112847,False,False,False,True,False,False,False,False,False,False,False,False,True,False
105000,0.4944406206109256,3,0.6968768875289402,0.09791823381682327,True,False,False,False,True,False,True,False,False,False,True,False,True,False
550000,-1.1191079446563015,5,-1.1849603318282507,-0.8483688594804384,False,False,False,True,True,False,True,False,False,False,False,False,True,False
600000,-1.5547660572784527,5,-1.4201899842478996,-1.6534297729446998,False,False,False,True,True,False,False,False,False,False,False,False,True,False
210000,-0.6580940688656651,7,-1.6554196366675484,0.7001009295514444,False,False,False,True,True,False,True,False,False,False,False,False,False,False
210000,-1.2343614136039605,7,0.22641758268964243,-1.3612167596939897,False,False,False,True,True,False,True,False,False,False,False,False,False,False
150000,-0.6580940688656651,7,0.9321065399485889,-0.9559014837187637,False,False,False,True,True,False,True,False,False,False,False,False,False,False
125000,-0.19708019307502883,5,1.167336192368238,-0.6459545079730028,False,False,False,True,True,False,True,False,False,False,False,False,True,False
380000,-1.1191079446563015,7,-0.7145010269889529,-1.0395379692374611,False,False,False,True,True,False,True,False,False,False,False,False,False,False
600000,-1.4648683514992786,7,-1.4201899842478996,-1.457720396830948,False,False,False,True,True,False,True,False,False,False,False,False,False,False
490000,-0.9577530881295787,7,-0.7145010269889529,-0.8053558097851085,False,False,False,True,True,False,True,False,False,False,False,False,False,False
545000,-0.7041954564447287,7,-1.1849603318282507,-0.07413396496449709,True,False,False,False,True,False,True,False,True,False,False,False,False,False
250000,-1.0038544757086423,7,-0.4792713745693041,-0.9559014837187637,False,False,False,True,True,False,True,False,False,False,False,False,False,False
1050000,-1.5547660572784527,5,-1.6554196366675484,-1.6423897568562318,False,False,False,True,True,False,True,False,False,False,False,False,True,False
100000,0.7249475585062437,7,1.4025658447878866,-0.0359001430130925,False,False,False,True,True,False,True,False,False,False,False,False,False,False
250000,0.7249475585062437,3,-0.24404172214965525,1.0285642181339647,True,False,False,False,True,False,True,False,True,False,False,False,True,False
100000,0.9554544964015619,7,1.4025658447878866,0.13137282802430228,False,False,False,True,True,False,True,False,False,False,False,False,False,False
350000,-0.19708019307502883,3,-0.7145010269889529,0.2986457990616971,True,False,False,False,True,False,True,False,True,False,False,False,True,False
370000,0.0334267448202893,10,0.22641758268964243,-0.08736874948613703,True,False,False,False,True,False,True,False,True,False,False,False,True,False
121000,0.9554544964015619,7,2.108254802046833,-0.1314846978916037,False,False,False,True,True,False,True,False,True,False,False,False,False,False
570000,-0.5641163902857439,3,-0.9497306794086018,-0.04972943589360914,False,False,False,True,False,False,False,False,False,False,False,False,True,False
785000,-1.0269051694981741,7,-0.9497306794086018,-0.8053558097851085,True,False,False,False,True,False,True,False,False,False,False,False,False,False
850000,-0.8886010067609833,7,-1.1849603318282507,-0.4182383625271378,True,False,False,False,True,False,True,False,False,False,False,False,False,False
375000,-0.8886010067609833,7,-0.7145010269889529,-0.7049920271626715,False,False,False,True,True,False,True,False,True,False,False,False,False,False
619000,-0.6580940688656651,7,-0.9497306794086018,-0.2031731140504873,False,False,False,True,True,False,True,False,False,False,False,False,False,False
335000,0.4944406206109256,1,0.4616472351092913,0.22695738290281348,True,False,False,False,True,False,True,False,True,False,False,False,False,False
500000,-0.42758713097034695,13,1.6377954972075355,-0.9162842011046438,True,False,False,False,True,False,True,False,False,False,False,False,False,True
60000,0.7249475585062437,7,2.343484454466482,-0.3400328176265377,False,False,False,True,True,False,True,False,True,False,False,False,False,False
210000,3.2605238753547434,6,-0.4792713745693041,4.614288451826482,True,False,False,False,True,False,True,False,False,False,False,False,True,False
1900000,-1.1191079446563015,13,-1.4201899842478996,-0.7049920271626715,True,False,False,False,True,False,True,False,False,False,False,False,False,True
270000,0.0334267448202893,12,-0.008812069730006403,0.047736342505604754,True,False,False,False,True,False,True,False,True,False,False,False,False,False
225000,0.7249475585062437,7,0.6968768875289402,0.2986457990616971,False,False,False,True,True,False,True,False,True,False,False,False,False,False
150000,2.1079891858781528,7,0.4616472351092913,1.7324141222393665,False,False,False,True,True,False,True,False,True,False,False,False,False,False
173000,0.0334267448202893,1,-0.008812069730006403,0.047736342505604754,True,False,False,False,True,False,True,False,False,False,False,False,False,False
2675000,-1.362938183561969,9,-1.1849603318282507,-1.3033608991576402,True,False,False,False,True,False,False,False,False,False,False,True,False,False
710000,0.9554544964015619,14,-0.9497306794086018,2.4313761797884803,True,False,False,False,True,False,False,False,False,False,False,False,True,False
1500000,-1.1191079446563015,13,-1.4201899842478996,-0.7049920271626715,False,False,False,True,True,False,True,False,False,False,False,False,False,True
550000,-1.1191079446563015,7,-0.9497306794086018,-0.9559014837187637,False,False,False,True,True,False,True,False,False,False,False,False,False,False
58000,0.0334267448202893,7,1.167336192368238,-0.4688419504039965,False,False,False,True,True,False,True,False,True,False,False,False,False,False
1200000,-0.19708019307502883,0,0.22641758268964243,-0.31897747861483755,False,False,False,True,True,False,False,False,False,False,True,True,False,False
500000,1.8774822479828344,6,-0.008812069730006403,2.055011994954342,True,False,False,False,True,False,True,False,False,False,False,False,True,False
120000,0.3330857640842029,7,0.9321065399485889,-0.14671848632536655,False,False,False,True,True,False,True,False,True,False,False,False,False,False
300000,3.563834124514915,13,0.22641758268964243,3.4599134884523752,True,False,False,False,True,False,True,False,False,False,False,False,False,True
300000,-0.8886010067609833,5,-1.1849603318282507,-0.4182383625271378,False,False,False,True,True,False,True,False,False,False,False,False,True,False
295000,-1.0960572508667696,9,-0.4792713745693041,-1.076338022865688,False,False,False,True,True,False,True,False,False,False,False,False,False,False
587000,0.26393368271560746,7,-1.1849603318282507,1.7324141222393665,False,False,False,False,True,False,True,False,False,False,False,False,False,False
430000,-0.42758713097034695,9,0.22641758268964243,-0.550586207743538,False,False,False,True,True,False,True,False,True,False,False,False,False,False
123000,-0.42758713097034695,5,1.4025658447878866,-0.8722649982000663,False,False,False,True,True,False,True,False,True,False,False,False,True,False
450000,-0.4621631716546447,11,0.22641758268964243,-0.5853275171128429,True,False,False,False,True,False,False,False,True,False,False,False,True,False
130000,-0.19708019307502883,7,1.4025658447878866,-0.7049920271626715,False,False,False,True,True,False,True,False,False,False,True,False,False,False
110000,0.4944406206109256,12,0.6968768875289402,0.09791823381682327,True,False,False,False,True,False,True,False,True,False,False,False,False,False
200000,3.563834124514915,6,0.6968768875289402,2.770774376207119,True,False,False,False,True,False,True,False,False,False,True,False,True,False
320000,0.0334267448202893,5,-0.4792713745693041,0.39900958168413386,False,False,False,True,True,False,True,False,True,False,False,False,True,False
300000,-0.42758713097034695,7,-0.24404172214965525,-0.3400328176265377,False,False,False,True,True,False,True,False,False,False,False,False,False,False
350000,0.9554544964015619,14,-0.7145010269889529,1.9713755094356447,False,False,False,True,True,False,True,False,False,False,False,False,True,False
800000,-0.42758713097034695,7,-1.1849603318282507,0.442022631379464,False,False,False,True,True,False,True,False,False,False,False,False,False,False
270000,2.4537495927211297,5,-0.7145010269889529,4.145924132921777,True,False,False,False,True,False,True,False,False,False,False,False,True,False
540000,-0.19708019307502883,5,-0.9497306794086018,0.5495552556177892,False,False,False,True,True,False,True,False,False,False,False,False,True,False
160000,-0.19708019307502883,7,0.4616472351092913,-0.4182383625271378,False,False,False,False,True,False,True,False,True,False,False,False,False,False
340000,0.7249475585062437,7,-0.008812069730006403,0.8004647121738815,True,False,False,False,True,False,True,False,True,False,False,False,False,False
350000,-0.6580940688656651,7,-0.9497306794086018,-0.2031731140504873,False,False,False,True,True,False,True,False,True,False,False,False,False,False
300000,0.7249475585062437,14,0.4616472351092913,0.442022631379464,True,False,False,False,True,False,True,False,False,False,False,False,True,False
330000,-0.1279281117064334,7,-0.008812069730006403,-0.12790027708365964,True,False,False,False,True,False,True,False,False,False,False,False,False,False
325000,0.26393368271560746,7,-0.7145010269889529,0.967737683211276,False,False,False,False,True,False,True,False,True,False,False,False,False,False
250000,-0.3123336620226879,7,-0.008812069730006403,-0.3286278423285334,True,False,False,False,True,False,True,False,False,False,False,False,False,False
250000,-0.3123336620226879,7,-0.008812069730006403,-0.3286278423285334,True,False,False,False,True,False,True,False,False,False,False,False,False,False
240000,-0.19708019307502883,1,-0.4792713745693041,0.09791823381682327,False,False,False,True,True,False,True,False,False,False,False,False,False,False
545000,-1.4648683514992786,5,-1.6554196366675484,-1.4075385055197296,False,False,False,True,True,False,True,False,False,False,False,False,True,False
300000,-0.47368851854941063,5,-0.4792713745693041,-0.2633913836239494,False,False,False,True,False,False,True,False,False,False,False,False,True,False
240000,-0.42758713097034695,10,-0.9497306794086018,0.17319107078365092,False,False,False,True,True,False,True,False,False,False,False,False,True,False
360000,-1.2343614136039605,10,-1.1849603318282507,-1.063434107957089,False,False,False,True,True,False,True,False,False,False,False,False,True,False
250000,0.0334267448202893,5,0.22641758268964243,-0.08736874948613703,True,False,False,False,True,False,True,False,False,False,False,False,True,False
475000,0.8402010274539028,11,-1.4201899842478996,3.560468734290895,True,False,False,False,False,False,False,False,False,False,False,False,True,False
600000,-0.42758713097034695,5,-0.7145010269889529,-0.0359001430130925,True,False,False,False,True,False,True,False,True,False,False,False,True,False
150000,0.26393368271560746,12,0.6968768875289402,-0.10280933142805053,True,False,False,False,True,False,True,False,True,False,False,False,False,False
700000,-0.42758713097034695,3,-0.9497306794086018,0.17319107078365092,True,False,False,False,True,False,True,False,False,False,False,False,True,False
1290000,-1.4648683514992786,6,-0.7145010269889529,-1.5413568823496453,True,False,False,False,True,False,True,False,False,False,False,False,True,False
500000,-1.3496148825516194,7,-1.1849603318282507,-1.2784993564337392,False,False,False,True,True,False,False,False,False,False,False,False,False,False
193000,-0.542840599918006,5,0.22641758268964243,-0.6663905723078882,False,False,False,True,True,False,True,False,True,False,False,False,True,False
800000,-1.3496148825516194,4,-0.4792713745693041,-1.4075385055197296,False,False,False,True,True,False,True,False,False,False,False,False,True,False
150000,-0.42758713097034695,7,1.167336192368238,-0.823067065542009,False,False,False,True,True,False,True,False,False,False,False,False,False,False
80000,-0.6580940688656651,7,2.578714106886131,-1.1849927266612825,False,False,False,True,True,False,True,True,False,False,False,False,False,False
130000,0.7249475585062437,3,0.6968768875289402,0.2986457990616971,True,False,False,False,True,False,True,False,False,False,True,False,True,False
280000,0.26393368271560746,3,0.22641758268964243,0.1442399796425635,True,False,False,False,True,False,True,False,True,False,False,False,True,False
229999,0.9554544964015619,6,0.4616472351092913,0.6570878798561143,True,False,False,False,True,False,True,False,True,False,False,False,True,False
80000,1.18596143429688,7,1.167336192368238,0.4167208374410345,False,False,False,True,True,False,True,False,False,False,False,False,False,False
70000,-1.3496148825516194,12,0.6968768875289402,-1.5079022881421662,False,False,False,True,True,False,True,False,False,False,False,False,False,False
240000,-0.19708019307502883,7,-0.008812069730006403,-0.2031731140504873,True,False,False,False,True,False,True,False,True,False,False,False,False,False
380000,0.07952813239935293,6,0.6968768875289402,-0.2633913836239494,True,False,False,False,True,False,True,False,True,False,False,False,True,False
80000,0.9554544964015619,5,1.6377954972075355,0.03453058163423169,False,False,False,True,True,False,True,False,False,False,False,False,True,False
265000,-0.42758713097034695,5,-0.008812069730006403,-0.45408257060657936,False,False,False,True,True,False,True,False,False,False,False,False,True,False
320000,-1.0038544757086423,5,-1.1849603318282507,-0.6333036110037881,False,False,False,True,True,False,True,False,False,False,False,False,True,False
500000,1.18596143429688,8,-0.24404172214965525,1.5760030324381662,True,False,False,False,True,False,True,False,False,False,True,False,True,False
1300000,-0.3123336620226879,5,-0.7145010269889529,0.13137282802430228,True,False,False,False,True,False,True,False,False,False,False,False,True,False
1500000,-0.7733475378133242,6,-1.1849603318282507,-0.2031731140504873,True,False,False,False,True,False,True,False,False,False,False,False,True,False
1800000,0.9554544964015619,13,-0.7145010269889529,1.9713755094356447,True,False,False,False,True,False,False,False,False,False,False,False,False,True
600000,0.26393368271560746,6,-0.24404172214965525,0.48112540382976404,True,False,False,False,True,False,True,False,True,False,False,False,True,False
420000,0.26393368271560746,12,-1.1849603318282507,1.7324141222393665,False,False,False,True,True,False,True,False,False,False,False,False,False,False
140000,1.18596143429688,7,0.9321065399485889,0.5495552556177892,False,False,False,True,True,False,True,False,False,False,False,False,False,False
300000,0.7249475585062437,11,0.6968768875289402,0.2986457990616971,True,False,False,False,True,False,True,False,True,False,False,False,True,False
100000,-0.19708019307502883,5,1.6377954972075355,-0.7578150706481646,False,False,False,True,False,False,True,False,True,False,False,False,True,False
350000,-1.0038544757086423,7,-0.9497306794086018,-0.7677193913016946,False,False,False,True,False,False,True,False,False,False,False,False,False,False
850000,-1.142158638445833,3,-1.1849603318282507,-0.8913819091757686,False,False,False,True,False,False,True,False,False,False,False,False,True,False
140000,-0.3353843558122197,7,1.167336192368238,-0.7522220425144065,False,False,False,True,False,False,True,False,False,False,False,False,False,False
550000,-1.1859549566459437,3,-0.4792713745693041,-1.1937636485339391,False,False,False,True,False,False,True,False,True,False,False,False,True,False
525000,-1.142158638445833,5,-0.9497306794086018,-0.9935379022021775,False,False,False,True,False,False,False,False,False,False,False,False,True,False
470000,1.7852794728247072,3,-0.4792713745693041,2.6873038254756945,True,False,False,False,False,False,True,False,False,False,False,False,True,False
900000,0.6788461709271801,3,-0.008812069730006403,0.750282820862663,True,False,False,False,False,False,False,False,False,False,False,False,True,False
500000,3.563834124514915,3,0.4616472351092913,3.0907318211781303,True,False,False,False,False,False,True,False,True,False,False,False,True,False
80000,1.18596143429688,7,3.5196327165647263,-0.37044608508788207,False,False,False,True,True,False,True,False,True,False,False,False,False,False
175000,2.4537495927211297,6,0.4616472351092913,2.055011994954342,True,False,False,False,True,False,True,False,False,False,False,False,True,False
1350000,-1.2343614136039605,6,-0.9497306794086018,-1.1440835761358328,True,False,False,False,True,False,False,False,True,False,False,False,True,False
800000,-0.42758713097034695,10,-0.9497306794086018,0.17319107078365092,True,False,False,False,True,False,True,False,False,False,False,False,True,False
250000,-1.2343614136039605,9,-0.9497306794086018,-1.1440835761358328,False,False,False,True,True,False,True,False,False,False,False,False,False,False
700000,-1.0038544757086423,7,-1.1849603318282507,-0.6333036110037881,False,False,False,True,True,False,False,False,False,False,False,False,False,False
800000,-1.0038544757086423,12,-1.4201899842478996,-0.45408257060657936,True,False,False,False,True,False,True,False,False,False,False,False,False,False
660000,0.010376051030757488,6,-0.008812069730006403,0.022645396849995635,True,False,False,False,True,False,True,False,False,False,False,False,True,False
465000,-0.19708019307502883,7,-0.4792713745693041,0.09791823381682327,True,False,False,False,True,False,True,False,False,False,True,False,False,False
180000,3.5471592526275715,6,1.6377954972075355,1.816278249921656,True,False,False,False,True,False,True,False,True,False,False,False,True,False
600000,-0.05877603033783795,7,-0.9497306794086018,0.7753737665182721,True,False,False,False,True,False,True,False,False,False,True,False,False,False
150000,0.9554544964015619,3,0.6968768875289402,0.4993733643065706,False,False,False,True,True,False,True,False,False,False,False,False,True,False
450000,0.2178322951365438,5,-0.24404172214965525,0.4263815223993439,True,False,False,False,True,False,True,False,True,False,False,False,True,False
721000,-1.3496148825516194,5,-1.4201899842478996,-1.2068109402748557,False,False,False,True,True,False,True,False,False,False,False,False,True,False
300000,-0.7733475378133242,7,-1.1849603318282507,-0.2031731140504873,False,False,False,True,True,False,True,False,False,False,False,False,False,False
1000000,-1.3496148825516194,6,-1.4201899842478996,-1.2068109402748557,True,False,False,False,True,False,True,False,False,False,False,False,True,False
300000,-0.6580940688656651,10,-0.7145010269889529,-0.37044608508788207,False,False,False,True,True,False,True,False,False,False,False,False,True,False
450000,1.18596143429688,6,-0.008812069730006403,1.3022836252860654,True,False,False,False,True,False,True,False,False,False,False,False,True,False
79000,0.0334267448202893,7,3.754862368984375,-0.9559014837187637,False,False,False,True,True,False,False,False,False,False,False,False,False,False
545000,-0.6580940688656651,3,-0.9497306794086018,-0.2031731140504873,True,False,False,False,True,False,True,False,False,False,False,False,True,False
844999,-1.1191079446563015,4,-1.1849603318282507,-0.8483688594804384,True,False,False,False,True,False,True,False,False,False,False,False,True,False
700000,0.563592701979521,11,-0.7145010269889529,1.4026474079085025,True,False,False,False,True,False,True,False,False,False,False,False,True,False
650000,2.0849384920886207,13,-0.7145010269889529,3.610650625602114,True,False,False,False,True,False,True,False,False,False,False,False,False,True
525000,0.14868021376794838,3,-0.24404172214965525,0.34426570025371367,True,False,False,False,True,False,True,False,True,False,False,False,True,False
110000,0.7503033216747287,3,1.6377954972075355,-0.1065069444720349,True,False,False,False,True,False,True,False,False,False,True,False,True,False
180000,-0.05877603033783795,12,0.4616472351092913,-0.28919921344114735,True,False,False,False,True,False,True,False,False,False,False,False,False,False
280000,-0.8886010067609833,5,0.22641758268964243,-1.0138036660009389,False,False,False,True,True,False,True,False,True,False,False,False,True,False
400000,-1.3496148825516194,10,-1.4201899842478996,-1.2068109402748557,False,False,False,True,True,False,True,False,False,False,False,False,True,False
625000,1.3242655970340709,6,0.22641758268964243,1.209640133634585,True,False,False,False,True,False,True,False,True,False,False,False,True,False
535000,0.0334267448202893,14,-0.4792713745693041,0.39900958168413386,True,False,False,False,True,False,True,False,False,False,False,False,True,False
459999,-0.42758713097034695,7,-0.9497306794086018,0.17319107078365092,True,False,False,False,True,False,True,False,False,False,False,False,False,False
300000,0.7249475585062437,6,0.6968768875289402,0.2986457990616971,True,False,False,False,True,False,True,False,False,False,False,False,True,False
280000,-0.19708019307502883,4,1.4025658447878866,-0.7049920271626715,False,False,False,True,True,False,False,False,False,False,False,False,True,False
500000,0.0334267448202893,4,-0.24404172214965525,0.20740599667766357,False,False,False,True,True,False,True,False,False,False,False,False,True,False
1200000,-1.5524609878994995,5,-1.4201899842478996,-1.648411583813578,False,False,False,True,True,False,True,False,False,False,False,False,True,False
180000,1.5189056553928775,5,0.4616472351092913,1.1827933732324385,False,False,False,True,True,False,False,False,True,False,False,False,True,False
78000,1.18596143429688,7,0.9321065399485889,0.5495552556177892,False,False,False,True,True,False,True,False,True,False,False,False,False,False
160000,1.18596143429688,8,0.4616472351092913,0.8721531283327645,True,False,False,False,True,False,True,False,False,False,False,False,True,False
600000,3.563834124514915,6,-0.24404172214965525,4.399648641514086,True,False,False,False,True,False,True,False,False,False,False,False,True,False
110000,0.7249475585062437,7,1.167336192368238,0.06249572230302194,False,False,False,True,True,False,True,False,True,False,False,False,False,False
450000,0.9554544964015619,6,0.4616472351092913,0.6570878798561143,True,False,False,False,True,False,True,False,True,False,False,False,True,False
1350000,-0.7733475378133242,6,-1.4201899842478996,0.047736342505604754,True,False,False,False,True,False,True,False,False,False,False,False,True,False
120000,2.2232426548258117,4,2.343484454466482,0.5495552556177892,False,False,False,True,True,False,True,False,True,False,False,False,True,False
1040000,-0.6119926812866014,4,-1.1849603318282507,0.09791823381682327,True,False,False,False,True,False,True,False,False,False,False,False,True,False
390000,0.0334267448202893,5,-0.24404172214965525,0.20740599667766357,True,False,False,False,True,False,True,False,True,False,False,False,True,False
65000,-0.19708019307502883,12,0.4616472351092913,-0.4182383625271378,False,False,False,True,True,False,True,False,True,False,False,False,False,False
320000,1.0707079653492209,14,-0.008812069730006403,1.1768288970080196,True,False,False,False,True,False,True,False,False,False,True,False,True,False
720000,0.0334267448202893,14,-0.9497306794086018,0.9259194404519273,True,False,False,False,True,False,True,False,False,False,False,False,True,False
220000,0.26393368271560746,7,1.4025658447878866,-0.37044608508788207,False,False,False,True,True,False,True,False,True,False,False,False,False,False
225000,-0.08182672412736977,7,0.4616472351092913,-0.3107057382888124,False,False,False,True,False,False,True,False,False,False,False,False,False,False
200000,1.8774822479828344,12,0.6968768875289402,1.3022836252860654,True,False,False,False,True,False,True,False,True,False,False,False,False,False
434999,0.14868021376794838,13,-0.4792713745693041,0.5495552556177892,True,False,False,False,False,False,True,False,True,False,False,False,False,True
300000,-0.11179262605376113,3,0.22641758268964243,-0.23328224883721835,True,False,False,False,True,False,True,False,False,False,False,False,True,False
700000,0.14407007501004201,4,-1.1849603318282507,1.5087462638236502,True,False,False,False,True,False,True,False,False,False,False,False,True,False
500000,0.8402010274539028,3,0.9321065399485889,0.26728211699218546,True,False,False,False,True,False,True,False,True,False,False,False,True,False
500000,-0.6580940688656651,10,-0.7145010269889529,-0.37044608508788207,True,False,False,False,True,False,True,False,False,False,False,False,True,False
400000,0.4944406206109256,7,-0.7145010269889529,1.3022836252860654,True,False,False,False,True,False,True,False,True,False,False,False,False,False
825000,0.14868021376794838,13,-0.4792713745693041,0.5495552556177892,True,False,False,False,False,False,True,False,True,False,False,False,False,True
720000,-1.2343614136039605,7,-1.1849603318282507,-1.063434107957089,True,False,False,False,True,False,True,False,False,False,False,False,False,False
110000,-0.8886010067609833,7,0.9321065399485889,-1.1440835761358328,False,False,False,True,True,False,True,False,True,False,False,False,False,False
600000,0.7249475585062437,6,-0.24404172214965525,1.0285642181339647,True,False,False,False,True,False,True,False,True,False,False,False,True,False
275000,1.9927357169304936,6,0.9321065399485889,1.208192579077531,True,False,False,False,True,False,False,False,False,False,True,False,True,False
2349000,1.8544315541933025,9,0.22641758268964243,1.7423402106305963,True,False,False,False,True,False,False,False,True,False,False,True,False,False
740000,-0.19708019307502883,5,-0.9497306794086018,0.5495552556177892,True,False,False,False,True,False,True,False,False,False,False,False,True,False
800000,0.4944406206109256,7,-0.9497306794086018,1.6786478101202038,True,False,False,False,True,False,True,False,False,False,False,False,False,False
1100000,0.7249475585062437,5,-1.4201899842478996,3.3095592777348033,True,False,False,False,True,False,True,False,False,False,False,False,True,False
750000,0.7249475585062437,9,0.22641758268964243,0.6074574378999642,True,False,False,False,True,False,False,False,True,False,False,True,False,False
200000,0.4944406206109256,7,0.22641758268964243,0.37584870877126375,False,False,False,True,True,False,True,False,True,False,False,False,False,False
210000,0.14868021376794838,12,0.9321065399485889,-0.29726416025902186,True,False,False,False,True,False,True,False,False,False,False,False,False,False
270000,1.18596143429688,7,0.9321065399485889,0.5495552556177892,True,False,False,False,True,False,True,False,True,False,False,False,False,False
630000,0.4944406206109256,13,-0.7145010269889529,1.3022836252860654,True,False,False,False,True,False,True,False,True,False,False,False,False,True
375000,-0.3123336620226879,5,-0.4792713745693041,-0.05262744011683201,False,False,False,True,True,False,True,False,False,False,False,False,True,False
300000,0.0334267448202893,6,0.6968768875289402,-0.30353689667292405,True,False,False,False,True,False,True,False,False,False,False,False,True,False
580000,0.6096940895585846,6,-0.7145010269889529,1.46955659632346,True,False,False,False,True,False,True,False,True,False,False,False,True,False
550000,-0.42758713097034695,5,-0.24404172214965525,-0.3400328176265377,True,False,False,False,True,False,True,False,False,False,False,False,True,False
750000,-0.42758713097034695,7,-0.7145010269889529,-0.0359001430130925,True,False,False,False,True,False,True,False,False,False,False,False,False,False
250000,-0.1851860350796304,7,-0.24404172214965525,-0.05218948906538877,False,False,False,True,True,False,True,False,False,False,False,False,False,False
434999,3.563834124514915,5,0.22641758268964243,3.4599134884523752,True,False,False,False,True,False,True,False,True,False,False,False,True,False
900000,0.18858096471762795,9,1.4025658447878866,-0.4251276193200065,True,False,False,False,False,False,False,False,False,False,False,True,False,False
685000,-0.10487741791690158,7,-0.7145010269889529,0.43246417589161285,True,False,False,False,False,False,True,False,False,False,False,False,False,False
540000,-0.08182672412736977,7,-0.24404172214965525,0.0705462931016132,True,False,False,False,False,False,True,False,False,False,False,False,False,False
1165000,-1.2804628011830241,4,-1.1849603318282507,-1.1494602073477491,False,False,False,True,False,False,False,False,False,True,False,False,True,False
610000,0.194781601347012,3,-0.24404172214965525,0.39900958168413386,True,False,False,False,False,False,True,False,False,False,False,False,True,False
254999,-1.0269051694981741,5,0.4616472351092913,-1.1924732570430792,False,False,False,True,False,False,True,False,False,False,False,False,True,False
280000,-0.10856552892322667,8,-0.24404172214965525,0.03879484187196967,False,False,False,True,False,False,True,False,False,False,False,False,True,False
370000,-1.0038544757086423,12,-0.9497306794086018,-0.7677193913016946,False,False,False,True,True,False,True,False,False,False,False,False,False,False
459999,0.18095118507329291,12,0.4616472351092913,-0.06553135502543112,True,False,False,False,True,False,True,False,True,False,False,False,False,False
42000,0.0334267448202893,7,3.5196327165647263,-0.9280226552125312,False,False,False,True,True,False,True,False,False,False,True,False,False,False
190000,0.26393368271560746,2,0.4616472351092913,0.011892134426163232,True,False,False,False,True,False,True,False,False,False,True,False,False,False
165000,0.7249475585062437,2,0.6968768875289402,0.2986457990616971,False,False,False,True,True,False,True,True,False,False,False,False,False,False
710000,-0.6580940688656651,3,-0.9497306794086018,-0.2031731140504873,True,False,False,False,True,False,True,False,False,False,False,False,True,False
1200000,-1.2343614136039605,5,-1.1849603318282507,-1.063434107957089,False,False,False,True,True,False,True,False,False,False,False,False,True,False
229999,0.0334267448202893,7,0.4616472351092913,-0.2031731140504873,False,False,False,True,True,False,True,False,False,False,False,False,False,False
310000,-1.2343614136039605,10,-1.1849603318282507,-1.063434107957089,False,False,False,True,True,False,True,False,False,False,False,False,True,False
320000,-0.6580940688656651,7,-0.4792713745693041,-0.5042644619177978,False,False,False,True,True,False,True,False,False,False,False,False,False,False
100000,-0.3353843558122197,7,1.6377954972075355,-0.8528965489220522,False,False,False,True,True,False,True,False,False,False,False,False,False,False
160000,0.4944406206109256,5,0.9321065399485889,-0.014991021633418186,True,False,False,False,True,False,True,False,False,False,False,False,True,False
60000,-0.3814857433912833,7,1.4025658447878866,-0.8388104039925874,False,False,False,True,True,False,True,False,False,False,False,False,False,False
100000,3.030016937459425,12,0.22641758268964243,2.9235447291869683,True,False,False,False,True,False,True,False,False,False,True,False,False,False
350000,-0.7733475378133242,1,-0.7145010269889529,-0.5377190561252768,True,False,False,False,True,False,True,False,True,False,False,False,False,False
700000,-0.19708019307502883,10,-0.9497306794086018,0.5495552556177892,True,False,False,False,True,False,True,False,False,False,False,False,True,False
300000,-0.8542785237083704,7,-0.9497306794086018,-0.5234966717628223,False,False,False,True,True,False,True,False,False,False,False,False,False,False
830000,-0.6580940688656651,5,-1.1849603318282507,0.011892134426163232,True,False,False,False,True,False,True,False,False,False,False,False,True,False
229999,0.0334267448202893,5,0.6968768875289402,-0.30353689667292405,False,False,False,True,True,False,True,False,False,False,False,False,True,False
400000,0.7249475585062437,5,-0.008812069730006403,0.8004647121738815,True,False,False,False,True,False,True,False,False,False,False,False,True,False
300000,0.0334267448202893,7,1.8730251496271844,-0.6548101358514531,False,False,False,True,True,False,True,False,True,False,False,False,False,False
300000,-0.42758713097034695,3,-0.008812069730006403,-0.45408257060657936,True,False,False,False,True,False,True,False,False,False,False,False,True,False
80000,2.5690030616687887,3,0.9321065399485889,1.6786478101202038,True,False,False,False,True,False,True,False,True,False,False,False,True,False
80000,-0.42758713097034695,7,1.167336192368238,-0.823067065542009,False,False,False,True,True,False,True,False,True,False,False,False,False,False
100000,0.4944406206109256,7,1.4025658447878866,-0.2031731140504873,False,False,False,True,True,False,True,False,True,False,False,False,False,False
300000,0.9554544964015619,12,0.22641758268964243,0.8390661670286645,True,False,False,False,True,False,True,False,False,False,False,False,False,False
700000,-0.9808037819191106,7,-1.1849603318282507,-0.590290561308458,False,False,False,True,True,False,False,False,False,False,False,False,False,False
975000,-0.08182672412736977,7,-0.7145010269889529,0.4659187700990919,True,False,False,False,True,False,True,False,False,False,False,False,False,False
500000,1.4164683721921982,1,0.9321065399485889,0.7377373480348582,True,False,False,False,True,False,True,False,False,False,False,False,False,False
550000,0.14868021376794838,10,-0.008812069730006403,0.17319107078365092,True,False,False,False,True,False,True,False,True,False,False,False,True,False
550000,0.9554544964015619,8,-0.24404172214965525,1.3022836252860654,True,False,False,False,True,False,True,False,True,False,False,False,True,False
240000,-0.42758713097034695,7,-0.24404172214965525,-0.3400328176265377,False,False,False,True,True,False,True,False,False,False,False,False,False,False
50000,0.26393368271560746,7,3.754862368984375,-0.8483688594804384,False,False,False,True,True,False,True,False,True,False,False,False,False,False
120000,0.26393368271560746,12,0.9321065399485889,-0.2031731140504873,False,False,False,True,True,False,True,False,True,False,False,False,False,False
900000,-0.19708019307502883,7,-0.008812069730006403,-0.2031731140504873,False,False,False,True,True,False,True,False,True,False,False,False,False,False
250000,0.4944406206109256,4,0.9321065399485889,-0.014991021633418186,False,False,False,True,True,False,True,False,True,False,False,False,True,False
280000,-0.7502968440237924,10,-0.9497306794086018,-0.3537187879841426,False,False,False,True,True,False,True,False,False,False,False,False,True,False
85000,0.4252885392423301,12,0.6968768875289402,0.03769996424336116,True,False,False,False,True,False,True,False,False,False,False,False,False,False
90000,0.26393368271560746,12,0.4616472351092913,0.011892134426163232,True,False,False,False,True,False,True,False,False,False,False,False,False,False
500000,-0.42758713097034695,1,-0.4792713745693041,-0.2031731140504873,True,False,False,False,True,False,True,False,False,False,False,False,False,False
200000,-0.19708019307502883,7,-0.008812069730006403,-0.2031731140504873,False,False,False,True,True,False,True,False,False,False,False,False,False,False
250000,-0.42758713097034695,10,-0.4792713745693041,-0.2031731140504873,False,False,False,True,True,False,True,False,False,False,False,False,True,False
185000,-0.6580940688656651,7,-0.24404172214965525,-0.613752224778638,True,False,False,False,True,False,True,False,False,False,True,False,False,False
100000,-0.19708019307502883,5,1.167336192368238,-0.6459545079730028,False,False,False,True,True,False,True,False,True,False,False,False,True,False
610000,-0.3123336620226879,13,-0.4792713745693041,-0.05262744011683201,True,False,False,False,True,False,True,False,False,False,False,False,False,True
290000,0.26393368271560746,6,0.22641758268964243,0.1442399796425635,True,False,False,False,True,False,True,False,False,False,False,False,True,False
300000,3.563834124514915,6,0.22641758268964243,3.4599134884523752,True,False,False,False,True,False,True,False,False,False,False,False,True,False
225000,0.26393368271560746,5,-0.4792713745693041,0.7001009295514444,False,False,False,True,True,False,True,False,False,False,False,False,True,False
320000,-0.42758713097034695,7,-0.9497306794086018,0.17319107078365092,False,False,False,True,True,False,True,False,True,False,False,False,False,False
135000,2.061887798299089,12,0.22641758268964243,1.9507880668464268,True,False,False,False,True,False,True,False,False,False,True,False,False,False
400000,3.563834124514915,13,1.6377954972075355,1.8277419068188752,True,False,False,False,True,False,True,False,False,False,True,False,False,True
600000,-1.130748545020015,8,-0.7145010269889529,-1.0564325393122378,False,False,False,True,False,False,True,False,False,False,False,False,True,False
570000,-0.13558094204455795,10,-0.008812069730006403,-0.136230471041322,True,False,False,False,False,False,True,False,False,False,False,False,True,False
850000,0.3955531442538341,6,-0.008812069730006403,0.4419150987552256,True,False,False,False,False,False,True,False,False,False,False,False,True,False
250000,-0.30933707183004877,3,0.4616472351092913,-0.5229751385352664,True,False,False,False,False,False,True,False,True,False,False,False,True,False
580000,-0.11972206471736006,3,-0.24404172214965525,0.025546822565807998,True,False,False,False,False,False,True,False,True,False,False,False,True,False
1680000,1.4078704634087027,13,0.22641758268964243,1.2936446196895648,True,False,False,False,False,False,True,False,False,False,False,False,False,True
180000,-1.2343614136039605,1,0.6968768875289402,-1.4075385055197296,False,False,False,True,True,False,True,False,False,False,False,False,False,False
300000,-0.42758713097034695,12,-0.9497306794086018,0.17319107078365092,False,False,False,True,True,False,True,False,False,False,False,False,False,False
269000,0.0334267448202893,13,0.22641758268964243,-0.08736874948613703,False,False,False,True,True,False,True,False,True,False,False,False,False,True
231999,-1.1191079446563015,7,-1.1849603318282507,-0.8483688594804384,False,False,False,True,True,False,True,False,False,False,False,False,False,False
150000,-0.19708019307502883,1,0.4616472351092913,-0.4182383625271378,False,False,False,True,True,False,True,False,False,False,True,False,False,False
495000,-1.4648683514992786,5,-0.9497306794086018,-1.520447760969971,False,False,False,True,True,False,True,False,False,False,False,False,True,False
700000,-1.2343614136039605,7,-0.24404172214965525,-1.2980507426588892,False,False,False,True,True,False,True,False,False,False,False,False,False,False
400000,-1.4786987677729977,9,-1.1849603318282507,-1.5193724347275879,False,False,False,True,True,False,True,False,True,False,False,False,False,False
599000,-1.2343614136039605,6,-1.4201899842478996,-0.9559014837187637,True,False,False,False,True,False,True,False,False,False,True,False,True,False
421000,-0.542840599918006,10,-0.008812069730006403,-0.5795372988846255,True,False,False,False,True,False,True,False,False,False,False,False,True,False
841000,-1.5570711266574058,3,-1.1849603318282507,-1.66561680369171,True,False,False,False,True,False,True,False,False,False,False,False,True,False
295000,-0.6926701095499629,5,-0.24404172214965525,-0.6548101358514531,False,False,False,True,True,False,True,False,False,False,False,False,True,False
220000,-1.0038544757086423,5,0.4616472351092913,-1.170966732195414,False,False,False,True,True,False,True,False,False,False,False,False,True,False
250000,-0.7733475378133242,3,-0.008812069730006403,-0.8304467554407177,True,False,False,False,True,False,True,False,False,False,False,False,True,False
1100000,0.9554544964015619,13,0.9321065399485889,0.36137316320072,True,False,False,False,True,False,True,False,True,False,False,False,False,True
300000,-0.6580940688656651,5,0.22641758268964243,-0.7821949368722383,False,False,False,True,True,False,True,False,False,False,False,False,True,False
80000,0.9554544964015619,1,1.4025658447878866,0.13137282802430228,False,False,False,True,True,False,True,False,True,False,False,False,False,False
215000,-1.1191079446563015,1,-0.008812069730006403,-1.2068109402748557,True,False,False,False,True,False,True,False,False,False,True,False,False,False
245000,-1.2346610726232243,5,0.22641758268964243,-1.3615178510418569,False,False,False,True,False,False,True,False,False,False,False,False,True,False
650000,-1.0024483833874809,3,-0.7145010269889529,-0.8702242679534101,True,False,False,False,False,False,True,False,False,False,False,False,True,False
760000,-0.6006056385545727,3,-0.9497306794086018,-0.10930788635285323,True,False,False,False,False,False,True,False,False,False,False,False,True,False
395000,-0.5457219366416975,4,-0.24404172214965525,-0.48031401379198907,True,False,False,False,False,False,True,False,False,False,False,False,True,False
280000,0.48847049091943684,3,-0.24404172214965525,0.747755478336625,True,False,False,False,False,False,True,False,True,False,False,False,True,False
495000,-0.08182672412736977,4,-0.7145010269889529,0.4659187700990919,True,False,False,False,False,False,True,False,False,False,False,False,True,False
525000,-0.7733475378133242,4,-0.7145010269889529,-0.5377190561252768,True,False,False,False,False,False,True,False,False,False,False,False,True,False
420000,3.563834124514915,13,0.9321065399485889,2.4908116118574846,True,False,False,False,False,False,True,False,False,False,False,False,False,True
210000,-0.7848728847080901,12,0.6968768875289402,-1.0161197532922257,True,False,False,False,True,False,True,False,False,False,False,False,False,False
650000,-0.8886010067609833,5,-1.1849603318282507,-0.4182383625271378,False,False,False,True,True,False,True,False,False,False,False,False,True,False
2300000,-0.681144762655197,9,-1.1849603318282507,-0.031120915269166927,True,False,False,False,True,False,False,False,False,False,False,True,False,False
525000,-1.2113107198144286,3,-1.4201899842478996,-0.9057195924075453,True,False,False,False,True,False,True,False,False,False,False,False,True,False
195000,0.26393368271560746,7,0.6968768875289402,-0.10280933142805053,False,False,False,False,True,False,True,False,True,False,False,False,False,False
650000,-0.19708019307502883,7,-0.7145010269889529,0.2986457990616971,True,False,False,False,True,False,True,False,False,False,False,False,False,False
540000,0.9554544964015619,6,-0.4792713745693041,1.6033749731533762,True,False,False,False,True,False,True,False,False,False,False,False,True,False
180000,-0.17402949928549702,7,-0.24404172214965525,-0.038941469759227104,False,False,False,True,True,False,True,False,False,False,False,False,False,False
980000,-0.42758713097034695,7,-1.1849603318282507,0.442022631379464,True,False,False,False,True,False,True,False,False,False,False,False,False,False
250000,0.4944406206109256,2,-0.24404172214965525,0.7548448109818645,True,False,False,False,True,False,True,False,False,False,False,False,False,False
550000,-0.7733475378133242,5,-1.1849603318282507,-0.2031731140504873,False,False,False,True,True,False,False,False,False,False,False,False,True,False
509999,-0.5889419874970697,14,-0.4792713745693041,-0.4139370575576047,False,False,False,True,True,False,True,False,True,False,False,False,True,False
320000,-0.42758713097034695,7,-0.9497306794086018,0.17319107078365092,False,False,False,True,True,False,True,False,False,False,False,False,False,False
275000,-1.0038544757086423,5,-0.7145010269889529,-0.8722649982000663,False,False,False,True,True,False,True,False,False,False,False,False,True,False
550000,3.542940975664087,6,-0.008812069730006403,3.867883000463419,True,False,False,False,True,False,True,False,False,False,False,False,True,False
145000,-0.42758713097034695,7,0.9321065399485889,-0.7677193913016946,False,False,False,True,True,False,True,False,True,False,False,False,False,False
250000,0.26393368271560746,2,-0.008812069730006403,0.2986457990616971,True,False,False,False,True,False,True,False,False,False,False,False,False,False
520000,-0.7733475378133242,5,0.22641758268964243,-0.8979993014365886,True,False,False,False,True,False,True,False,False,False,False,False,True,False
95000,0.3791871516632665,7,1.4025658447878866,-0.28680959956918456,False,False,False,True,True,False,True,False,True,False,False,False,False,False
725000,0.9554544964015619,13,0.4616472351092913,0.6570878798561143,True,False,False,False,True,False,True,False,False,False,True,False,False,True
55000,0.0334267448202893,7,1.6377954972075355,-0.5993459401916854,False,False,False,True,True,False,True,False,True,False,False,False,False,False
600000,0.7249475585062437,4,-0.24404172214965525,1.0285642181339647,True,False,False,False,True,False,True,False,False,False,False,False,True,False
330000,1.18596143429688,14,-0.008812069730006403,1.3022836252860654,True,False,False,False,True,False,True,False,True,False,False,False,True,False
470000,0.47138992682139375,7,-0.4792713745693041,0.9710831426320239,True,False,False,False,True,False,True,False,False,False,False,False,False,False
365000,1.18596143429688,7,-0.008812069730006403,1.3022836252860654,True,False,False,False,True,False,True,False,False,False,False,False,False,False
250000,-0.6580940688656651,5,-0.008812069730006403,-0.7049920271626715,False,False,False,True,True,False,True,False,True,False,False,False,True,False
430000,-1.1882600260248968,7,-0.9497306794086018,-1.0688107391690052,False,False,False,True,True,False,True,False,False,False,False,False,False,False
400000,1.301214903244539,7,-0.008812069730006403,1.4277383535641115,True,False,False,False,True,False,True,False,True,False,False,False,False,False
615000,0.9554544964015619,7,-0.4792713745693041,1.6033749731533762,False,False,False,True,True,False,True,False,True,False,False,False,False,False
150000,1.18596143429688,3,0.4616472351092913,0.8721531283327645,True,False,False,False,True,False,True,False,True,False,False,False,True,False
240000,0.4944406206109256,3,-0.24404172214965525,0.7548448109818645,True,False,False,False,True,False,True,False,False,False,False,False,True,False
800000,0.4944406206109256,6,-0.24404172214965525,0.7548448109818645,True,False,False,False,True,False,True,False,False,False,False,False,True,False
240000,0.9554544964015619,5,-0.4792713745693041,1.6033749731533762,False,False,True,False,True,False,True,False,False,False,False,False,True,False
600000,0.4252885392423301,3,-0.24404172214965525,0.6727289888362343,True,False,False,False,True,False,True,False,True,False,False,False,True,False
800000,-1.2343614136039605,6,-0.24404172214965525,-1.2980507426588892,True,False,False,False,True,False,True,False,False,False,False,False,True,False
350000,-0.7041954564447287,3,0.22641758268964243,-0.8285166826979785,False,False,False,True,True,False,True,False,False,False,False,False,True,False
300000,-0.10487741791690158,4,0.4616472351092913,-0.3322122631364775,False,False,False,True,True,False,True,False,True,False,False,False,True,False
399000,-0.30657098857530496,12,-0.4792713745693041,-0.045100156420149244,True,False,False,False,True,False,True,False,False,False,False,False,False,False
300000,0.9554544964015619,6,0.4616472351092913,0.6570878798561143,True,False,False,False,True,False,True,False,False,False,False,False,True,False
150000,0.0334267448202893,7,0.22641758268964243,-0.08736874948613703,False,False,False,True,True,False,False,False,False,False,False,False,False,False
320000,-0.19708019307502883,1,0.6968768875289402,-0.5042644619177978,True,False,False,False,True,False,True,False,False,False,True,False,False,False
1280000,-1.1882600260248968,12,-1.1849603318282507,-0.9774080085664287,True,False,False,False,True,False,True,False,False,False,False,False,False,False
300000,-1.2804628011830241,10,-0.9497306794086018,-1.2193564131026604,False,False,False,True,True,False,True,False,True,False,False,False,True,False
1000000,-0.19708019307502883,8,-0.7145010269889529,0.2986457990616971,True,False,False,False,True,False,True,False,False,False,False,False,True,False
1090000,1.18596143429688,9,0.22641758268964243,1.070674896157365,True,False,False,False,True,False,True,False,True,False,False,False,False,True
450000,0.6557954771376483,12,0.22641758268964243,0.5379748191613543,True,False,False,False,True,False,True,False,True,False,False,False,False,False
60000,1.4164683721921982,12,1.4025658447878866,0.4659187700990919,False,False,False,True,True,False,True,False,True,False,False,False,False,False
500000,-0.42758713097034695,7,-0.008812069730006403,-0.45408257060657936,False,False,False,True,True,False,True,False,False,False,False,False,False,False
200000,1.18596143429688,12,0.22641758268964243,1.070674896157365,True,False,False,False,True,False,True,False,True,False,False,False,False,False
60000,0.7249475585062437,7,1.6377954972075355,-0.12393854882224754,False,False,False,True,True,False,True,False,True,False,False,False,False,False
185000,-0.03572533654830614,5,0.22641758268964243,-0.15685136822474707,False,False,False,False,False,False,True,False,True,False,False,False,True,False
155000,-0.19708019307502883,7,-0.4792713745693041,0.09791823381682327,False,False,False,True,True,False,True,False,False,False,False,False,False,False
600000,-1.4648683514992786,7,-1.4201899842478996,-1.457720396830948,False,False,False,True,True,False,True,False,False,False,False,False,False,False
300000,-1.1191079446563015,10,-0.7145010269889529,-1.0395379692374611,False,False,False,True,True,False,True,False,False,False,False,False,True,False
850000,-1.29198814807779,5,-1.1849603318282507,-1.170966732195414,False,False,False,True,True,False,True,False,False,False,False,False,True,False
470000,-1.4879190452888105,7,-1.4201899842478996,-1.5079022881421662,False,False,False,False,True,False,True,False,False,False,False,False,False,False
600000,-1.0038544757086423,3,-1.4201899842478996,-0.45408257060657936,False,False,False,True,True,False,True,False,False,False,False,False,True,False
700000,0.0334267448202893,13,-0.008812069730006403,0.047736342505604754,True,False,False,False,True,False,True,False,True,False,False,False,False,True
70000,2.154090573457216,7,1.4025658447878866,1.001192277418755,False,False,True,False,True,False,True,False,False,False,False,False,False,False
1250000,3.145270406407084,13,0.6968768875289402,2.406285234132871,True,False,False,False,True,False,True,False,True,False,False,False,False,True
650000,0.0334267448202893,0,1.167336192368238,-0.4688419504039965,False,False,False,True,True,False,False,False,False,False,True,True,False,False
450000,0.0334267448202893,5,-1.1849603318282507,1.3022836252860654,True,False,False,False,True,False,True,False,True,False,False,False,True,False
750000,0.7249475585062437,6,-0.24404172214965525,1.0285642181339647,True,False,False,False,True,False,True,False,True,False,False,False,True,False
775000,0.0334267448202893,13,-0.008812069730006403,0.047736342505604754,True,False,False,False,True,False,True,False,True,False,False,False,False,True
800000,3.4910308132500614,5,0.4616472351092913,3.022805613099269,True,False,False,False,True,False,True,False,False,False,False,False,True,False
360000,0.26393368271560746,4,-0.4792713745693041,0.7001009295514444,False,False,False,True,True,False,True,False,True,False,False,False,True,False
250000,1.18596143429688,13,0.6968768875289402,0.7001009295514444,True,False,False,False,True,False,True,False,False,False,False,False,False,True
1490000,-1.0721306307132357,9,-0.9497306794086018,-0.8791984628495664,True,False,False,False,True,False,True,False,False,False,False,True,False,False
600000,0.26393368271560746,8,-0.008812069730006403,0.2986457990616971,True,False,False,False,True,False,True,False,False,False,False,False,True,False
120000,0.4944406206109256,7,0.6968768875289402,0.09791823381682327,False,False,False,True,True,False,True,False,False,False,False,False,False,False
320000,1.6469753100875162,12,0.22641758268964243,1.533892354414766,True,False,False,False,True,False,True,False,True,False,False,False,False,False
400000,1.18596143429688,6,0.4616472351092913,0.8721531283327645,True,False,False,False,True,False,True,False,True,False,False,False,True,False
302000,-0.19708019307502883,7,-0.4792713745693041,0.09791823381682327,True,False,False,False,True,False,True,False,False,False,False,False,False,False
150000,-0.19708019307502883,7,-0.24404172214965525,-0.06631341047443691,False,False,False,True,True,False,True,False,True,False,False,False,False,False
200000,0.4944406206109256,12,0.22641758268964243,0.37584870877126375,True,False,False,False,True,False,True,False,True,False,False,False,False,False
120000,2.4537495927211297,7,1.167336192368238,1.3908399040705686,True,False,False,False,True,False,True,False,True,False,False,False,False,False
1400000,-1.3496148825516194,6,-1.4201899842478996,-1.2068109402748557,True,False,False,False,True,False,True,False,False,False,False,False,True,False
620000,-0.08182672412736977,5,-0.9497306794086018,0.7377373480348582,False,False,False,True,True,False,True,False,False,False,False,False,True,False
449000,0.4944406206109256,13,0.22641758268964243,0.37584870877126375,True,False,False,False,True,False,True,False,False,False,False,False,False,True
100000,0.0334267448202893,7,1.4025658447878866,-0.5377190561252768,False,False,False,True,True,False,True,False,False,False,False,False,False,False
600000,-1.5224950859731081,5,-1.1849603318282507,-1.6010972291487149,False,False,False,True,True,False,True,False,False,False,False,False,True,False
250000,-0.6580940688656651,1,0.22641758268964243,-0.7821949368722383,True,False,False,False,True,False,True,False,False,False,False,False,False,False
550000,-0.1279281117064334,7,-1.1849603318282507,1.001192277418755,False,False,False,True,True,False,True,False,False,False,False,False,False,False
360000,0.0334267448202893,11,-0.24404172214965525,0.20740599667766357,True,False,False,False,True,False,True,False,False,False,False,False,True,False
650000,-0.19708019307502883,11,0.22641758268964243,-0.31897747861483755,False,False,False,True,False,False,False,False,False,False,False,False,True,False
199000,0.5405420081899892,3,0.22641758268964243,0.4221704545970039,True,False,False,False,False,False,True,False,False,False,True,False,True,False
285000,0.47429431423887475,6,-0.24404172214965525,0.7309217347967708,True,False,False,False,True,False,True,False,False,False,False,False,True,False
260000,1.5086711473503254,14,0.9321065399485889,0.8130101850016859,True,False,False,False,True,False,False,False,False,False,False,False,True,False
869999,-1.2343614136039605,7,-1.4201899842478996,-0.9559014837187637,False,False,False,True,False,False,False,False,False,False,False,False,False,False
425000,-0.6004673343918355,5,-0.7145010269889529,-0.28680959956918456,True,False,False,False,False,False,True,False,False,False,False,False,True,False
490000,-0.6119926812866014,1,0.22641758268964243,-0.7358731910464983,True,False,False,False,False,False,False,False,False,False,False,False,False,False
750000,0.0334267448202893,6,-0.4792713745693041,0.39900958168413386,True,False,False,False,True,False,False,False,True,False,False,False,True,False
125000,0.9554544964015619,4,2.108254802046833,-0.1314846978916037,False,False,False,True,True,False,True,False,False,False,True,False,True,False
221000,1.447932569214909,2,-0.24404172214965525,1.8870851386665284,True,False,False,False,True,False,True,False,False,False,False,False,False,False
724000,-0.4510988386356694,14,-0.7145010269889529,-0.07002382910472094,True,False,False,False,False,False,False,False,False,False,False,False,True,False
440000,-0.5197899061284742,4,-0.24404172214965525,-0.4495205804873777,False,False,False,True,False,False,False,False,False,False,False,False,True,False
70000,-0.19708019307502883,1,0.9321065399485889,-0.5795372988846255,False,False,False,True,True,False,True,False,False,False,True,False,False,False
511000,-0.24318158065409246,7,-0.4792713745693041,0.03769996424336116,True,False,False,False,False,False,True,False,False,False,False,False,False,False
790000,-1.0730065570772378,7,-0.7145010269889529,-0.9726287808225033,True,False,False,False,False,False,True,False,False,False,False,False,False,False
640000,-0.7272461502342605,5,-0.9497306794086018,-0.31608236950072877,False,False,False,True,True,False,True,False,False,False,False,False,True,False
120000,0.0334267448202893,5,0.9321065399485889,-0.3913552064675564,False,False,False,True,True,False,True,True,False,False,False,False,True,False
126000,0.6995917953377587,1,0.22641758268964243,0.5819804776958072,True,False,False,False,True,False,True,False,False,False,True,False,False,False
120000,1.301214903244539,1,0.22641758268964243,1.1864792607217152,True,False,False,False,True,False,True,False,False,False,False,False,False,False
650000,-0.19708019307502883,6,-0.9497306794086018,0.5495552556177892,True,False,False,False,True,False,True,False,False,False,False,False,True,False
450000,0.26393368271560746,5,-0.24404172214965525,0.48112540382976404,False,False,False,True,True,False,True,False,True,False,False,False,True,False
110000,0.26393368271560746,7,0.6968768875289402,-0.10280933142805053,False,False,False,False,True,False,True,True,False,False,False,False,False,False
600000,-0.6580940688656651,6,-0.9497306794086018,-0.2031731140504873,True,False,False,False,True,False,True,False,False,False,False,False,True,False
620000,0.26393368271560746,6,0.22641758268964243,0.1442399796425635,True,False,False,False,True,False,True,False,True,False,False,False,True,False
600000,-0.8886010067609833,3,-0.24404172214965525,-0.8874716319307385,True,False,False,False,True,False,True,False,False,False,False,False,True,False
795000,-0.7733475378133242,6,-1.1849603318282507,-0.2031731140504873,True,False,False,False,True,False,True,False,False,False,False,False,True,False
300000,2.5690030616687887,12,0.4616472351092913,2.162544619192667,True,False,False,False,True,False,True,False,False,False,True,False,False,False
495000,-0.19708019307502883,10,-0.4792713745693041,0.09791823381682327,True,False,False,False,True,False,True,False,False,False,False,False,True,False
1350000,-0.7963982316028559,12,-1.1849603318282507,-0.24618616374581745,True,False,False,False,True,False,False,False,False,False,False,False,False,False
350000,1.7622287790351754,6,-0.24404172214965525,2.260301550318417,True,False,False,False,True,False,True,False,False,False,False,False,True,False
300000,-1.0038544757086423,9,-1.1849603318282507,-0.6333036110037881,False,False,False,True,True,False,False,False,False,False,False,False,False,False
500000,0.0334267448202893,8,-1.1849603318282507,1.3022836252860654,True,False,False,False,True,False,True,False,False,False,False,False,True,False
2575000,-0.7502968440237924,0,-0.9497306794086018,-0.3537187879841426,True,False,False,False,False,False,False,False,False,False,False,True,False,False
345000,-0.24318158065409246,4,-0.24404172214965525,-0.12105729190485706,False,False,False,True,False,False,True,False,False,False,False,False,True,False
220000,0.7249475585062437,12,-0.008812069730006403,0.8004647121738815,True,False,False,False,True,False,True,False,False,False,False,False,False,False
50000,0.7249475585062437,7,3.2844030641450774,-0.550586207743538,False,False,False,True,True,False,True,False,True,False,False,False,False,False
585000,-1.2574121073934923,4,-0.9497306794086018,-1.1817199946192467,False,False,False,True,False,False,True,False,False,False,False,False,True,False
625000,-1.2620222461513986,7,-1.1849603318282507,-1.115049767591485,False,False,False,True,True,False,False,False,False,False,False,False,False,False
1035000,-1.049955863287706,5,-0.9497306794086018,-0.8429922282685223,False,False,False,True,False,False,False,False,False,False,False,False,True,False
600000,0.7180323503693842,6,-0.9497306794086018,2.043721069409318,True,False,False,False,True,False,True,False,False,False,False,False,True,False
2675000,-1.4648683514992786,13,-1.4201899842478996,-1.457720396830948,True,False,False,False,True,False,False,False,False,False,False,False,False,True
650000,-0.43556267102152496,4,-0.24404172214965525,-0.34950350911400024,True,False,False,False,False,False,True,False,False,False,False,False,True,False
550000,-0.5323064328561901,5,-0.7145010269889529,-0.18788436449766954,False,False,False,True,False,False,True,False,False,False,False,False,True,False
1260000,-0.6760505593277104,5,-0.9497306794086018,-0.23249188404906665,True,False,False,False,False,False,True,False,False,False,False,False,True,False
660000,-0.4686173659157136,5,-0.7145010269889529,-0.0954493207024052,False,False,False,True,False,False,True,False,False,False,False,False,True,False
700000,-1.3239364096700812,5,-0.9497306794086018,-1.2903386983623788,False,False,False,True,False,False,True,False,False,False,False,False,True,False
235000,-0.19228564876680623,5,1.167336192368238,-0.6422705667755675,True,False,False,False,False,False,True,False,False,False,False,False,True,False
475000,0.26393368271560746,14,-0.008812069730006403,0.2986457990616971,True,False,False,False,False,False,True,False,False,False,False,False,True,False
795000,0.6926765872008992,9,1.167336192368238,0.03769996424336116,True,False,False,False,False,False,False,False,False,False,False,True,False,False
2675000,-1.2804628011830241,0,-0.7145010269889529,-1.2737201286898139,False,False,False,True,False,False,False,False,False,False,False,True,False,False
2675000,-0.8886010067609833,0,-0.4792713745693041,-0.8053558097851085,True,False,False,False,False,False,False,False,False,False,False,True,False,False
1860000,-1.165209332235365,9,-1.4201899842478996,-0.8053558097851085,False,False,False,True,False,False,False,False,False,False,False,True,False,False
2675000,0.7249475585062437,9,0.6968768875289402,0.2986457990616971,True,False,False,False,False,False,False,False,False,False,False,True,False,False
850000,-0.24318158065409246,4,-0.4792713745693041,0.03769996424336116,False,False,False,True,False,False,False,False,False,False,False,False,True,False
585000,0.38935250762445006,6,-0.9497306794086018,1.5070633782543201,True,False,False,False,False,False,True,False,False,False,False,False,True,False
380000,-0.09240699257676487,6,-0.4792713745693041,0.2346438148833691,True,False,False,False,False,False,True,False,False,False,False,False,True,False
650000,-0.7733475378133242,7,-1.4201899842478996,0.047736342505604754,True,False,False,False,True,False,True,False,False,False,False,False,False,False
434999,-1.2051561845726237,8,-0.9497306794086018,-1.0963982339173475,False,False,False,True,False,False,True,False,False,False,False,False,True,False
525000,0.06800278550458702,14,-0.008812069730006403,0.08537276098901858,True,False,False,False,False,False,True,False,False,False,False,False,True,False
2675000,-1.2804858518768136,9,-1.4201899842478996,-1.0563154482325117,True,False,False,False,False,False,False,False,False,False,False,True,False,False
160000,0.26393368271560746,1,1.167336192368238,-0.2917293928349904,False,False,False,True,True,False,True,False,False,False,False,False,False,False
160000,0.4944406206109256,7,1.4025658447878866,-0.2031731140504873,False,False,False,True,True,False,True,False,True,False,False,False,False,False
900000,-1.24127662174082,5,-0.9497306794086018,-1.155374501680857,False,False,False,True,True,False,True,False,False,False,False,False,True,False
61000,0.4944406206109256,7,3.0491734117254286,-0.624701001064722,False,False,False,True,True,False,True,False,True,False,False,False,False,False
400000,-0.42758713097034695,7,-0.9497306794086018,0.17319107078365092,False,False,False,True,True,False,True,False,False,False,False,False,False,False
150000,0.7249475585062437,5,0.9321065399485889,0.17319107078365092,False,False,False,True,True,False,True,False,True,False,False,False,True,False
950000,-1.0269051694981741,14,-1.4201899842478996,-0.5042644619177978,False,False,False,True,True,False,False,False,False,False,False,False,True,False
110000,0.4944406206109256,5,1.4025658447878866,-0.2031731140504873,False,False,False,True,True,False,True,False,False,False,False,False,True,False
375000,-0.8886010067609833,12,-0.4792713745693041,-0.8053558097851085,False,False,False,True,True,False,True,False,False,False,False,False,False,False
350000,0.26393368271560746,9,-0.9497306794086018,1.3022836252860654,False,False,False,True,True,False,True,False,False,False,False,False,False,False
310000,0.556354784129608,5,0.22641758268964243,0.43805881341523273,True,False,False,False,False,False,True,False,True,False,False,False,True,False
90000,3.563834124514915,12,0.6968768875289402,2.770774376207119,False,False,False,True,True,False,True,False,False,False,True,False,False,False
350000,0.4944406206109256,14,0.4616472351092913,0.22695738290281348,False,False,False,True,True,False,True,False,True,False,False,False,True,False
100000,-0.19708019307502883,5,2.343484454466482,-0.8874716319307385,False,False,False,True,True,False,True,False,False,False,False,False,True,False
1300000,-0.6580940688656651,6,-0.9497306794086018,-0.2031731140504873,True,False,False,False,True,False,False,False,False,False,False,False,True,False
280000,-0.3123336620226879,5,-0.24404172214965525,-0.2031731140504873,False,False,False,True,True,False,True,False,False,False,False,False,True,False
360000,-1.4418176577097468,5,-1.1849603318282507,-1.4505515552150596,False,False,False,True,True,False,True,False,False,False,False,False,True,False
150000,-0.6580940688656651,7,0.4616472351092913,-0.8483688594804384,False,False,False,True,True,False,True,False,True,False,False,False,False,False
900000,-1.2343614136039605,11,-0.9497306794086018,-1.1440835761358328,False,False,False,True,True,False,False,False,False,False,False,False,True,False
120000,-0.42758713097034695,9,1.8730251496271844,-0.9559014837187637,True,False,False,False,True,False,True,False,True,False,False,False,False,False
215000,0.4944406206109256,2,0.6968768875289402,0.09791823381682327,False,False,False,True,True,False,True,False,True,False,False,False,False,False
550000,-0.6926701095499629,10,-0.008812069730006403,-0.7426284456460853,True,False,False,False,True,False,True,False,False,False,False,False,True,False
775000,-0.7733475378133242,12,-1.1849603318282507,-0.2031731140504873,False,False,False,True,True,False,True,False,False,False,False,False,False,False
409999,-0.44236262568943685,7,2.8139437593057797,-1.0893978600794325,False,False,False,True,True,False,True,False,False,False,True,False,False,False
65000,0.0334267448202893,7,1.8730251496271844,-0.6548101358514531,False,False,False,True,True,False,True,False,True,False,False,False,False,False
200000,0.4944406206109256,7,1.167336192368238,-0.11461683526598422,False,False,False,True,True,False,True,False,True,False,False,False,False,False
240000,-0.42758713097034695,7,0.6968768875289402,-0.7049920271626715,False,False,False,True,True,False,True,False,True,False,False,False,False,False
800000,0.926203165982646,13,0.22641758268964243,0.8096750193022324,True,False,False,False,True,False,True,False,False,False,False,False,False,True
400000,1.18596143429688,13,0.6968768875289402,0.7001009295514444,True,False,False,False,True,False,True,False,False,False,False,False,False,True
500000,-0.19708019307502883,12,-0.7145010269889529,0.2986457990616971,True,False,False,False,True,False,True,False,False,False,False,False,False,False
150000,0.4944406206109256,6,1.4025658447878866,-0.2031731140504873,True,False,False,False,True,False,True,False,False,False,True,False,True,False
500000,1.6469753100875162,13,-0.24404172214965525,2.1234418467423675,True,False,False,False,True,False,True,False,True,False,False,False,False,True
320000,0.26393368271560746,5,-0.24404172214965525,0.48112540382976404,False,False,False,True,True,False,True,False,False,False,False,False,True,False
300000,0.4944406206109256,8,-0.008812069730006403,0.5495552556177892,True,False,False,False,True,False,True,False,False,False,False,False,True,False
285000,-1.2574121073934923,7,-1.1849603318282507,-1.106447157652419,False,False,False,True,True,False,True,False,False,False,False,False,False,False
360000,0.0334267448202893,12,0.22641758268964243,-0.08736874948613703,True,False,False,False,True,False,True,False,True,False,False,False,False,False
450000,-0.3123336620226879,4,0.9321065399485889,-0.67362834509316,False,False,False,True,True,False,True,False,True,False,False,False,True,False
175000,-0.19708019307502883,7,0.4616472351092913,-0.4182383625271378,False,False,False,True,True,False,True,False,False,False,True,False,False,False
350000,0.12562951997841657,1,0.4616472351092913,-0.11714701465982724,True,False,False,False,True,False,True,False,True,False,False,False,False,False
530000,-0.542840599918006,3,-1.6554196366675484,1.001192277418755,True,False,False,False,False,False,True,False,False,False,False,False,True,False
1025000,-0.7041954564447287,4,-0.9497306794086018,-0.27844595101731495,True,False,False,False,False,False,True,False,False,False,False,False,True,False
950000,-1.0269051694981741,4,-0.9497306794086018,-0.8053558097851085,True,False,False,False,False,False,True,False,False,False,False,False,True,False
725000,-0.8891542234119321,4,-0.9497306794086018,-0.5804405729282274,False,False,False,True,False,False,True,False,False,False,False,False,True,False
919999,-0.6350433750761333,4,-0.9497306794086018,-0.16553669556707346,False,False,False,True,False,False,True,False,False,False,False,False,True,False
700000,-1.2343614136039605,4,-1.1849603318282507,-1.063434107957089,True,False,False,False,False,False,True,False,False,False,False,False,True,False
725000,-0.7502968440237924,4,-0.9497306794086018,-0.3537187879841426,True,False,False,False,False,False,True,False,False,False,False,False,True,False
840000,-0.8737102585729457,4,-0.9497306794086018,-0.5552241725443402,False,False,False,True,False,False,True,False,False,False,False,False,True,False
365000,-1.036125447013987,7,-0.4792713745693041,-0.9980542724201872,False,False,False,True,False,False,True,False,False,False,False,False,False,False
665000,0.06380755923489223,4,-0.24404172214965525,0.24348221454031022,True,False,False,False,False,False,True,False,False,False,False,False,True,False
50000,0.22009126312791794,7,2.343484454466482,-0.6397829403988028,False,False,False,True,True,False,True,False,False,False,False,False,False,False
225000,-0.8886010067609833,5,-0.24404172214965525,-0.8874716319307385,False,False,False,True,True,False,True,False,False,False,False,False,True,False
229999,-0.542840599918006,5,0.22641758268964243,-0.6663905723078882,False,False,False,True,True,False,True,False,True,False,False,False,True,False
145000,-0.03572533654830614,5,1.167336192368238,-0.5219757176746985,False,False,False,True,True,False,True,False,False,False,False,False,True,False
750000,-1.1639645947707302,3,-0.9497306794086018,-1.029141954087487,False,False,False,True,False,False,True,False,False,False,False,False,True,False
785000,-0.6580940688656651,4,-0.4792713745693041,-0.5042644619177978,True,False,False,False,True,False,True,False,False,False,False,False,True,False
225000,-0.8886010067609833,5,0.4616472351092913,-1.063434107957089,False,False,False,True,True,False,True,False,False,False,False,False,True,False
300000,0.26393368271560746,5,-0.9497306794086018,1.3022836252860654,True,False,False,False,True,False,True,False,False,False,False,False,True,False
680000,-1.1191079446563015,5,-0.7145010269889529,-1.0395379692374611,True,False,False,False,True,False,True,False,False,False,False,False,True,False
700000,-0.6580940688656651,6,-0.7145010269889529,-0.37044608508788207,True,False,False,False,True,False,True,False,False,False,False,False,True,False
180000,1.18596143429688,12,0.4616472351092913,0.8721531283327645,True,False,False,False,True,False,True,False,False,False,False,False,False,False
270000,1.18596143429688,3,1.167336192368238,0.4167208374410345,True,False,False,False,True,False,True,False,True,False,False,False,True,False
370000,0.6557954771376483,7,0.6968768875289402,0.23842752948823495,False,False,False,True,True,False,True,False,True,False,False,False,False,False
1100000,0.0334267448202893,6,-1.1849603318282507,1.3022836252860654,True,False,False,False,True,False,True,False,False,False,False,False,True,False
120000,1.18596143429688,5,2.108254802046833,0.011892134426163232,True,False,False,False,True,False,True,False,True,False,False,False,True,False
430000,0.44833923303186196,11,-0.008812069730006403,0.4993733643065706,True,False,False,False,True,False,True,False,True,False,False,False,True,False
550000,-0.6948368747661788,7,-0.24404172214965525,-0.6573830982786829,True,False,False,False,False,False,True,False,False,False,False,False,False,False
320000,-0.3273166129858836,5,-0.24404172214965525,-0.2209648755153738,False,False,False,True,False,False,True,False,False,False,False,False,True,False
390000,-0.8365064387966413,7,-0.4792713745693041,-0.7373091651670962,False,False,False,True,False,False,True,False,False,False,False,False,False,False
550000,-0.23785687038871062,10,-0.24404172214965525,-0.11473437359964354,True,False,False,False,False,False,True,False,False,False,False,False,True,False
370000,-0.20035339159314236,7,0.22641758268964243,-0.32226632256846516,False,False,False,True,False,False,True,False,False,False,False,False,False,False
190000,0.11064656901522088,7,0.6968768875289402,-0.23629316231589145,False,False,False,True,False,False,True,False,False,False,False,False,False,False
509999,0.4592422111943105,10,-0.008812069730006403,0.5112413816016739,True,False,False,False,False,False,True,False,False,False,False,False,True,False
450000,0.6554958181183843,4,-0.008812069730006403,0.7248656929135306,False,False,False,True,False,False,True,False,False,False,False,False,True,False
2675000,0.20284934417334813,9,-0.7145010269889529,0.879083008561457,True,False,False,False,False,False,False,False,False,False,False,True,False,False
550000,-0.16971901954685456,7,-0.4792713745693041,0.133657776808673,True,False,False,False,False,False,True,False,False,False,False,False,False,False
400000,-0.004606899932438191,6,0.9321065399485889,-0.4224052517163728,True,False,False,False,False,False,True,False,False,False,False,False,True,False
585000,0.290441980573569,3,-0.4792713745693041,0.7347264345561851,True,False,False,False,False,False,True,False,False,False,False,False,True,False
500000,-0.8886010067609833,5,-1.4201899842478996,-0.2031731140504873,False,False,False,True,True,False,True,False,False,False,False,False,True,False
800000,-0.8886010067609833,7,-0.4792713745693041,-0.8053558097851085,False,False,False,True,True,False,True,False,False,False,False,False,False,False
265000,1.18596143429688,7,0.9321065399485889,0.5495552556177892,True,False,False,False,True,False,True,False,True,False,False,False,False,False
175000,2.5690030616687887,3,0.22641758268964243,2.4603272709295676,True,False,False,False,True,False,True,False,False,False,False,False,True,False
125000,-0.42758713097034695,2,1.4025658447878866,-0.8722649982000663,False,False,False,True,True,False,True,False,True,False,False,False,False,False
165000,0.26393368271560746,12,0.6968768875289402,-0.10280933142805053,True,False,False,False,True,False,True,False,False,False,False,False,False,False
150000,3.563834124514915,6,0.4616472351092913,3.0907318211781303,True,False,False,False,True,False,True,False,False,False,False,False,True,False
1025000,0.4944406206109256,5,-0.4792713745693041,1.001192277418755,True,False,False,False,True,False,True,False,True,False,False,False,True,False
1030000,3.563834124514915,13,-0.24404172214965525,4.399648641514086,True,False,False,False,True,False,True,False,True,False,False,False,False,True
380000,0.4944406206109256,1,0.22641758268964243,0.37584870877126375,True,False,False,False,True,False,True,True,False,False,False,False,False,False
250000,0.9554544964015619,7,0.6968768875289402,0.4993733643065706,True,False,False,False,True,False,True,False,False,False,True,False,False,False
85000,0.26393368271560746,7,3.0491734117254286,-0.7451375402116464,False,False,False,True,True,False,True,False,True,False,False,False,False,False
500000,-0.7733475378133242,2,-0.7145010269889529,-0.5377190561252768,True,False,False,False,True,False,True,False,False,False,False,False,False,False
350000,-1.2343614136039605,5,-1.1849603318282507,-1.063434107957089,False,False,False,True,True,False,True,False,False,False,False,False,True,False
190000,-0.3814857433912833,7,0.6968768875289402,-0.6648465141136969,False,False,False,True,True,False,True,False,True,False,False,False,False,False
940000,1.6469753100875162,14,0.9321065399485889,0.9259194404519273,True,False,False,False,True,False,True,False,False,False,False,False,True,False
475000,-0.19708019307502883,7,-0.008812069730006403,-0.2031731140504873,False,False,False,True,True,False,True,False,True,False,False,False,False,False
300000,-1.1882600260248968,7,-1.1849603318282507,-0.9774080085664287,False,False,False,True,True,False,True,False,False,False,False,False,False,False
250000,0.0334267448202893,1,-0.7145010269889529,0.6331917411364864,False,False,False,True,True,False,True,False,False,False,True,False,False,False
93000,0.6557954771376483,7,2.8139437593057797,-0.4917189890899933,False,False,False,True,True,False,True,True,False,False,False,False,False,False
290000,1.301214903244539,3,0.22641758268964243,1.1864792607217152,True,False,False,False,True,False,True,False,True,False,False,False,True,False
75000,3.563834124514915,12,0.6968768875289402,2.770774376207119,False,False,False,True,True,False,True,False,False,False,True,False,False,False
1000000,1.18596143429688,6,-0.4792713745693041,1.9044663210206867,True,False,False,False,True,False,True,False,True,False,False,False,True,False
550000,0.4252885392423301,5,-0.4792713745693041,0.9108648730585618,True,False,False,False,True,False,True,False,False,False,False,False,True,False
285000,0.14868021376794838,2,0.6968768875289402,-0.2031731140504873,True,False,False,False,True,False,True,False,False,False,True,False,False,False
229999,-0.6580940688656651,7,0.22641758268964243,-0.7821949368722383,False,False,False,True,True,False,True,False,True,False,False,False,False,False
580000,1.18596143429688,3,-0.24404172214965525,1.5760030324381662,True,False,False,False,True,False,True,False,False,False,False,False,True,False
175000,0.7249475585062437,13,1.8730251496271844,-0.2031731140504873,False,False,False,True,True,False,True,True,False,False,False,False,False,True
250000,0.9554544964015619,7,0.22641758268964243,0.8390661670286645,True,False,False,False,True,False,True,True,False,False,False,False,False,False
70000,0.8563365131065751,7,1.6377954972075355,-0.03361114446205437,False,False,False,True,True,False,True,False,False,False,False,False,False,False
430999,-1.2574121073934923,7,-0.9497306794086018,-1.1817199946192467,False,False,False,True,False,False,True,False,False,False,False,False,False,False
80000,0.0334267448202893,1,0.6968768875289402,-0.30353689667292405,False,False,False,True,True,False,True,False,False,False,False,False,False,False
335000,-0.9347023943400469,7,-1.4201899842478996,-0.30353689667292405,False,False,False,True,False,False,True,False,False,False,False,False,False,False
350000,-0.40453643718081517,7,-0.9497306794086018,0.21082748926706474,False,False,False,True,False,False,True,False,False,False,False,False,False,False
315000,-0.2892829682331561,7,-1.1849603318282507,0.7001009295514444,False,False,False,True,False,False,True,False,False,False,False,False,False,False
1100000,-0.7733475378133242,14,-1.4201899842478996,0.047736342505604754,True,False,False,False,True,False,False,False,False,False,False,False,True,False
80000,-1.0269051694981741,7,1.8730251496271844,-1.3473202359462675,False,False,False,True,True,False,True,False,False,False,False,False,False,False
285000,-0.10487741791690158,7,-0.24404172214965525,0.043174352386403124,False,False,False,True,False,False,True,False,True,False,False,False,False,False
100000,1.18596143429688,12,0.9321065399485889,0.5495552556177892,True,False,False,False,True,False,True,False,False,False,True,False,False,False
225000,-0.7251485370994132,7,0.4616472351092913,-0.9109313402622962,False,False,False,True,True,False,True,False,False,False,False,False,False,False
2675000,0.26393368271560746,9,-0.9497306794086018,1.3022836252860654,True,False,False,False,True,False,False,False,False,False,False,True,False,False
320000,-0.6834498320341501,7,-1.1849603318282507,-0.03542222023870005,False,False,False,True,True,False,True,False,False,False,True,False,False,False
1249000,-0.19708019307502883,5,-0.7145010269889529,0.2986457990616971,True,False,False,False,True,False,True,False,False,False,True,False,True,False
120000,0.9554544964015619,7,1.167336192368238,0.23960827987202835,False,False,False,True,True,False,True,False,False,False,True,False,False,False
200000,0.7249475585062437,14,0.4616472351092913,0.442022631379464,True,False,False,False,True,False,True,False,True,False,False,False,True,False
1151000,0.3791871516632665,5,-0.7145010269889529,1.135010654248671,True,False,False,False,True,False,True,False,False,False,False,False,True,False
120000,1.6469753100875162,12,0.22641758268964243,1.533892354414766,True,False,False,False,True,False,True,False,False,False,False,False,False,False
220000,-1.1191079446563015,10,-0.9497306794086018,-0.9559014837187637,False,False,False,True,True,False,True,False,False,False,False,False,True,False
784000,-0.6580940688656651,6,-1.1849603318282507,0.011892134426163232,True,False,False,False,True,False,True,False,False,False,False,False,True,False
500000,-0.42758713097034695,4,-0.9497306794086018,0.17319107078365092,False,False,False,True,True,False,True,False,False,False,False,False,True,False
350000,-1.1191079446563015,5,-1.1849603318282507,-0.8483688594804384,False,False,False,True,True,False,True,False,False,False,False,False,True,False
1400000,-0.42758713097034695,6,-1.1849603318282507,0.442022631379464,True,False,False,False,True,False,False,False,False,False,False,False,True,False
600000,0.7249475585062437,6,-0.24404172214965525,1.0285642181339647,True,False,False,False,True,False,True,False,True,False,False,False,True,False
525000,-1.3634452988253387,5,-1.4201899842478996,-1.2369200750615867,False,False,False,True,True,False,True,False,False,False,False,False,True,False
930000,-1.303513494972556,3,-0.9497306794086018,-1.2569928315860743,True,False,False,False,True,False,True,False,False,False,False,False,True,False
440000,-1.255107038014539,7,-0.9497306794086018,-1.1779563527709052,False,False,False,False,False,False,True,False,False,False,False,False,False,False
434999,-1.0960572508667696,7,-0.7145010269889529,-1.006083375029982,False,False,False,True,False,False,True,False,False,False,False,False,False,False
250000,-0.9347023943400469,5,0.4616472351092913,-1.106447157652419,False,False,False,True,False,False,True,False,False,False,False,False,True,False
940000,-0.7733475378133242,7,-0.9497306794086018,-0.3913552064675564,True,False,False,False,False,False,True,False,False,False,False,False,False,False
1050000,-0.8655503129714515,5,-0.9497306794086018,-0.5419008804012116,True,False,False,False,False,False,False,False,False,False,False,False,True,False
825000,-0.24318158065409246,7,-0.7145010269889529,0.23173661064673906,True,False,False,False,False,False,True,False,False,False,False,False,False,False
229999,-1.0038544757086423,7,0.22641758268964243,-1.1296080305652891,False,False,False,True,True,False,True,False,False,False,False,False,False,False
375000,0.07952813239935293,5,0.4616472351092913,-0.16016006435515712,False,False,False,True,False,False,True,False,False,False,False,False,True,False
640000,0.47138992682139375,7,-0.008812069730006403,0.52446430996218,True,False,False,False,False,False,True,False,False,False,False,False,False,False
800000,2.1079891858781528,13,0.22641758268964243,1.9971098126721671,True,False,False,False,False,False,True,False,False,False,False,False,False,True
130000,-0.8886010067609833,3,0.22641758268964243,-1.0138036660009389,False,False,False,True,True,False,True,False,False,False,True,False,True,False
300000,-0.7144530151810704,5,-0.24404172214965525,-0.6806766198273266,False,False,False,True,False,False,True,False,False,False,False,False,True,False
440000,-1.2574121073934923,7,-1.1849603318282507,-1.106447157652419,False,False,False,True,False,False,True,False,False,False,False,False,False,False
595000,-0.275452551959437,7,-0.24404172214965525,-0.15937800890615134,False,False,False,False,False,False,True,False,False,False,False,False,False,False
450000,0.9554544964015619,6,-0.008812069730006403,1.0513741687299731,True,False,False,False,True,False,True,False,False,False,False,False,True,False
690000,-0.42758713097034695,7,-0.9497306794086018,0.17319107078365092,True,False,False,False,True,False,True,False,False,False,False,False,False,False
300000,-1.4648683514992786,7,-1.4201899842478996,-1.457720396830948,False,False,False,True,True,False,True,False,False,False,False,False,False,False
170000,0.7249475585062437,1,-0.24404172214965525,1.0285642181339647,False,False,False,True,True,False,True,False,True,False,False,False,False,False
280000,1.18596143429688,13,0.22641758268964243,1.070674896157365,True,False,False,False,True,False,True,False,False,False,False,False,False,True
220000,-0.022355934150377687,7,0.9321065399485889,-0.43689527283248714,False,False,False,True,True,False,True,False,True,False,False,False,False,False
140000,0.7249475585062437,5,0.9321065399485889,0.17319107078365092,False,False,False,True,True,False,True,False,False,False,True,False,True,False
45000,-0.19708019307502883,7,2.108254802046833,-0.8483688594804384,False,False,False,True,True,False,True,False,False,False,False,False,False,False
200000,1.301214903244539,3,-0.24404172214965525,1.7128627360142163,True,False,False,False,True,False,True,False,True,False,False,False,True,False
325000,1.18596143429688,6,1.167336192368238,0.4167208374410345,True,False,False,False,True,False,True,False,True,False,False,False,True,False
300000,1.4164683721921982,5,0.6968768875289402,0.9008284947963179,True,False,False,False,True,False,True,False,True,False,False,False,True,False
120000,3.563834124514915,7,0.9321065399485889,2.4908116118574846,False,False,False,True,True,False,True,False,True,False,False,False,False,False
280000,-0.6580940688656651,6,-0.4792713745693041,-0.5042644619177978,True,False,False,False,True,False,True,False,False,False,False,False,True,False
225000,0.2178322951365438,8,-0.008812069730006403,0.24846390775047855,True,False,False,False,False,False,True,False,False,False,False,False,True,False
750000,-0.46820245342750205,3,-0.4792713745693041,-0.25622540954470735,False,False,False,True,False,True,False,False,False,False,False,False,True,False
535000,-0.6957819532115497,5,-0.7145010269889529,-0.42514434661711026,False,False,False,True,False,False,True,False,False,False,False,False,True,False
1250000,-1.0345118984487196,6,-0.7145010269889529,-0.9167596084960133,True,False,False,False,False,True,True,False,False,False,False,False,True,False
650000,-0.43141354613940924,7,-0.9497306794086018,0.1669434253154042,False,False,False,True,False,True,True,False,False,False,False,False,False,False
295000,-0.25809537953591954,4,-0.008812069730006403,-0.2695888472008848,False,False,False,True,False,True,True,False,False,False,False,False,True,False
480000,-0.005575029071598527,7,-0.4792713745693041,0.3480649256249849,True,False,False,False,False,True,True,False,False,False,False,False,False,False
575000,-0.12239594519694576,4,-0.4792713745693041,0.1954718305258319,True,False,False,False,False,True,True,False,False,False,False,False,True,False
426000,-1.5570711266574058,12,-1.6554196366675484,-1.648411583813578,True,False,False,False,True,False,True,False,False,False,False,False,False,False
295000,0.4944406206109256,6,-0.4792713745693041,1.001192277418755,True,False,False,False,True,False,True,False,False,False,True,False,True,False
330000,0.7249475585062437,6,0.4616472351092913,0.442022631379464,True,False,False,False,True,False,True,False,True,False,False,False,True,False
150000,0.26393368271560746,7,0.9321065399485889,-0.2031731140504873,False,False,False,True,True,False,True,False,False,False,False,False,False,False
927999,0.4944406206109256,5,-0.7145010269889529,1.3022836252860654,True,False,False,False,True,False,True,False,False,False,False,False,True,False
70000,-0.19708019307502883,7,2.343484454466482,-0.8874716319307385,False,False,False,True,True,False,True,True,False,False,False,False,False,False
399000,-0.3123336620226879,5,-0.4792713745693041,-0.05262744011683201,True,False,False,False,False,False,True,False,False,False,False,False,True,False
350000,0.4944406206109256,7,-0.4792713745693041,1.001192277418755,True,False,False,False,True,False,True,False,False,False,False,False,False,False
125000,-0.42758713097034695,6,1.6377954972075355,-0.9162842011046438,True,False,False,False,True,False,True,False,True,False,False,False,True,False
150000,0.4944406206109256,5,1.167336192368238,-0.11461683526598422,False,False,False,True,True,False,True,False,True,False,False,False,True,False
250000,-1.0038544757086423,5,-0.4792713745693041,-0.9559014837187637,False,False,False,True,True,False,True,False,False,False,False,False,True,False
675000,-0.17402949928549702,5,-0.24404172214965525,-0.038941469759227104,True,False,False,False,False,False,True,False,False,False,False,False,True,False
950000,-0.8886010067609833,7,-1.1849603318282507,-0.4182383625271378,True,False,False,False,True,False,True,False,False,False,False,False,False,False
409999,-0.542840599918006,7,-1.1849603318282507,0.22695738290281348,False,False,False,False,True,False,True,False,False,False,False,False,False,False
225000,-0.19708019307502883,2,0.4616472351092913,-0.4182383625271378,True,False,False,False,True,False,True,False,False,False,False,False,False,False
350000,0.14868021376794838,4,1.167336192368238,-0.38028567161949345,False,False,False,True,True,False,True,False,True,False,False,False,True,False
51111,1.6469753100875162,12,1.8730251496271844,0.39900958168413386,False,False,False,True,True,False,True,False,False,False,True,False,False,False
290000,-0.2892829682331561,1,-0.008812069730006403,-0.30353689667292405,True,False,False,False,False,False,True,False,False,False,False,False,False,False
310000,-0.1509788054959652,13,1.6377954972075355,-0.7261212445568688,False,True,False,False,False,False,False,False,True,False,False,False,False,True
212000,-0.24318158065409246,5,1.4025658447878866,-0.7384466213701505,True,False,False,False,False,False,True,False,True,False,False,False,True,False
900000,-0.4506378247598788,11,-0.008812069730006403,-0.47917351626218857,True,False,False,False,False,False,False,False,True,False,False,False,True,False
221000,-0.2892829682331561,1,0.4616472351092913,-0.5042644619177978,True,False,False,False,False,False,True,False,True,False,False,False,False,False
675000,0.10257882618888474,13,-0.008812069730006403,0.1230091794724324,True,False,False,False,False,False,True,False,False,False,False,False,False,True
421000,0.010376051030757488,4,-0.24404172214965525,0.1800340559624535,True,False,False,False,False,False,True,False,False,False,False,False,True,False
350000,-1.3496148825516194,7,1.167336192368238,-1.5315172958180339,False,False,False,True,True,False,True,False,False,False,False,False,False,False
140000,0.9554544964015619,5,0.6968768875289402,0.4993733643065706,False,False,False,False,True,False,True,False,False,False,False,False,True,False
90000,1.0937586591387527,11,2.578714106886131,-0.1900821858823434,True,False,False,False,True,False,True,False,True,False,False,False,True,False
830000,-0.6580940688656651,4,-1.1849603318282507,0.011892134426163232,True,False,False,False,True,False,True,False,False,False,False,False,True,False
180000,-0.8886010067609833,7,0.9321065399485889,-1.1440835761358328,False,False,False,True,True,False,True,False,False,False,False,False,False,False
210000,0.93240380261203,7,0.9321065399485889,0.3425549539590131,True,False,False,False,True,False,True,False,True,False,False,False,False,False
700000,0.4944406206109256,7,-0.9497306794086018,1.6786478101202038,True,False,False,False,True,False,True,False,False,False,False,False,False,False
125000,1.18596143429688,12,0.22641758268964243,1.070674896157365,True,False,False,False,True,False,True,False,False,False,False,False,False,False
530000,-0.08376298240569044,5,-0.9497306794086018,0.7345758888822514,False,False,False,True,True,False,True,False,False,False,False,False,True,False
800000,-0.7235349885341459,3,-1.1849603318282507,-0.11022191365887911,True,False,False,False,False,False,True,False,False,False,False,False,True,False
580000,-1.2343614136039605,7,-0.7145010269889529,-1.2068109402748557,False,False,False,True,True,False,True,False,False,False,False,False,False,False
1400000,1.1398600467178164,0,0.22641758268964243,1.0243531503316248,True,False,False,False,True,False,False,False,True,False,False,True,False,False
300000,-0.4079479398616659,10,-1.1849603318282507,0.47866974971988513,False,False,False,True,True,False,True,False,False,False,False,False,True,False
300000,-0.8886010067609833,10,-0.7145010269889529,-0.7049920271626715,False,False,False,True,True,False,True,False,False,False,False,False,True,False
700000,0.194781601347012,7,-0.4792713745693041,0.6097735251912513,True,False,False,False,True,False,True,False,False,False,False,False,False,False
250000,0.0334267448202893,8,0.22641758268964243,-0.08736874948613703,False,False,False,True,True,False,True,False,False,False,True,False,True,False
500000,1.18596143429688,1,-0.7145010269889529,2.3059214515104345,True,False,False,False,True,False,True,False,False,False,False,False,False,False
428000,-0.6580940688656651,4,0.9321065399485889,-0.9559014837187637,False,False,False,True,True,False,False,False,False,False,True,False,True,False
1400000,-0.8194489253923878,12,-1.4201899842478996,-0.05262744011683201,True,False,False,False,True,False,True,False,False,False,False,False,False,False
219000,-0.3469097027069856,5,-0.008812069730006403,-0.3662642608119473,False,False,False,True,True,False,True,False,False,False,True,False,True,False
500000,-0.6580940688656651,7,-0.9497306794086018,-0.2031731140504873,True,False,False,False,True,False,True,False,False,False,False,False,False,False
409999,-0.19708019307502883,4,0.6968768875289402,-0.5042644619177978,False,False,False,True,True,False,True,False,False,False,False,False,True,False
570000,-1.4648683514992786,12,-1.1849603318282507,-1.4935646049103897,False,False,False,True,True,False,True,False,False,False,False,False,False,False
160000,0.26393368271560746,7,1.4025658447878866,-0.37044608508788207,False,False,False,True,True,False,True,False,False,False,True,False,False,False
749000,-0.39301109028604925,7,-0.9497306794086018,0.22964569850877165,True,False,False,False,True,False,True,False,True,False,False,False,False,False
300000,1.18596143429688,7,0.6968768875289402,0.7001009295514444,True,False,False,False,True,False,True,False,False,False,True,False,False,False
550000,0.2593235439577011,3,-0.24404172214965525,0.47565101568672213,True,False,False,False,False,False,True,False,False,False,False,False,True,False
550000,0.6557954771376483,3,-0.4792713745693041,1.2119562209258723,True,False,False,False,False,False,True,False,True,False,False,False,True,False
1250000,-1.4282177483739231,3,-1.4201899842478996,-1.3779311896461108,True,False,False,False,False,False,True,False,False,False,False,False,True,False
700000,-0.42857831080329684,3,-0.9497306794086018,0.17157270478886413,True,False,False,False,False,False,True,False,False,False,False,False,True,False
600000,-0.5835250744565297,3,-0.9497306794086018,-0.08141930025664358,True,False,False,False,False,False,True,False,False,False,False,False,True,False
925000,-0.41147469601146425,3,-1.1849603318282507,0.4720887531164995,True,False,False,False,False,False,True,False,False,False,False,False,True,False
1800000,1.3242655970340709,3,-0.7145010269889529,2.506649016755308,True,False,False,False,False,False,False,False,False,False,False,False,True,False
459999,1.6638023165538744,3,-0.4792713745693041,2.528628685149622,True,False,False,False,False,False,True,False,True,False,False,False,True,False
565000,-0.5197899061284742,5,-0.4792713745693041,-0.32360965319741153,False,False,False,True,True,False,True,False,False,False,False,False,True,False
170000,0.26393368271560746,5,-0.008812069730006403,0.2986457990616971,False,False,False,True,True,False,True,False,False,False,True,False,True,False
150000,3.563834124514915,13,2.8139437593057797,1.0909977901093098,True,False,False,False,False,False,True,False,False,False,False,False,False,True
295000,1.18596143429688,6,1.167336192368238,0.4167208374410345,True,False,False,False,True,False,True,False,False,False,False,False,True,False
819999,-0.6580940688656651,5,-1.1849603318282507,0.011892134426163232,True,False,False,False,True,False,True,False,False,False,False,False,True,False
819999,-0.6580940688656651,5,-1.4201899842478996,0.2986457990616971,True,False,False,False,True,False,True,False,False,False,False,False,True,False
320000,-0.6580940688656651,7,-0.4792713745693041,-0.5042644619177978,False,False,False,True,True,False,True,False,False,False,False,False,False,False
550000,1.5317218411398572,3,-0.4792713745693041,2.3561033428216525,True,False,False,False,True,False,True,False,True,False,False,False,True,False
550000,-0.42758713097034695,6,-0.4792713745693041,-0.2031731140504873,True,False,False,False,True,False,True,False,False,False,False,False,True,False
590000,0.6788461709271801,14,-0.9497306794086018,1.9797391579875143,True,False,False,False,True,False,True,False,False,False,False,False,True,False
950000,-0.42758713097034695,4,-0.9497306794086018,0.17319107078365092,True,False,False,False,True,False,True,False,False,False,False,False,True,False
1000000,-0.8886010067609833,4,-0.9497306794086018,-0.5795372988846255,True,False,False,False,True,False,True,False,False,False,False,False,True,False
500000,1.18596143429688,8,-0.008812069730006403,1.3022836252860654,True,False,False,False,True,False,True,False,False,False,False,False,True,False
450000,0.0334267448202893,2,-0.9497306794086018,0.9259194404519273,True,False,False,False,True,False,True,False,False,False,False,False,False,False
720000,-0.7733475378133242,7,-0.9497306794086018,-0.3913552064675564,True,False,False,False,True,False,True,False,False,False,False,False,False,False
390000,0.0334267448202893,7,-0.4792713745693041,0.39900958168413386,True,False,False,False,True,False,True,False,True,False,False,False,False,False
500000,-0.7733475378133242,6,-0.24404172214965525,-0.7506119283546883,True,False,False,False,True,False,True,False,False,False,False,False,True,False
2500000,0.0334267448202893,13,-0.7145010269889529,0.6331917411364864,False,False,False,True,True,False,False,False,True,False,False,False,False,True
780000,-0.42758713097034695,5,-0.9497306794086018,0.17319107078365092,True,False,False,False,True,False,True,False,False,False,False,False,True,False
484999,0.4944406206109256,7,-0.4792713745693041,1.001192277418755,True,False,False,False,True,False,True,False,True,False,False,False,False,False
420000,0.4944406206109256,14,0.22641758268964243,0.37584870877126375,True,False,False,False,True,False,True,False,True,False,False,False,True,False
1225000,0.0334267448202893,6,-0.4792713745693041,0.39900958168413386,True,False,False,False,True,False,True,False,False,False,False,False,True,False
350000,-0.42758713097034695,12,-0.4792713745693041,-0.2031731140504873,True,False,False,False,True,False,True,False,True,False,False,False,False,False
350000,1.18596143429688,6,-0.4792713745693041,1.9044663210206867,True,False,False,False,True,False,True,False,False,False,True,False,True,False
800000,3.563834124514915,13,0.4616472351092913,3.0907318211781303,True,False,False,False,True,False,True,False,False,False,False,False,False,True
125000,0.0334267448202893,5,2.108254802046833,-0.7049920271626715,False,False,False,True,True,False,False,False,True,False,False,False,True,False
75000,0.7249475585062437,12,0.6968768875289402,0.2986457990616971,True,False,False,False,True,False,True,False,False,False,True,False,False,False
509999,-1.2343614136039605,6,-1.1849603318282507,-1.063434107957089,False,False,False,True,True,False,True,False,False,False,False,False,True,False
215000,0.26393368271560746,12,-0.24404172214965525,0.48112540382976404,True,False,False,False,True,False,True,False,False,False,True,False,False,False
480000,0.7479982522957755,7,-0.24404172214965525,1.0559361588491751,True,False,False,False,False,False,True,False,False,False,False,False,False,False
630000,-0.3123336620226879,7,-0.7145010269889529,0.13137282802430228,True,False,False,False,False,False,True,False,False,False,False,False,False,False
190000,1.0707079653492209,4,1.4025658447878866,0.21500931354299954,False,False,False,True,False,False,True,False,True,False,False,False,True,False
500000,0.7249475585062437,7,-0.4792713745693041,1.3022836252860654,True,False,False,False,False,False,True,False,False,False,False,False,False,False
850000,-0.3814857433912833,14,-0.24404172214965525,-0.2852889361961175,True,False,False,False,False,False,True,False,True,False,False,False,True,False
350000,0.8402010274539028,7,0.4616472351092913,0.5495552556177892,True,False,False,False,False,False,True,False,False,False,False,False,False,False
425000,2.3384961237734707,10,-0.008812069730006403,2.5568309080665257,True,False,False,False,False,False,True,False,False,False,False,False,True,False
495000,0.8402010274539028,7,-0.4792713745693041,1.4528292992197207,True,False,False,False,False,False,True,False,False,False,False,False,False,False
890000,-0.19708019307502883,7,-0.9497306794086018,0.5495552556177892,True,False,False,False,True,False,True,False,True,False,False,False,False,False
1100000,-1.0038544757086423,5,-1.1849603318282507,-0.6333036110037881,True,False,False,False,True,False,False,False,True,False,False,False,True,False
650000,3.4449294256709977,6,-0.24404172214965525,4.258453222528752,True,False,False,False,True,False,True,False,True,False,False,False,True,False
233000,-0.24318158065409246,3,0.9321065399485889,-0.6171737173680393,False,False,False,True,True,False,True,False,False,False,True,False,True,False
300000,0.9554544964015619,12,-0.4792713745693041,1.6033749731533762,True,False,False,False,True,False,True,False,True,False,False,False,False,False
614000,-1.5570711266574058,4,-1.6554196366675484,-1.648411583813578,False,False,False,True,True,False,True,False,False,False,False,False,True,False
250000,0.7249475585062437,5,0.6968768875289402,0.2986457990616971,False,False,False,True,True,False,True,False,True,False,False,False,True,False
250000,0.9554544964015619,5,0.6968768875289402,0.4993733643065706,False,False,False,True,True,False,True,False,True,False,False,False,True,False
200000,-0.6580940688656651,7,0.4616472351092913,-0.8483688594804384,False,False,False,True,True,False,True,False,False,False,False,False,False,False
290000,-0.3814857433912833,7,-0.008812069730006403,-0.4039006792953611,False,False,False,True,True,False,True,False,False,False,False,False,False,False
320000,0.26393368271560746,7,-0.008812069730006403,0.2986457990616971,False,False,False,True,True,False,True,False,True,False,False,False,False,False
145000,-0.3814857433912833,5,1.6377954972075355,-0.884590375013348,False,False,False,True,True,False,True,False,True,False,False,False,True,False
100000,1.2781642094550072,7,1.8730251496271844,0.1581365033902854,False,False,False,True,True,False,True,False,True,False,False,False,False,False
130000,3.2605238753547434,2,0.6968768875289402,2.506649016755308,True,False,False,False,True,False,True,False,True,False,False,False,False,False
145000,-0.05877603033783795,5,1.6377954972075355,-0.6627335923742771,False,False,False,True,True,False,False,False,True,False,False,False,True,False
110000,1.18596143429688,7,1.167336192368238,0.4167208374410345,False,False,False,True,True,False,True,False,False,False,True,False,False,False
680000,-0.6580940688656651,7,-1.4201899842478996,0.2986457990616971,True,False,False,False,True,False,True,False,False,False,False,False,False,False
37500,0.4944406206109256,7,2.108254802046833,-0.4182383625271378,False,False,False,True,True,False,True,False,True,False,False,False,False,False
200000,1.18596143429688,7,0.4616472351092913,0.8721531283327645,True,False,False,False,True,False,True,False,True,False,False,False,False,False
1000000,-1.2343614136039605,7,-1.4201899842478996,-0.9559014837187637,True,False,False,False,True,False,True,False,False,False,False,False,False,False
2675000,-1.3496148825516194,3,-1.4201899842478996,-1.2068109402748557,True,False,False,False,True,False,False,False,False,False,False,False,True,False
470000,2.3384961237734707,7,-0.4792713745693041,3.4099230603572397,True,False,False,False,True,False,True,False,False,False,False,False,False,False
415000,-1.1191079446563015,7,-0.9497306794086018,-0.9559014837187637,False,False,False,True,True,False,True,False,False,False,False,False,False,False
500000,0.3100350702946711,8,-0.24404172214965525,0.5358692852601842,True,False,False,False,True,False,True,False,False,False,False,False,True,False
150000,-0.19708019307502883,1,-0.008812069730006403,-0.2031731140504873,False,False,False,True,True,False,True,False,True,False,False,False,False,False
95000,-0.42758713097034695,7,1.8730251496271844,-0.9559014837187637,False,False,False,True,True,False,True,False,True,False,False,False,False,False
400000,0.0334267448202893,7,0.22641758268964243,-0.08736874948613703,True,False,False,False,True,False,True,False,False,False,False,False,False,False
114999,-0.040750387794424074,7,1.167336192368238,-0.5258367714297028,False,False,False,True,True,False,True,False,True,False,False,False,False,False
75000,1.4164683721921982,7,1.6377954972075355,0.35146884254719013,False,False,False,True,True,False,True,False,False,False,False,False,False,False
500000,1.18596143429688,5,-0.008812069730006403,1.3022836252860654,True,False,False,False,True,False,True,False,False,False,False,False,True,False
195000,0.14868021376794838,7,-0.24404172214965525,0.34426570025371367,False,False,False,True,True,False,True,False,True,False,False,False,False,False
155000,-0.6580940688656651,7,-0.4792713745693041,-0.5042644619177978,False,False,False,True,True,False,True,False,False,False,False,False,False,False
65000,0.4944406206109256,7,3.0491734117254286,-0.624701001064722,False,False,False,True,True,False,True,False,True,False,False,False,False,False
65000,1.8774822479828344,4,1.8730251496271844,0.5495552556177892,False,False,False,True,True,False,True,False,False,False,True,False,True,False
190000,-0.19708019307502883,12,-0.4792713745693041,0.09791823381682327,False,False,False,True,True,False,True,False,True,False,False,False,False,False
200000,1.0061199213509529,6,0.22641758268964243,0.889973765691153,True,False,False,False,True,False,True,False,True,False,False,False,True,False
160000,-0.19708019307502883,12,0.6968768875289402,-0.5042644619177978,False,False,False,True,True,False,True,False,True,False,False,False,False,False
150000,1.4164683721921982,12,0.6968768875289402,0.9008284947963179,True,False,False,False,True,False,True,False,True,False,False,False,False,False
530000,2.4537495927211297,3,-0.4792713745693041,3.560468734290895,True,False,False,False,True,False,True,False,False,False,True,False,True,False
750000,1.18596143429688,6,-0.4792713745693041,1.9044663210206867,True,False,False,False,True,False,True,False,False,False,False,False,True,False
225000,0.4944406206109256,7,0.22641758268964243,0.37584870877126375,True,False,False,False,True,False,True,False,True,False,False,False,False,False
600000,2.3384961237734707,13,0.22641758268964243,2.228718541800867,True,False,False,False,True,False,True,False,False,False,False,False,False,True
409999,0.26393368271560746,5,-0.24404172214965525,0.48112540382976404,True,False,False,False,True,False,True,False,True,False,False,False,True,False
409999,0.26393368271560746,5,-0.24404172214965525,0.48112540382976404,True,False,False,False,True,False,True,False,True,False,False,False,True,False
110000,0.3330857640842029,7,0.9321065399485889,-0.14671848632536655,False,False,False,True,True,False,True,False,True,False,False,False,False,False
865000,0.4944406206109256,5,-0.7145010269889529,1.3022836252860654,True,False,False,False,True,False,True,False,False,False,False,False,True,False
225000,-0.6580940688656651,10,-0.7145010269889529,-0.37044608508788207,False,False,False,True,True,False,True,False,False,False,False,False,True,False
